#include "ParametricEQData.h"
#include <cmath>
#include <cstring>
#include <algorithm>

static const unsigned char earwarePresetsBlob[] = {
    0xcd, 0xcc, 0xbc, 0xc0, 0x01, 0x00, 0x00, 0xd2, 0x42, 0x9a, 0x99, 0x19,
    0x3f, 0x33, 0x33, 0x33, 0x3f, 0x00, 0x00, 0x00, 0xfe, 0x42, 0x66, 0x66,
    0x66, 0xc0, 0x3d, 0x0a, 0x57, 0x3e, 0x00, 0x00, 0x00, 0x1b, 0x44, 0xcd,
    0xcc, 0xac, 0x40, 0x14, 0xae, 0x87, 0x3f, 0x00, 0x00, 0xa0, 0x99, 0x44,
    0x00, 0x00, 0xb0, 0xc0, 0x66, 0x66, 0x66, 0x3f, 0x00, 0x00, 0x50, 0x07,
    0x46, 0x9a, 0x99, 0x89, 0x40, 0xec, 0x51, 0x38, 0x3e, 0x02, 0x00, 0x40,
    0x1c, 0x46, 0xcd, 0xcc, 0x0c, 0x40, 0x33, 0x33, 0x33, 0x3f, 0x00, 0x00,
    0xa0, 0x8e, 0x45, 0x33, 0x33, 0x13, 0xc0, 0xec, 0x51, 0x58, 0x40, 0x00,
    0x00, 0xc0, 0x56, 0x45, 0x33, 0x33, 0xf3, 0x3f, 0x00, 0x00, 0xc0, 0x40,
    0x00, 0x00, 0xa0, 0xe5, 0x44, 0x33, 0x33, 0xf3, 0xbf, 0xcd, 0xcc, 0xbc,
    0x40, 0x00, 0x00, 0x10, 0x16, 0x45, 0x33, 0x33, 0xb3, 0x3f, 0xa4, 0x70,
    0x8d, 0x40, 0x9a, 0x99, 0x39, 0xc0, 0x01, 0x00, 0x00, 0xd2, 0x42, 0x9a,
    0x99, 0x19, 0xc0, 0x33, 0x33, 0x33, 0x3f, 0x00, 0x00, 0x80, 0x9f, 0x43,
    0xcd, 0xcc, 0x8c, 0xc0, 0xec, 0x51, 0x38, 0x3e, 0x00, 0x00, 0x80, 0xab,
    0x43, 0x66, 0x66, 0xe6, 0x40, 0x1f, 0x85, 0x8b, 0x3f, 0x00, 0x00, 0x2c,
    0x08, 0x46, 0x33, 0x33, 0x33, 0x40, 0xf6, 0x28, 0x4c, 0x40, 0x00, 0x00,
    0xc0, 0xf6, 0x44, 0x33, 0x33, 0x83, 0x40, 0x8f, 0xc2, 0x95, 0x3f, 0x02,
    0x00, 0x40, 0x1c, 0x46, 0x9a, 0x99, 0x99, 0xbe, 0x33, 0x33, 0x33, 0x3f,
    0x00, 0x00, 0x78, 0xbd, 0x45, 0x66, 0x66, 0x26, 0xc0, 0xb8, 0x1e, 0x9d,
    0x40, 0x00, 0x00, 0x00, 0x3c, 0x42, 0xcd, 0xcc, 0xcc, 0xbe, 0x0a, 0xd7,
    0xc3, 0x3f, 0x00, 0x00, 0xb0, 0xe9, 0x45, 0x33, 0x33, 0xb3, 0x3f, 0x00,
    0x00, 0xc0, 0x40, 0x00, 0x00, 0x00, 0xa0, 0x42, 0x33, 0x33, 0x33, 0x3f,
    0xe1, 0x7a, 0x54, 0x40, 0x66, 0x66, 0xc6, 0xc0, 0x01, 0x00, 0x00, 0xd2,
    0x42, 0x66, 0x66, 0xc6, 0x40, 0x33, 0x33, 0x33, 0x3f, 0x00, 0x00, 0x00,
    0x34, 0x43, 0x00, 0x00, 0x80, 0xc0, 0x29, 0x5c, 0x0f, 0x3f, 0x00, 0x00,
    0xa0, 0x82, 0x45, 0x33, 0x33, 0xb3, 0x40, 0x48, 0xe1, 0x4a, 0x40, 0x00,
    0x00, 0xa0, 0xc8, 0x44, 0x66, 0x66, 0x96, 0x40, 0x0a, 0xd7, 0x43, 0x40,
    0x00, 0x00, 0x00, 0x60, 0x42, 0x00, 0x00, 0xc0, 0x3f, 0xd7, 0xa3, 0xf0,
    0x3f, 0x02, 0x00, 0x40, 0x1c, 0x46, 0x9a, 0x99, 0x99, 0x3f, 0x33, 0x33,
    0x33, 0x3f, 0x00, 0x00, 0x70, 0x2f, 0x45, 0xcd, 0xcc, 0x2c, 0xc0, 0x0a,
    0xd7, 0x73, 0x40, 0x00, 0x00, 0xb0, 0xd0, 0x45, 0x9a, 0x99, 0x19, 0xc0,
    0x00, 0x00, 0xc0, 0x40, 0x00, 0x00, 0x00, 0x5a, 0x45, 0x00, 0x00, 0x20,
    0x40, 0x00, 0x00, 0xc0, 0x40, 0x00, 0x00, 0x80, 0x0b, 0x44, 0x00, 0x00,
    0xc0, 0x3f, 0x00, 0x00, 0xc0, 0x40, 0x66, 0x66, 0xc6, 0xc0, 0x01, 0x00,
    0x00, 0xd2, 0x42, 0x66, 0x66, 0xc6, 0x40, 0x33, 0x33, 0x33, 0x3f, 0x00,
    0x00, 0x00, 0xca, 0x42, 0x9a, 0x99, 0xb9, 0xc0, 0x66, 0x66, 0xa6, 0x3f,
    0x00, 0x00, 0x40, 0x51, 0x45, 0x00, 0x00, 0xb0, 0x40, 0x29, 0x5c, 0x5f,
    0x40, 0x00, 0x00, 0xa0, 0x9e, 0x44, 0x00, 0x00, 0x60, 0x40, 0x8f, 0xc2,
    0x75, 0x3f, 0x00, 0x00, 0x00, 0x61, 0x43, 0xcd, 0xcc, 0x6c, 0xc0, 0xb8,
    0x1e, 0x85, 0x3f, 0x02, 0x00, 0x40, 0x1c, 0x46, 0xcd, 0xcc, 0x8c, 0x40,
    0x33, 0x33, 0x33, 0x3f, 0x00, 0x00, 0xd0, 0xcc, 0x45, 0x33, 0x33, 0x93,
    0xc0, 0xa4, 0x70, 0x95, 0x40, 0x00, 0x00, 0xa8, 0x0e, 0x46, 0x33, 0x33,
    0x13, 0xc0, 0x8f, 0xc2, 0x15, 0x40, 0x00, 0x00, 0x38, 0x80, 0x45, 0x33,
    0x33, 0x13, 0x40, 0xa4, 0x70, 0xbd, 0x40, 0x00, 0x00, 0x88, 0x8e, 0x45,
    0x66, 0x66, 0xe6, 0xbf, 0x00, 0x00, 0xc0, 0x40, 0x33, 0x33, 0xd3, 0xc0,
    0x01, 0x00, 0x00, 0xd2, 0x42, 0x9a, 0x99, 0xd9, 0x40, 0x33, 0x33, 0x33,
    0x3f, 0x00, 0x00, 0x00, 0xd8, 0x42, 0x9a, 0x99, 0x29, 0xc1, 0x8f, 0xc2,
    0x75, 0x3e, 0x00, 0x00, 0x20, 0xb7, 0x44, 0x9a, 0x99, 0xd9, 0x40, 0x33,
    0x33, 0xb3, 0x3f, 0x00, 0x00, 0x70, 0x5b, 0x45, 0xcd, 0xcc, 0xac, 0x40,
    0x3d, 0x0a, 0x67, 0x40, 0x00, 0x00, 0x00, 0xf4, 0x43, 0x00, 0x00, 0xa0,
    0x40, 0xf6, 0x28, 0x5c, 0x3f, 0x02, 0x00, 0x40, 0x1c, 0x46, 0xcd, 0xcc,
    0x6c, 0x40, 0x33, 0x33, 0x33, 0x3f, 0x00, 0x00, 0x08, 0xab, 0x45, 0x00,
    0x00, 0xa0, 0xc0, 0x71, 0x3d, 0xa2, 0x40, 0x00, 0x00, 0x70, 0x79, 0x45,
    0x9a, 0x99, 0xd9, 0x3f, 0x8f, 0xc2, 0xb5, 0x40, 0x00, 0x00, 0x00, 0xd4,
    0x42, 0x00, 0x00, 0x80, 0xbf, 0xf6, 0x28, 0x6c, 0x40, 0x00, 0x00, 0x00,
    0x9e, 0x42, 0xcd, 0xcc, 0x4c, 0x3f, 0x66, 0x66, 0x46, 0x40, 0x66, 0x66,
    0xc6, 0xc0, 0x01, 0x00, 0x00, 0xd2, 0x42, 0x9a, 0x99, 0xc9, 0x40, 0x33,
    0x33, 0x33, 0x3f, 0x00, 0x00, 0x00, 0x4c, 0x43, 0xcd, 0xcc, 0x4c, 0xc0,
    0xc3, 0xf5, 0xa8, 0x3e, 0x00, 0x00, 0x78, 0x83, 0x45, 0x66, 0x66, 0xa6,
    0x40, 0xe1, 0x7a, 0x44, 0x40, 0x00, 0x00, 0x20, 0xc6, 0x44, 0xcd, 0xcc,
    0xac, 0x40, 0x9a, 0x99, 0x49, 0x40, 0x00, 0x00, 0x00, 0x96, 0x42, 0x9a,
    0x99, 0x39, 0x40, 0xa4, 0x70, 0xbd, 0x3f, 0x02, 0x00, 0x40, 0x1c, 0x46,
    0x66, 0x66, 0xe6, 0x3f, 0x33, 0x33, 0x33, 0x3f, 0x00, 0x00, 0xd8, 0xc9,
    0x45, 0x33, 0x33, 0x13, 0xc0, 0x0a, 0xd7, 0x23, 0x40, 0x00, 0x00, 0xa0,
    0xa9, 0x45, 0xcd, 0xcc, 0x2c, 0x40, 0x0a, 0xd7, 0x73, 0x40, 0x00, 0x00,
    0x10, 0x28, 0x45, 0x9a, 0x99, 0xd9, 0xbf, 0xf6, 0x28, 0x94, 0x40, 0x00,
    0x00, 0xa8, 0x11, 0x46, 0x00, 0x00, 0x00, 0xc0, 0x33, 0x33, 0x23, 0x40,
    0xcd, 0xcc, 0xcc, 0xc0, 0x01, 0x00, 0x00, 0xd2, 0x42, 0x00, 0x00, 0xd0,
    0x40, 0x33, 0x33, 0x33, 0x3f, 0x00, 0x00, 0xb0, 0xb5, 0x45, 0x00, 0x00,
    0xc0, 0x40, 0xc3, 0xf5, 0x88, 0x3f, 0x00, 0x00, 0x00, 0x20, 0x43, 0x9a,
    0x99, 0x39, 0xc0, 0x14, 0xae, 0x47, 0x3f, 0x00, 0x00, 0xe0, 0x19, 0x45,
    0x00, 0x00, 0x80, 0xc0, 0x3d, 0x0a, 0x57, 0x3f, 0x00, 0x00, 0xe0, 0x88,
    0x44, 0x66, 0x66, 0xa6, 0x3f, 0xae, 0x47, 0x61, 0x3f, 0x02, 0x00, 0x40,
    0x1c, 0x46, 0x66, 0x66, 0x26, 0xc0, 0x33, 0x33, 0x33, 0x3f, 0x00, 0x00,
    0xd4, 0x0d, 0x46, 0x66, 0x66, 0xa6, 0x3f, 0x8f, 0xc2, 0x15, 0x40, 0x00,
    0x00, 0x00, 0x82, 0x42, 0x00, 0x00, 0xc0, 0x3f, 0x66, 0x66, 0x76, 0x40,
    0x00, 0x00, 0x00, 0xba, 0x42, 0x33, 0x33, 0x33, 0xbf, 0x48, 0xe1, 0x0a,
    0x40, 0x00, 0x00, 0x90, 0x44, 0x45, 0x00, 0x00, 0x80, 0xbf, 0x00, 0x00,
    0xc0, 0x40, 0x00, 0x00, 0xc0, 0xc0, 0x01, 0x00, 0x00, 0xd2, 0x42, 0x33,
    0x33, 0x53, 0x40, 0x33, 0x33, 0x33, 0x3f, 0x00, 0x00, 0x00, 0xca, 0x42,
    0x9a, 0x99, 0xd9, 0xc0, 0xec, 0x51, 0x38, 0x3f, 0x00, 0x00, 0x00, 0xd4,
    0x45, 0xcd, 0xcc, 0x4c, 0x40, 0xec, 0x51, 0x38, 0x3e, 0x00, 0x00, 0x00,
    0x60, 0x42, 0x33, 0x33, 0xd3, 0x40, 0x5c, 0x8f, 0x02, 0x40, 0x00, 0x00,
    0x80, 0x9b, 0x44, 0x00, 0x00, 0xa0, 0xc0, 0xae, 0x47, 0xe1, 0x3f, 0x02,
    0x00, 0x40, 0x1c, 0x46, 0x66, 0x66, 0xa6, 0xbf, 0x33, 0x33, 0x33, 0x3f,
    0x00, 0x00, 0xa8, 0xef, 0x45, 0x33, 0x33, 0xf3, 0x3f, 0xe1, 0x7a, 0xd4,
    0x3f, 0x00, 0x00, 0x48, 0xb2, 0x45, 0xcd, 0xcc, 0x9c, 0xc0, 0x1f, 0x85,
    0x93, 0x40, 0x00, 0x00, 0xe0, 0x84, 0x45, 0x9a, 0x99, 0x59, 0x40, 0x9a,
    0x99, 0xb1, 0x40, 0x00, 0x00, 0x60, 0x4d, 0x45, 0x33, 0x33, 0xf3, 0xbf,
    0x29, 0x5c, 0x97, 0x40, 0x00, 0x00, 0xd0, 0xc0, 0x01, 0x00, 0x00, 0xd2,
    0x42, 0x66, 0x66, 0xc6, 0x40, 0x33, 0x33, 0x33, 0x3f, 0x00, 0x00, 0x00,
    0x4b, 0x44, 0xcd, 0xcc, 0x4c, 0xc0, 0xec, 0x51, 0x38, 0x3e, 0x00, 0x00,
    0xb8, 0x8a, 0x45, 0x00, 0x00, 0x00, 0x41, 0x71, 0x3d, 0x8a, 0x3f, 0x00,
    0x00, 0x00, 0x11, 0x43, 0x33, 0x33, 0xd3, 0x40, 0xec, 0x51, 0xd8, 0x3f,
    0x00, 0x00, 0x30, 0xfe, 0x45, 0x00, 0x00, 0x90, 0xc0, 0xa4, 0x70, 0x7d,
    0x3f, 0x02, 0x00, 0x40, 0x1c, 0x46, 0x33, 0x33, 0x13, 0x40, 0x33, 0x33,
    0x33, 0x3f, 0x00, 0x00, 0x60, 0xdd, 0x44, 0x9a, 0x99, 0x59, 0xc0, 0x48,
    0xe1, 0x3a, 0x40, 0x00, 0x00, 0x80, 0x4f, 0x44, 0x33, 0x33, 0x53, 0x40,
    0x3d, 0x0a, 0x37, 0x40, 0x00, 0x00, 0x50, 0x19, 0x45, 0x00, 0x00, 0x00,
    0x40, 0xa4, 0x70, 0x3d, 0x40, 0x00, 0x00, 0x80, 0x22, 0x44, 0x9a, 0x99,
    0x39, 0xc0, 0x85, 0xeb, 0xa1, 0x40, 0x9a, 0x99, 0xc9, 0xc0, 0x01, 0x00,
    0x00, 0xd2, 0x42, 0x33, 0x33, 0xd3, 0x40, 0x33, 0x33, 0x33, 0x3f, 0x00,
    0x00, 0x00, 0x35, 0x43, 0x00, 0x00, 0x20, 0xc0, 0x52, 0xb8, 0x9e, 0x3e,
    0x00, 0x00, 0xb4, 0x00, 0x46, 0x00, 0x00, 0x80, 0x40, 0xb8, 0x1e, 0xa5,
    0x3f, 0x00, 0x00, 0x40, 0xa5, 0x44, 0xcd, 0xcc, 0x4c, 0x40, 0x0a, 0xd7,
    0x33, 0x40, 0x00, 0x00, 0x80, 0x49, 0x44, 0x00, 0x00, 0x00, 0xc0, 0x66,
    0x66, 0xc6, 0x3f, 0x02, 0x00, 0x40, 0x1c, 0x46, 0xcd, 0xcc, 0x8c, 0x3f,
    0x33, 0x33, 0x33, 0x3f, 0x00, 0x00, 0x00, 0x29, 0x45, 0xcd, 0xcc, 0x0c,
    0x40, 0x7b, 0x14, 0x86, 0x40, 0x00, 0x00, 0x80, 0xa8, 0x45, 0x66, 0x66,
    0xc6, 0xc0, 0x00, 0x00, 0xc0, 0x40, 0x00, 0x00, 0x70, 0x86, 0x45, 0x33,
    0x33, 0x13, 0x40, 0x52, 0xb8, 0x86, 0x40, 0x00, 0x00, 0x20, 0xbf, 0x45,
    0x00, 0x00, 0x20, 0x40, 0x3d, 0x0a, 0xbf, 0x40, 0x9a, 0x99, 0xb9, 0xc0,
    0x01, 0x00, 0x00, 0xd2, 0x42, 0x33, 0x33, 0x13, 0xc0, 0x33, 0x33, 0x33,
    0x3f, 0x00, 0x00, 0x00, 0x15, 0x43, 0x33, 0x33, 0x53, 0xc0, 0xf6, 0x28,
    0xbc, 0x3f, 0x00, 0x00, 0x30, 0x7b, 0x45, 0xcd, 0xcc, 0xbc, 0x40, 0x14,
    0xae, 0x37, 0x40, 0x00, 0x00, 0x00, 0x96, 0x42, 0x66, 0x66, 0xa6, 0x3f,
    0xae, 0x47, 0x01, 0x40, 0x00, 0x00, 0x00, 0x28, 0x42, 0x33, 0x33, 0xb3,
    0xbf, 0x85, 0xeb, 0xd1, 0x3f, 0x02, 0x00, 0x40, 0x1c, 0x46, 0x9a, 0x99,
    0x99, 0xbf, 0x33, 0x33, 0x33, 0x3f, 0x00, 0x00, 0x00, 0x20, 0x45, 0x00,
    0x00, 0x80, 0xbf, 0x5c, 0x8f, 0x22, 0x40, 0x00, 0x00, 0x00, 0xbd, 0x43,
    0x33, 0x33, 0x33, 0x3f, 0xb8, 0x1e, 0xe5, 0x3f, 0x00, 0x00, 0x10, 0xe5,
    0x45, 0x9a, 0x99, 0x19, 0x40, 0x7b, 0x14, 0xbe, 0x40, 0x00, 0x00, 0x40,
    0xa7, 0x44, 0x00, 0x00, 0x80, 0xbf, 0x7b, 0x14, 0x2e, 0x40, 0x33, 0x33,
    0xb3, 0xc0, 0x01, 0x00, 0x00, 0xd2, 0x42, 0xcd, 0xcc, 0x2c, 0xc0, 0x33,
    0x33, 0x33, 0x3f, 0x00, 0x00, 0x00, 0x36, 0x43, 0x33, 0x33, 0x13, 0xc0,
    0xa4, 0x70, 0x9d, 0x3f, 0x00, 0x00, 0x60, 0x7c, 0x45, 0x00, 0x00, 0xa0,
    0x40, 0x66, 0x66, 0x66, 0x40, 0x00, 0x00, 0x00, 0x86, 0x42, 0x66, 0x66,
    0x46, 0x40, 0xe1, 0x7a, 0xb4, 0x3f, 0x00, 0x00, 0x40, 0x85, 0x44, 0xcd,
    0xcc, 0x4c, 0xbf, 0xe1, 0x7a, 0x24, 0x40, 0x02, 0x00, 0x40, 0x1c, 0x46,
    0x9a, 0x99, 0x19, 0x40, 0x33, 0x33, 0x33, 0x3f, 0x00, 0x00, 0xe0, 0xad,
    0x45, 0xcd, 0xcc, 0xcc, 0xbf, 0xc3, 0xf5, 0x78, 0x40, 0x00, 0x00, 0x40,
    0x84, 0x45, 0x66, 0x66, 0x66, 0x3f, 0xc3, 0xf5, 0xa0, 0x40, 0x00, 0x00,
    0x00, 0x03, 0x44, 0x9a, 0x99, 0x99, 0x3e, 0xe1, 0x7a, 0xd4, 0x3f, 0x00,
    0x00, 0x00, 0x00, 0x45, 0x00, 0x00, 0x00, 0x3f, 0xa4, 0x70, 0x95, 0x40,
    0x9a, 0x99, 0x99, 0xc0, 0x01, 0x00, 0x00, 0xd2, 0x42, 0x9a, 0x99, 0x39,
    0xc0, 0x33, 0x33, 0x33, 0x3f, 0x00, 0x00, 0xe0, 0xb2, 0x44, 0x00, 0x00,
    0x40, 0xc0, 0x0a, 0xd7, 0x63, 0x3f, 0x00, 0x00, 0x00, 0xa4, 0x42, 0x33,
    0x33, 0x13, 0x40, 0x1f, 0x85, 0xeb, 0x3e, 0x00, 0x00, 0x50, 0x5e, 0x45,
    0x9a, 0x99, 0xa9, 0x40, 0x00, 0x00, 0x50, 0x40, 0x00, 0x00, 0x00, 0xf8,
    0x41, 0x33, 0x33, 0x33, 0xc0, 0x52, 0xb8, 0x5e, 0x3f, 0x02, 0x00, 0x40,
    0x1c, 0x46, 0xcd, 0xcc, 0xcc, 0xbd, 0x33, 0x33, 0x33, 0x3f, 0x00, 0x00,
    0x48, 0xa7, 0x45, 0x66, 0x66, 0x96, 0xc0, 0xa4, 0x70, 0x95, 0x40, 0x00,
    0x00, 0xb8, 0x82, 0x45, 0x00, 0x00, 0x00, 0x40, 0xa4, 0x70, 0xb5, 0x40,
    0x00, 0x00, 0x98, 0xd6, 0x45, 0x9a, 0x99, 0x39, 0x40, 0xa4, 0x70, 0xbd,
    0x40, 0x00, 0x00, 0x00, 0x8c, 0x42, 0x00, 0x00, 0x00, 0x3f, 0x9a, 0x99,
    0x59, 0x40, 0xcd, 0xcc, 0xdc, 0xc0, 0x01, 0x00, 0x00, 0xd2, 0x42, 0xcd,
    0xcc, 0x9c, 0xc0, 0x33, 0x33, 0x33, 0x3f, 0x00, 0x00, 0x00, 0x16, 0x43,
    0x9a, 0x99, 0x19, 0xc1, 0x9a, 0x99, 0x99, 0x3f, 0x00, 0x00, 0x30, 0x3c,
    0x45, 0xcd, 0xcc, 0xac, 0x40, 0x3d, 0x0a, 0x57, 0x40, 0x00, 0x00, 0x00,
    0xa0, 0x42, 0x66, 0x66, 0xe6, 0x40, 0x71, 0x3d, 0x2a, 0x40, 0x00, 0x00,
    0xe0, 0xdf, 0x44, 0x9a, 0x99, 0xc9, 0x40, 0x66, 0x66, 0xc6, 0x3f, 0x02,
    0x00, 0x40, 0x1c, 0x46, 0xcd, 0xcc, 0x0c, 0xc0, 0x33, 0x33, 0x33, 0x3f,
    0x00, 0x00, 0xf8, 0xcb, 0x45, 0x00, 0x00, 0xc0, 0xc0, 0x5c, 0x8f, 0xb2,
    0x40, 0x00, 0x00, 0x00, 0xb2, 0x43, 0x9a, 0x99, 0x59, 0x40, 0xcd, 0xcc,
    0x84, 0x40, 0x00, 0x00, 0x00, 0x69, 0x43, 0x33, 0x33, 0xb3, 0xbf, 0x71,
    0x3d, 0x1a, 0x40, 0x00, 0x00, 0x80, 0x86, 0x45, 0xcd, 0xcc, 0xcc, 0xbf,
    0x00, 0x00, 0xc0, 0x40, 0x66, 0x66, 0xb6, 0xc0, 0x01, 0x00, 0x00, 0xd2,
    0x42, 0x00, 0x00, 0x80, 0xc0, 0x33, 0x33, 0x33, 0x3f, 0x00, 0x00, 0x00,
    0x05, 0x43, 0x9a, 0x99, 0x99, 0xc0, 0xcd, 0xcc, 0x4c, 0x3f, 0x00, 0x00,
    0x10, 0x6e, 0x45, 0x66, 0x66, 0xa6, 0x40, 0x00, 0x00, 0x70, 0x40, 0x00,
    0x00, 0x00, 0x82, 0x42, 0x66, 0x66, 0x86, 0x40, 0xb8, 0x1e, 0x85, 0x3f,
    0x00, 0x00, 0x80, 0xda, 0x44, 0x66, 0x66, 0x06, 0x40, 0x5c, 0x8f, 0xa2,
    0x3f, 0x02, 0x00, 0x40, 0x1c, 0x46, 0x00, 0x00, 0x80, 0xbf, 0x33, 0x33,
    0x33, 0x3f, 0x00, 0x00, 0x00, 0x1f, 0x44, 0x9a, 0x99, 0x99, 0x3f, 0xc3,
    0xf5, 0xc8, 0x3f, 0x00, 0x00, 0x80, 0x9a, 0x43, 0xcd, 0xcc, 0x4c, 0xbf,
    0xd7, 0xa3, 0xf0, 0x3f, 0x00, 0x00, 0x50, 0xa6, 0x45, 0x00, 0x00, 0x40,
    0xc0, 0x00, 0x00, 0xc0, 0x40, 0x00, 0x00, 0x30, 0x8f, 0x45, 0x66, 0x66,
    0xe6, 0x3f, 0x00, 0x00, 0xc0, 0x40, 0x00, 0x00, 0xc0, 0xc0, 0x01, 0x00,
    0x00, 0xd2, 0x42, 0x00, 0x00, 0xc0, 0x40, 0x33, 0x33, 0x33, 0x3f, 0x00,
    0x00, 0x00, 0x11, 0x45, 0x00, 0x00, 0xb0, 0xc0, 0x52, 0xb8, 0xfe, 0x3f,
    0x00, 0x00, 0x00, 0x31, 0x44, 0x66, 0x66, 0x06, 0x40, 0xcd, 0xcc, 0xcc,
    0x3f, 0x00, 0x00, 0xf4, 0x17, 0x46, 0x00, 0x00, 0x20, 0x40, 0x85, 0xeb,
    0x21, 0x40, 0x00, 0x00, 0x00, 0xa0, 0x42, 0x33, 0x33, 0xb3, 0x3f, 0xae,
    0x47, 0x11, 0x40, 0x02, 0x00, 0x40, 0x1c, 0x46, 0x9a, 0x99, 0xd9, 0xbf,
    0x33, 0x33, 0x33, 0x3f, 0x00, 0x00, 0x60, 0x91, 0x45, 0x66, 0x66, 0xe6,
    0x3f, 0xe1, 0x7a, 0x44, 0x40, 0x00, 0x00, 0x00, 0x62, 0x43, 0xcd, 0xcc,
    0x4c, 0xbf, 0x8f, 0xc2, 0x05, 0x40, 0x00, 0x00, 0x70, 0xbe, 0x45, 0x9a,
    0x99, 0xd9, 0xbf, 0x00, 0x00, 0xc0, 0x40, 0x00, 0x00, 0x80, 0xc2, 0x43,
    0xcd, 0xcc, 0xcc, 0x3e, 0x9a, 0x99, 0xd9, 0x3f, 0x9a, 0x99, 0xc9, 0xc0,
    0x01, 0x00, 0x00, 0xd2, 0x42, 0xcd, 0xcc, 0xfc, 0x40, 0x33, 0x33, 0x33,
    0x3f, 0x00, 0x00, 0x00, 0xd2, 0x42, 0x66, 0x66, 0xa6, 0xc0, 0x9a, 0x99,
    0x99, 0x3e, 0x00, 0x00, 0x40, 0x2f, 0x44, 0x9a, 0x99, 0x79, 0x40, 0x14,
    0xae, 0xc7, 0x3f, 0x00, 0x00, 0x60, 0x6c, 0x45, 0x66, 0x66, 0xd6, 0x40,
    0x71, 0x3d, 0x3a, 0x40, 0x00, 0x00, 0x40, 0x15, 0x45, 0x66, 0x66, 0x86,
    0xc0, 0xcd, 0xcc, 0x2c, 0x40, 0x02, 0x00, 0x40, 0x1c, 0x46, 0x66, 0x66,
    0x66, 0xc0, 0x33, 0x33, 0x33, 0x3f, 0x00, 0x00, 0x00, 0x86, 0x42, 0xcd,
    0xcc, 0x4c, 0xbf, 0x8f, 0xc2, 0xf5, 0x3f, 0x00, 0x00, 0x00, 0xf0, 0x42,
    0xcd, 0xcc, 0x4c, 0x3f, 0x85, 0xeb, 0x01, 0x40, 0x00, 0x00, 0x10, 0xaf,
    0x45, 0x00, 0x00, 0x00, 0xc0, 0x00, 0x00, 0xc0, 0x40, 0x00, 0x00, 0xfc,
    0x18, 0x46, 0xcd, 0xcc, 0x4c, 0x40, 0x8f, 0xc2, 0x15, 0x40, 0x00, 0x00,
    0xc0, 0xc0, 0x01, 0x00, 0x00, 0xd2, 0x42, 0x33, 0x33, 0xc3, 0x40, 0x33,
    0x33, 0x33, 0x3f, 0x00, 0x00, 0x58, 0x0f, 0x46, 0x33, 0x33, 0x73, 0x40,
    0xb8, 0x1e, 0xe5, 0x3f, 0x00, 0x00, 0xd0, 0x0e, 0x45, 0x66, 0x66, 0xa6,
    0xc0, 0x71, 0x3d, 0x3a, 0x40, 0x00, 0x00, 0x00, 0x42, 0x43, 0x33, 0x33,
    0xf3, 0xbf, 0x0a, 0xd7, 0x23, 0x3f, 0x00, 0x00, 0x40, 0x31, 0x44, 0x9a,
    0x99, 0x19, 0x40, 0xb8, 0x1e, 0xe5, 0x3f, 0x02, 0x00, 0x40, 0x1c, 0x46,
    0x00, 0x00, 0x40, 0xc0, 0x33, 0x33, 0x33, 0x3f, 0x00, 0x00, 0x50, 0x5a,
    0x45, 0x00, 0x00, 0x40, 0x40, 0x66, 0x66, 0xae, 0x40, 0x00, 0x00, 0x88,
    0xb6, 0x45, 0xcd, 0xcc, 0xcc, 0xbf, 0x00, 0x00, 0xc0, 0x40, 0x00, 0x00,
    0x00, 0x8e, 0x42, 0x9a, 0x99, 0x19, 0xbf, 0x85, 0xeb, 0x51, 0x40, 0x00,
    0x00, 0x10, 0x2c, 0x45, 0x9a, 0x99, 0x99, 0xbf, 0x85, 0xeb, 0xa9, 0x40,
    0x00, 0x00, 0xc0, 0xc0, 0x01, 0x00, 0x00, 0xd2, 0x42, 0x33, 0x33, 0xc3,
    0x40, 0x33, 0x33, 0x33, 0x3f, 0x00, 0x00, 0x00, 0x3d, 0x43, 0x9a, 0x99,
    0xd9, 0xbf, 0xb8, 0x1e, 0x05, 0x3f, 0x00, 0x00, 0x00, 0x3c, 0x44, 0x66,
    0x66, 0x26, 0x40, 0x29, 0x5c, 0xaf, 0x3f, 0x00, 0x00, 0xd0, 0x1c, 0x45,
    0x00, 0x00, 0x20, 0xc0, 0x71, 0x3d, 0x0a, 0x40, 0x00, 0x00, 0x00, 0x19,
    0x46, 0x00, 0x00, 0x00, 0x40, 0xf6, 0x28, 0x5c, 0x40, 0x02, 0x00, 0x40,
    0x1c, 0x46, 0x9a, 0x99, 0x39, 0xc0, 0x33, 0x33, 0x33, 0x3f, 0x00, 0x00,
    0x00, 0xb6, 0x45, 0x33, 0x33, 0x53, 0xc0, 0xae, 0x47, 0xb9, 0x40, 0x00,
    0x00, 0x18, 0x81, 0x45, 0x66, 0x66, 0xa6, 0x3f, 0x7b, 0x14, 0x4e, 0x40,
    0x00, 0x00, 0x00, 0x88, 0x42, 0x33, 0x33, 0x33, 0xbf, 0xc3, 0xf5, 0x38,
    0x40, 0x00, 0x00, 0x00, 0xac, 0x42, 0xcd, 0xcc, 0x4c, 0x3f, 0x3d, 0x0a,
    0xa7, 0x40, 0x33, 0x33, 0xc3, 0xc0, 0x01, 0x00, 0x00, 0xd2, 0x42, 0x00,
    0x00, 0xf0, 0x40, 0x33, 0x33, 0x33, 0x3f, 0x00, 0x00, 0x00, 0x03, 0x43,
    0x33, 0x33, 0x83, 0xc0, 0x3d, 0x0a, 0x57, 0x3e, 0x00, 0x00, 0x40, 0x6a,
    0x44, 0xcd, 0xcc, 0x6c, 0x40, 0x66, 0x66, 0x26, 0x3f, 0x00, 0x00, 0xa0,
    0x14, 0x45, 0x33, 0x33, 0x53, 0xc0, 0x0a, 0xd7, 0x23, 0x40, 0x00, 0x00,
    0x00, 0x5d, 0x45, 0x66, 0x66, 0x66, 0x40, 0x5c, 0x8f, 0x42, 0x40, 0x02,
    0x00, 0x40, 0x1c, 0x46, 0x9a, 0x99, 0x19, 0xbf, 0x33, 0x33, 0x33, 0x3f,
    0x00, 0x00, 0x68, 0xb6, 0x45, 0x9a, 0x99, 0x39, 0xc0, 0xa4, 0x70, 0xad,
    0x40, 0x00, 0x00, 0x00, 0x5c, 0x42, 0x66, 0x66, 0x66, 0xbf, 0x33, 0x33,
    0xf3, 0x3f, 0x00, 0x00, 0x00, 0xe8, 0x42, 0x9a, 0x99, 0x99, 0x3f, 0x33,
    0x33, 0x63, 0x40, 0x00, 0x00, 0x00, 0xd8, 0x41, 0x33, 0x33, 0x33, 0x3f,
    0xae, 0x47, 0x51, 0x40, 0x33, 0x33, 0xc3, 0xc0, 0x01, 0x00, 0x00, 0xd2,
    0x42, 0x33, 0x33, 0xe3, 0x40, 0x33, 0x33, 0x33, 0x3f, 0x00, 0x00, 0x00,
    0xee, 0x42, 0xcd, 0xcc, 0x2c, 0xc0, 0x1f, 0x85, 0x6b, 0x3e, 0x00, 0x00,
    0xcc, 0x13, 0x46, 0xcd, 0xcc, 0x4c, 0x40, 0xf6, 0x28, 0x4c, 0x40, 0x00,
    0x00, 0x80, 0x36, 0x44, 0xcd, 0xcc, 0x4c, 0x40, 0xf6, 0x28, 0x9c, 0x3f,
    0x00, 0x00, 0x10, 0x0c, 0x45, 0x00, 0x00, 0x60, 0xc0, 0x33, 0x33, 0x73,
    0x40, 0x02, 0x00, 0x40, 0x1c, 0x46, 0x9a, 0x99, 0xd9, 0xbf, 0x33, 0x33,
    0x33, 0x3f, 0x00, 0x00, 0x90, 0x68, 0x45, 0x9a, 0x99, 0x59, 0x40, 0xae,
    0x47, 0x01, 0x40, 0x00, 0x00, 0x58, 0xab, 0x45, 0x66, 0x66, 0x96, 0xc0,
    0xae, 0x47, 0x99, 0x40, 0x00, 0x00, 0x90, 0x24, 0x45, 0x00, 0x00, 0x00,
    0xc0, 0xae, 0x47, 0xa9, 0x40, 0x00, 0x00, 0x00, 0x60, 0x42, 0x9a, 0x99,
    0x19, 0xbf, 0x14, 0xae, 0x27, 0x40, 0x00, 0x00, 0xc0, 0xc0, 0x01, 0x00,
    0x00, 0xd2, 0x42, 0x00, 0x00, 0x40, 0x40, 0x33, 0x33, 0x33, 0x3f, 0x00,
    0x00, 0x00, 0x2f, 0x43, 0xcd, 0xcc, 0x9c, 0xc0, 0x1f, 0x85, 0xeb, 0x3e,
    0x00, 0x00, 0x00, 0x33, 0x44, 0x9a, 0x99, 0xd9, 0x40, 0x48, 0xe1, 0xda,
    0x3f, 0x00, 0x00, 0x90, 0x64, 0x45, 0x33, 0x33, 0xd3, 0x40, 0x1f, 0x85,
    0x3b, 0x40, 0x00, 0x00, 0xc0, 0x0e, 0x45, 0x66, 0x66, 0x86, 0xc0, 0xb8,
    0x1e, 0x05, 0x40, 0x02, 0x00, 0x40, 0x1c, 0x46, 0x66, 0x66, 0x66, 0xc0,
    0x33, 0x33, 0x33, 0x3f, 0x00, 0x00, 0x40, 0x1c, 0x46, 0xcd, 0xcc, 0x9c,
    0x40, 0xe1, 0x7a, 0xb4, 0x3f, 0x00, 0x00, 0x98, 0xa6, 0x45, 0x00, 0x00,
    0x60, 0xc0, 0x14, 0xae, 0xbf, 0x40, 0x00, 0x00, 0x00, 0x2c, 0x42, 0x00,
    0x00, 0x00, 0xbf, 0x5c, 0x8f, 0x22, 0x40, 0x00, 0x00, 0x80, 0x7d, 0x44,
    0x66, 0x66, 0x66, 0xbf, 0x14, 0xae, 0xbf, 0x40, 0x00, 0x00, 0xc0, 0xc0,
    0x01, 0x00, 0x00, 0xd2, 0x42, 0xcd, 0xcc, 0xbc, 0x40, 0x33, 0x33, 0x33,
    0x3f, 0x00, 0x00, 0x80, 0xfa, 0x44, 0x9a, 0x99, 0xa9, 0xc0, 0xb8, 0x1e,
    0xa5, 0x3f, 0x00, 0x00, 0x40, 0x38, 0x44, 0x9a, 0x99, 0x59, 0x40, 0x71,
    0x3d, 0x8a, 0x3f, 0x00, 0x00, 0x80, 0xac, 0x45, 0x33, 0x33, 0xb3, 0xc0,
    0xb8, 0x1e, 0xb5, 0x40, 0x00, 0x00, 0x00, 0xb8, 0x42, 0x33, 0x33, 0xb3,
    0x3f, 0x14, 0xae, 0xa7, 0x3f, 0x02, 0x00, 0x40, 0x1c, 0x46, 0x33, 0x33,
    0x93, 0xc0, 0x33, 0x33, 0x33, 0x3f, 0x00, 0x00, 0xb8, 0x8b, 0x45, 0x66,
    0x66, 0xa6, 0x3f, 0x8f, 0xc2, 0x35, 0x40, 0x00, 0x00, 0x60, 0x29, 0x45,
    0xcd, 0xcc, 0x8c, 0xbf, 0x0a, 0xd7, 0xa3, 0x40, 0x00, 0x00, 0x20, 0x5e,
    0x45, 0x9a, 0x99, 0x19, 0x3f, 0x29, 0x5c, 0xa7, 0x40, 0x00, 0x00, 0xd8,
    0x99, 0x45, 0xcd, 0xcc, 0x8c, 0xbf, 0x00, 0x00, 0xc0, 0x40, 0x9a, 0x99,
    0xc9, 0xc0, 0x01, 0x00, 0x00, 0xd2, 0x42, 0x66, 0x66, 0xe6, 0x40, 0x33,
    0x33, 0x33, 0x3f, 0x00, 0x00, 0x00, 0xe0, 0x42, 0x66, 0x66, 0x46, 0xc0,
    0x9a, 0x99, 0x99, 0x3e, 0x00, 0x00, 0x30, 0x5f, 0x45, 0xcd, 0xcc, 0x9c,
    0x40, 0xb8, 0x1e, 0x45, 0x40, 0x00, 0x00, 0xc0, 0x82, 0x44, 0xcd, 0xcc,
    0x2c, 0x40, 0xb8, 0x1e, 0x05, 0x40, 0x00, 0x00, 0x10, 0xb8, 0x45, 0xcd,
    0xcc, 0x2c, 0xc0, 0x33, 0x33, 0x43, 0x40, 0x02, 0x00, 0x40, 0x1c, 0x46,
    0x00, 0x00, 0x00, 0x3f, 0x33, 0x33, 0x33, 0x3f, 0x00, 0x00, 0xc0, 0x0e,
    0x45, 0x66, 0x66, 0x26, 0xc0, 0x85, 0xeb, 0x81, 0x40, 0x00, 0x00, 0x00,
    0xf0, 0x42, 0x9a, 0x99, 0x19, 0x3f, 0x00, 0x00, 0x00, 0x40, 0x00, 0x00,
    0x00, 0x8a, 0x42, 0x33, 0x33, 0x33, 0xbf, 0xf6, 0x28, 0x0c, 0x40, 0x00,
    0x00, 0x90, 0x3d, 0x45, 0x66, 0x66, 0xa6, 0x3f, 0x85, 0xeb, 0xa1, 0x40,
    0x9a, 0x99, 0xb9, 0xc0, 0x01, 0x00, 0x00, 0xd2, 0x42, 0xcd, 0xcc, 0xdc,
    0x40, 0x33, 0x33, 0x33, 0x3f, 0x00, 0x00, 0x00, 0x0f, 0x43, 0x66, 0x66,
    0x66, 0xc0, 0x1f, 0x85, 0x6b, 0x3e, 0x00, 0x00, 0x20, 0x98, 0x44, 0x00,
    0x00, 0xa0, 0x40, 0x3d, 0x0a, 0xb7, 0x3f, 0x00, 0x00, 0x90, 0x3e, 0x45,
    0x9a, 0x99, 0x99, 0x40, 0x1f, 0x85, 0x4b, 0x40, 0x00, 0x00, 0x20, 0x08,
    0x45, 0x9a, 0x99, 0x59, 0xc0, 0x33, 0x33, 0x53, 0x40, 0x02, 0x00, 0x40,
    0x1c, 0x46, 0x9a, 0x99, 0x99, 0xbe, 0x33, 0x33, 0x33, 0x3f, 0x00, 0x00,
    0x60, 0xb7, 0x45, 0x66, 0x66, 0x26, 0xc0, 0x0a, 0xd7, 0xbb, 0x40, 0x00,
    0x00, 0x00, 0x86, 0x42, 0x9a, 0x99, 0x19, 0xbf, 0x00, 0x00, 0xe0, 0x3f,
    0x00, 0x00, 0x00, 0x1d, 0x43, 0x66, 0x66, 0x66, 0x3f, 0x29, 0x5c, 0xef,
    0x3f, 0x00, 0x00, 0x00, 0x73, 0x43, 0x00, 0x00, 0x00, 0xbf, 0xae, 0x47,
    0x11, 0x40, 0xcd, 0xcc, 0xbc, 0xc0, 0x01, 0x00, 0x00, 0xd2, 0x42, 0xcd,
    0xcc, 0x9c, 0x40, 0x33, 0x33, 0x33, 0x3f, 0x00, 0x00, 0x00, 0x34, 0x43,
    0xcd, 0xcc, 0x8c, 0xc0, 0x71, 0x3d, 0x8a, 0x3e, 0x00, 0x00, 0x70, 0x67,
    0x45, 0x9a, 0x99, 0xc9, 0x40, 0x3d, 0x0a, 0x47, 0x40, 0x00, 0x00, 0xc0,
    0x0e, 0x45, 0x33, 0x33, 0xc3, 0xc0, 0x66, 0x66, 0x16, 0x40, 0x00, 0x00,
    0xc0, 0x72, 0x44, 0xcd, 0xcc, 0x6c, 0x40, 0xcd, 0xcc, 0x0c, 0x3f, 0x02,
    0x00, 0x40, 0x1c, 0x46, 0x9a, 0x99, 0x19, 0xc0, 0x33, 0x33, 0x33, 0x3f,
    0x00, 0x00, 0xb0, 0xac, 0x45, 0x66, 0x66, 0x46, 0xc0, 0x00, 0x00, 0xc0,
    0x40, 0x00, 0x00, 0x00, 0xe0, 0x42, 0x00, 0x00, 0x80, 0x3f, 0x00, 0x00,
    0x00, 0x40, 0x00, 0x00, 0x00, 0x6d, 0x43, 0xcd, 0xcc, 0x4c, 0xbf, 0xd7,
    0xa3, 0xf0, 0x3f, 0x00, 0x00, 0x00, 0x50, 0x42, 0xcd, 0xcc, 0xcc, 0xbe,
    0x0a, 0xd7, 0xa3, 0x3f, 0x9a, 0x99, 0xd9, 0xc0, 0x01, 0x00, 0x00, 0xd2,
    0x42, 0xcd, 0xcc, 0x8c, 0xbf, 0x33, 0x33, 0x33, 0x3f, 0x00, 0x00, 0x00,
    0x31, 0x43, 0x9a, 0x99, 0x09, 0xc1, 0x00, 0x00, 0xa0, 0x3f, 0x00, 0x00,
    0x00, 0xba, 0x44, 0xcd, 0xcc, 0xdc, 0x40, 0x52, 0xb8, 0x9e, 0x3f, 0x00,
    0x00, 0x40, 0x02, 0x44, 0x66, 0x66, 0x46, 0xc0, 0x48, 0xe1, 0x9a, 0x3f,
    0x00, 0x00, 0x10, 0x30, 0x45, 0x9a, 0x99, 0x99, 0x40, 0xa4, 0x70, 0x2d,
    0x40, 0x02, 0x00, 0x40, 0x1c, 0x46, 0x66, 0x66, 0xa6, 0x3f, 0x33, 0x33,
    0x33, 0x3f, 0x00, 0x00, 0x20, 0xcb, 0x45, 0x66, 0x66, 0x0e, 0xc1, 0x7b,
    0x14, 0x8e, 0x40, 0x00, 0x00, 0x00, 0x92, 0x42, 0x00, 0x00, 0x40, 0x40,
    0xc3, 0xf5, 0xa8, 0x3f, 0x00, 0x00, 0x00, 0x1c, 0x42, 0xcd, 0xcc, 0xcc,
    0xbf, 0x9a, 0x99, 0x59, 0x3f, 0x00, 0x00, 0x00, 0xf6, 0x42, 0x66, 0x66,
    0x26, 0xc0, 0xae, 0x47, 0x71, 0x40, 0x33, 0x33, 0xb3, 0xc0, 0x01, 0x00,
    0x00, 0xd2, 0x42, 0x33, 0x33, 0xb3, 0x40, 0x33, 0x33, 0x33, 0x3f, 0x00,
    0x00, 0x00, 0x05, 0x43, 0xcd, 0xcc, 0xac, 0xc0, 0xec, 0x51, 0x38, 0x3e,
    0x00, 0x00, 0x00, 0x73, 0x44, 0x9a, 0x99, 0x89, 0x40, 0x33, 0x33, 0x33,
    0x3f, 0x00, 0x00, 0x30, 0x3b, 0x45, 0xcd, 0xcc, 0xac, 0x40, 0x9a, 0x99,
    0x09, 0x40, 0x00, 0x00, 0x90, 0x05, 0x45, 0x00, 0x00, 0x20, 0xc0, 0x7b,
    0x14, 0x4e, 0x40, 0x02, 0x00, 0x40, 0x1c, 0x46, 0x66, 0x66, 0xe6, 0x3f,
    0x33, 0x33, 0x33, 0x3f, 0x00, 0x00, 0x20, 0xb2, 0x45, 0x66, 0x66, 0x26,
    0xc0, 0x48, 0xe1, 0xa2, 0x40, 0x00, 0x00, 0x00, 0x00, 0x43, 0x66, 0x66,
    0x66, 0x3f, 0xa4, 0x70, 0x0d, 0x40, 0x00, 0x00, 0x00, 0x74, 0x42, 0xcd,
    0xcc, 0xcc, 0xbe, 0x52, 0xb8, 0xbe, 0x3f, 0x00, 0x00, 0x00, 0x61, 0x43,
    0x9a, 0x99, 0x19, 0xbf, 0xb8, 0x1e, 0x25, 0x40, 0xcd, 0xcc, 0x9c, 0xc0,
    0x01, 0x00, 0x00, 0xd2, 0x42, 0x00, 0x00, 0xd0, 0x40, 0x33, 0x33, 0x33,
    0x3f, 0x00, 0x00, 0x00, 0xb2, 0x42, 0x33, 0x33, 0x53, 0xc0, 0x00, 0x00,
    0x80, 0x3e, 0x00, 0x00, 0x90, 0x0b, 0x45, 0xcd, 0xcc, 0x8c, 0x40, 0xd7,
    0xa3, 0x70, 0x3f, 0x00, 0x00, 0xa0, 0xb4, 0x45, 0x66, 0x66, 0xd6, 0xc0,
    0x7b, 0x14, 0xb6, 0x40, 0x00, 0x00, 0xd0, 0x6e, 0x45, 0x00, 0x00, 0x90,
    0xc0, 0xcd, 0xcc, 0xbc, 0x40, 0x02, 0x00, 0x40, 0x1c, 0x46, 0x00, 0x00,
    0x20, 0xc0, 0x33, 0x33, 0x33, 0x3f, 0x00, 0x00, 0x00, 0xec, 0x42, 0x9a,
    0x99, 0x99, 0x3e, 0xcd, 0xcc, 0xcc, 0x3f, 0x00, 0x00, 0x00, 0x59, 0x43,
    0xcd, 0xcc, 0xcc, 0xbe, 0xf6, 0x28, 0x2c, 0x40, 0x00, 0x00, 0xd8, 0xd6,
    0x45, 0x33, 0x33, 0xb3, 0x3f, 0x00, 0x00, 0xc0, 0x40, 0x00, 0x00, 0x00,
    0x5c, 0x42, 0xcd, 0xcc, 0x4c, 0xbe, 0x33, 0x33, 0xb3, 0x3f, 0x9a, 0x99,
    0xc9, 0xc0, 0x01, 0x00, 0x00, 0xd2, 0x42, 0x00, 0x00, 0x00, 0x3f, 0x33,
    0x33, 0x33, 0x3f, 0x00, 0x00, 0x00, 0xa6, 0x42, 0x66, 0x66, 0xc6, 0xc0,
    0x66, 0x66, 0x86, 0x3f, 0x00, 0x00, 0x00, 0x34, 0x42, 0x00, 0x00, 0x90,
    0x40, 0xae, 0x47, 0x61, 0x3f, 0x00, 0x00, 0x10, 0x17, 0x45, 0x33, 0x33,
    0xc3, 0x40, 0x7b, 0x14, 0x4e, 0x40, 0x00, 0x00, 0x00, 0x35, 0x43, 0x9a,
    0x99, 0x19, 0xc0, 0xa4, 0x70, 0x9d, 0x3f, 0x02, 0x00, 0x40, 0x1c, 0x46,
    0x9a, 0x99, 0x59, 0x40, 0x33, 0x33, 0x33, 0x3f, 0x00, 0x00, 0xb8, 0xa3,
    0x45, 0xcd, 0xcc, 0x2c, 0xc0, 0x8f, 0xc2, 0xa5, 0x40, 0x00, 0x00, 0x30,
    0x66, 0x45, 0x9a, 0x99, 0xd9, 0xbf, 0x3d, 0x0a, 0x57, 0x40, 0x00, 0x00,
    0x00, 0x15, 0x44, 0x00, 0x00, 0x00, 0x3f, 0x14, 0xae, 0xc7, 0x3f, 0x00,
    0x00, 0xe0, 0x2a, 0x45, 0x33, 0x33, 0xb3, 0x3f, 0xa4, 0x70, 0xbd, 0x40,
    0x33, 0x33, 0xe3, 0xc0, 0x01, 0x00, 0x00, 0xd2, 0x42, 0x33, 0x33, 0x83,
    0xc0, 0x33, 0x33, 0x33, 0x3f, 0x00, 0x00, 0x00, 0x16, 0x43, 0x9a, 0x99,
    0x31, 0xc1, 0x48, 0xe1, 0x3a, 0x3f, 0x00, 0x00, 0x40, 0xea, 0x44, 0x66,
    0x66, 0xe6, 0x40, 0x9a, 0x99, 0x59, 0x3f, 0x00, 0x00, 0x00, 0x9a, 0x42,
    0x66, 0x66, 0x26, 0x41, 0x3d, 0x0a, 0xb7, 0x3f, 0x00, 0x00, 0x00, 0xfe,
    0x43, 0x33, 0x33, 0x83, 0xc0, 0x7b, 0x14, 0x3e, 0x40, 0x02, 0x00, 0x40,
    0x1c, 0x46, 0x00, 0x00, 0x00, 0x00, 0x33, 0x33, 0x33, 0x3f, 0x00, 0x00,
    0x20, 0xcb, 0x45, 0x9a, 0x99, 0xd9, 0xc0, 0x29, 0x5c, 0xa7, 0x40, 0x00,
    0x00, 0xb0, 0x46, 0x45, 0x33, 0x33, 0x13, 0x40, 0x9a, 0x99, 0x89, 0x40,
    0x00, 0x00, 0x20, 0x96, 0x44, 0x66, 0x66, 0x06, 0x40, 0x00, 0x00, 0x98,
    0x40, 0x00, 0x00, 0x00, 0x58, 0x44, 0x66, 0x66, 0xe6, 0xbf, 0x5c, 0x8f,
    0x82, 0x40, 0x00, 0x00, 0xd0, 0xc0, 0x01, 0x00, 0x00, 0xd2, 0x42, 0x33,
    0x33, 0xe3, 0x40, 0x33, 0x33, 0x33, 0x3f, 0x00, 0x00, 0x00, 0xc2, 0x42,
    0x00, 0x00, 0xc0, 0xc0, 0x48, 0xe1, 0x3a, 0x3f, 0x00, 0x00, 0x70, 0xae,
    0x45, 0x33, 0x33, 0xf3, 0xc0, 0x3d, 0x0a, 0x37, 0x40, 0x00, 0x00, 0x00,
    0x14, 0x46, 0x00, 0x00, 0xd0, 0x40, 0x9a, 0x99, 0x29, 0x40, 0x00, 0x00,
    0xd0, 0x61, 0x45, 0x33, 0x33, 0xc3, 0xc0, 0x29, 0x5c, 0x5f, 0x40, 0x02,
    0x00, 0x40, 0x1c, 0x46, 0x00, 0x00, 0x60, 0xc0, 0x33, 0x33, 0x33, 0x3f,
    0x00, 0x00, 0x00, 0x09, 0x44, 0x00, 0x00, 0x00, 0x40, 0x8f, 0xc2, 0xb5,
    0x3f, 0x00, 0x00, 0x00, 0xf5, 0x44, 0x66, 0x66, 0x06, 0x40, 0xe1, 0x7a,
    0x04, 0x40, 0x00, 0x00, 0x00, 0x61, 0x43, 0x9a, 0x99, 0x99, 0xbf, 0x48,
    0xe1, 0xfa, 0x3f, 0x00, 0x00, 0x90, 0x3c, 0x45, 0x00, 0x00, 0xc0, 0xbf,
    0x29, 0x5c, 0x97, 0x40, 0x9a, 0x99, 0x39, 0xc0, 0x01, 0x00, 0x00, 0xd2,
    0x42, 0x00, 0x00, 0x40, 0xc0, 0x33, 0x33, 0x33, 0x3f, 0x00, 0x00, 0x08,
    0xb0, 0x45, 0x00, 0x00, 0x40, 0x40, 0x5c, 0x8f, 0x82, 0x3f, 0x00, 0x00,
    0x00, 0x6a, 0x43, 0x00, 0x00, 0x00, 0xc0, 0x0a, 0xd7, 0x83, 0x3f, 0x00,
    0x00, 0x40, 0x06, 0x45, 0x00, 0x00, 0x00, 0x40, 0x3d, 0x0a, 0xd7, 0x3f,
    0x00, 0x00, 0xd0, 0x49, 0x45, 0xcd, 0xcc, 0x4c, 0xc0, 0x66, 0x66, 0x36,
    0x40, 0x02, 0x00, 0x40, 0x1c, 0x46, 0x00, 0x00, 0x80, 0x3f, 0x33, 0x33,
    0x33, 0x3f, 0x00, 0x00, 0x00, 0x80, 0x42, 0xcd, 0xcc, 0x4c, 0x3f, 0x7b,
    0x14, 0xee, 0x3f, 0x00, 0x00, 0x00, 0xf0, 0x42, 0x66, 0x66, 0xa6, 0xbf,
    0x9a, 0x99, 0x29, 0x40, 0x00, 0x00, 0xc0, 0x7c, 0x44, 0xcd, 0xcc, 0x8c,
    0x3f, 0x33, 0x33, 0x63, 0x40, 0x00, 0x00, 0x00, 0x2f, 0x43, 0xcd, 0xcc,
    0x4c, 0x3f, 0x71, 0x3d, 0x6a, 0x40, 0xcd, 0xcc, 0xcc, 0xc0, 0x01, 0x00,
    0x00, 0xd2, 0x42, 0x66, 0x66, 0xe6, 0x40, 0x33, 0x33, 0x33, 0x3f, 0x00,
    0x00, 0x00, 0xf8, 0x42, 0x00, 0x00, 0x20, 0xc0, 0x00, 0x00, 0x80, 0x3e,
    0x00, 0x00, 0xc0, 0x3f, 0x44, 0x66, 0x66, 0x26, 0x40, 0x9a, 0x99, 0x19,
    0x3f, 0x00, 0x00, 0x90, 0x0d, 0x45, 0x9a, 0x99, 0x99, 0xc0, 0x29, 0x5c,
    0x0f, 0x40, 0x00, 0x00, 0x00, 0x6f, 0x45, 0x00, 0x00, 0x40, 0x40, 0xec,
    0x51, 0x38, 0x40, 0x02, 0x00, 0x40, 0x1c, 0x46, 0x33, 0x33, 0xf3, 0xbf,
    0x33, 0x33, 0x33, 0x3f, 0x00, 0x00, 0xb8, 0xc0, 0x45, 0x00, 0x00, 0x40,
    0xc0, 0x52, 0xb8, 0xa6, 0x40, 0x00, 0x00, 0xc8, 0x93, 0x45, 0x33, 0x33,
    0xb3, 0x3f, 0x8f, 0xc2, 0xa5, 0x40, 0x00, 0x00, 0x00, 0x64, 0x42, 0x9a,
    0x99, 0x99, 0xbe, 0xa4, 0x70, 0x0d, 0x40, 0x00, 0x00, 0x00, 0x10, 0x42,
    0x00, 0x00, 0x00, 0x3f, 0x3d, 0x0a, 0x77, 0x40, 0x66, 0x66, 0xd6, 0xc0,
    0x01, 0x00, 0x00, 0xd2, 0x42, 0x66, 0x66, 0x2e, 0x41, 0x33, 0x33, 0x33,
    0x3f, 0x00, 0x00, 0x40, 0xa8, 0x44, 0x33, 0x33, 0x83, 0xc0, 0x1f, 0x85,
    0x3b, 0x40, 0x00, 0x00, 0x00, 0x35, 0x43, 0x66, 0x66, 0x26, 0x41, 0xcd,
    0xcc, 0xac, 0x3f, 0x00, 0x00, 0x00, 0xa2, 0x42, 0x33, 0x33, 0x03, 0xc1,
    0x00, 0x00, 0x80, 0x3e, 0x00, 0x00, 0x08, 0x0c, 0x46, 0x33, 0x33, 0x73,
    0x40, 0x5c, 0x8f, 0x9a, 0x40, 0x02, 0x00, 0x40, 0x1c, 0x46, 0x66, 0x66,
    0x46, 0xc0, 0x33, 0x33, 0x33, 0x3f, 0x00, 0x00, 0x20, 0x21, 0x45, 0x66,
    0x66, 0x86, 0x40, 0x71, 0x3d, 0x92, 0x40, 0x00, 0x00, 0x08, 0xb1, 0x45,
    0x66, 0x66, 0x66, 0xc0, 0x52, 0xb8, 0x6e, 0x40, 0x00, 0x00, 0xa0, 0xf2,
    0x45, 0x00, 0x00, 0x20, 0x40, 0x7b, 0x14, 0x9e, 0x40, 0x00, 0x00, 0x80,
    0x56, 0x44, 0x9a, 0x99, 0x99, 0xbf, 0x1f, 0x85, 0x8b, 0x40, 0x9a, 0x99,
    0xa9, 0xc0, 0x01, 0x00, 0x00, 0xd2, 0x42, 0xcd, 0xcc, 0xdc, 0x40, 0x33,
    0x33, 0x33, 0x3f, 0x00, 0x00, 0x00, 0xe4, 0x42, 0x9a, 0x99, 0x89, 0xc0,
    0x8f, 0xc2, 0x75, 0x3e, 0x00, 0x00, 0xf0, 0x07, 0x46, 0x9a, 0x99, 0xa9,
    0x40, 0xd7, 0xa3, 0xf0, 0x3e, 0x00, 0x00, 0x80, 0xe5, 0x44, 0x9a, 0x99,
    0x59, 0x40, 0xcd, 0xcc, 0x1c, 0x40, 0x00, 0x00, 0xf8, 0x9d, 0x45, 0x66,
    0x66, 0xa6, 0xc0, 0xcd, 0xcc, 0x4c, 0x40, 0x02, 0x00, 0x40, 0x1c, 0x46,
    0x00, 0x00, 0x40, 0xc0, 0x33, 0x33, 0x33, 0x3f, 0x00, 0x00, 0xf0, 0x5f,
    0x45, 0x9a, 0x99, 0x19, 0x40, 0x00, 0x00, 0xc0, 0x40, 0x00, 0x00, 0x20,
    0x39, 0x45, 0x66, 0x66, 0xe6, 0xbf, 0x14, 0xae, 0x97, 0x40, 0x00, 0x00,
    0x00, 0x60, 0x42, 0x00, 0x00, 0x00, 0xbf, 0x7b, 0x14, 0xce, 0x3f, 0x00,
    0x00, 0x00, 0xe0, 0x42, 0x00, 0x00, 0x00, 0x3f, 0x52, 0xb8, 0xbe, 0x3f,
    0xcd, 0xcc, 0xbc, 0xc0, 0x01, 0x00, 0x00, 0xd2, 0x42, 0x66, 0x66, 0x66,
    0x40, 0x33, 0x33, 0x33, 0x3f, 0x00, 0x00, 0x00, 0x85, 0x44, 0x9a, 0x99,
    0xa9, 0xc0, 0xb8, 0x1e, 0xa5, 0x3f, 0x00, 0x00, 0xd0, 0x72, 0x45, 0xcd,
    0xcc, 0xac, 0x40, 0x66, 0x66, 0x06, 0x40, 0x00, 0x00, 0x00, 0x6c, 0x43,
    0x33, 0x33, 0x13, 0xc0, 0x7b, 0x14, 0xae, 0x3f, 0x00, 0x00, 0x00, 0xf4,
    0x44, 0xcd, 0xcc, 0x6c, 0x40, 0x85, 0xeb, 0x41, 0x40, 0x02, 0x00, 0x40,
    0x1c, 0x46, 0x9a, 0x99, 0x19, 0xc1, 0x33, 0x33, 0x33, 0x3f, 0x00, 0x00,
    0x18, 0x00, 0x46, 0x66, 0x66, 0xa6, 0x40, 0x8f, 0xc2, 0x75, 0x3f, 0x00,
    0x00, 0x88, 0xa3, 0x45, 0x9a, 0x99, 0x99, 0xc0, 0x9a, 0x99, 0xa1, 0x40,
    0x00, 0x00, 0x00, 0xb1, 0x44, 0xcd, 0xcc, 0xcc, 0xbe, 0x7b, 0x14, 0x9e,
    0x40, 0x00, 0x00, 0x60, 0x32, 0x45, 0x9a, 0x99, 0x99, 0xbf, 0x1f, 0x85,
    0x93, 0x40, 0xcd, 0xcc, 0xcc, 0xc0, 0x01, 0x00, 0x00, 0xd2, 0x42, 0x66,
    0x66, 0xe6, 0x40, 0x33, 0x33, 0x33, 0x3f, 0x00, 0x00, 0x00, 0x84, 0x42,
    0x33, 0x33, 0xf3, 0xc0, 0xb8, 0x1e, 0x85, 0x3f, 0x00, 0x00, 0x60, 0xf0,
    0x44, 0x33, 0x33, 0x53, 0xc0, 0x33, 0x33, 0x13, 0x40, 0x00, 0x00, 0xc8,
    0xb7, 0x45, 0x9a, 0x99, 0x61, 0xc1, 0x71, 0x3d, 0x1a, 0x40, 0x00, 0x00,
    0xb0, 0x92, 0x45, 0x33, 0x33, 0x13, 0x41, 0x3d, 0x0a, 0x07, 0x40, 0x02,
    0x00, 0x40, 0x1c, 0x46, 0x66, 0x66, 0xa6, 0xc0, 0x33, 0x33, 0x33, 0x3f,
    0x00, 0x00, 0x80, 0x0b, 0x44, 0xcd, 0xcc, 0x0c, 0x40, 0xd7, 0xa3, 0xd0,
    0x3f, 0x00, 0x00, 0x80, 0x93, 0x43, 0x66, 0x66, 0xe6, 0x3f, 0x00, 0x00,
    0x60, 0x40, 0x00, 0x00, 0x00, 0x19, 0x43, 0x33, 0x33, 0xb3, 0xbf, 0x8f,
    0xc2, 0x35, 0x40, 0x00, 0x00, 0x28, 0xe4, 0x45, 0xcd, 0xcc, 0xcc, 0x3f,
    0xe1, 0x7a, 0x84, 0x40, 0x00, 0x00, 0xe0, 0xc0, 0x01, 0x00, 0x00, 0xd2,
    0x42, 0xcd, 0xcc, 0x2c, 0x40, 0x33, 0x33, 0x33, 0x3f, 0x00, 0x00, 0x60,
    0x7b, 0x45, 0x33, 0x33, 0x5b, 0x41, 0x7b, 0x14, 0x2e, 0x3f, 0x00, 0x00,
    0xa0, 0xea, 0x44, 0xcd, 0xcc, 0x6c, 0xc1, 0x66, 0x66, 0xe6, 0x3e, 0x00,
    0x00, 0x00, 0x31, 0x43, 0x66, 0x66, 0x66, 0xc0, 0x52, 0xb8, 0x1e, 0x3f,
    0x00, 0x00, 0x20, 0xc5, 0x44, 0xcd, 0xcc, 0x64, 0x41, 0xcd, 0xcc, 0xac,
    0x3f, 0x02, 0x00, 0x40, 0x1c, 0x46, 0xcd, 0xcc, 0x6c, 0xc0, 0x33, 0x33,
    0x33, 0x3f, 0x00, 0x00, 0xe0, 0xc9, 0x45, 0x66, 0x66, 0x06, 0x40, 0x48,
    0xe1, 0xa2, 0x40, 0x00, 0x00, 0x50, 0x18, 0x45, 0x9a, 0x99, 0xd9, 0xbf,
    0x14, 0xae, 0x87, 0x40, 0x00, 0x00, 0xc0, 0x41, 0x45, 0xcd, 0xcc, 0xcc,
    0x3f, 0x5c, 0x8f, 0x9a, 0x40, 0x00, 0x00, 0x80, 0xac, 0x43, 0x00, 0x00,
    0xc0, 0x3f, 0x5c, 0x8f, 0xb2, 0x40, 0xcd, 0xcc, 0xcc, 0xc0, 0x01, 0x00,
    0x00, 0xd2, 0x42, 0xcd, 0xcc, 0x0c, 0x41, 0x33, 0x33, 0x33, 0x3f, 0x00,
    0x00, 0x00, 0x9c, 0x42, 0xcd, 0xcc, 0x0c, 0xc1, 0x3d, 0x0a, 0x57, 0x3e,
    0x00, 0x00, 0x40, 0x26, 0x45, 0x9a, 0x99, 0xb9, 0x40, 0x7b, 0x14, 0x8e,
    0x3f, 0x00, 0x00, 0x4c, 0x0e, 0x46, 0x33, 0x33, 0xc3, 0x40, 0xf6, 0x28,
    0x1c, 0x40, 0x00, 0x00, 0x40, 0x33, 0x44, 0x00, 0x00, 0x60, 0x40, 0x0a,
    0xd7, 0xe3, 0x3f, 0x02, 0x00, 0x40, 0x1c, 0x46, 0xcd, 0xcc, 0x4c, 0xbe,
    0x33, 0x33, 0x33, 0x3f, 0x00, 0x00, 0xc0, 0x94, 0x44, 0x33, 0x33, 0xb3,
    0xbf, 0xb8, 0x1e, 0x95, 0x40, 0x00, 0x00, 0x80, 0xe2, 0x44, 0xcd, 0xcc,
    0x4c, 0x3f, 0x1f, 0x85, 0x6b, 0x40, 0x00, 0x00, 0xc8, 0xc6, 0x45, 0x00,
    0x00, 0xc0, 0xbf, 0x00, 0x00, 0xc0, 0x40, 0x00, 0x00, 0x78, 0x97, 0x45,
    0x9a, 0x99, 0x99, 0x3f, 0x00, 0x00, 0xc0, 0x40, 0xcd, 0xcc, 0xcc, 0xc0,
    0x01, 0x00, 0x00, 0xd2, 0x42, 0x66, 0x66, 0xb6, 0x40, 0x33, 0x33, 0x33,
    0x3f, 0x00, 0x00, 0x80, 0xb4, 0x44, 0x33, 0x33, 0xf3, 0xc0, 0x9a, 0x99,
    0xb9, 0x3f, 0x00, 0x00, 0x80, 0x20, 0x44, 0xcd, 0xcc, 0xcc, 0x40, 0x48,
    0xe1, 0xba, 0x3f, 0x00, 0x00, 0x0c, 0x02, 0x46, 0x33, 0x33, 0xe3, 0x40,
    0xcd, 0xcc, 0x0c, 0x40, 0x00, 0x00, 0x00, 0x7d, 0x44, 0x00, 0x00, 0x90,
    0xc0, 0xb8, 0x1e, 0x25, 0x40, 0x02, 0x00, 0x40, 0x1c, 0x46, 0x00, 0x00,
    0xc0, 0xc0, 0x33, 0x33, 0x33, 0x3f, 0x00, 0x00, 0x00, 0xd8, 0x42, 0x00,
    0x00, 0x20, 0xc0, 0x14, 0xae, 0xc7, 0x3f, 0x00, 0x00, 0x00, 0x84, 0x42,
    0xcd, 0xcc, 0x0c, 0x40, 0x29, 0x5c, 0x3f, 0x40, 0x00, 0x00, 0x00, 0x3c,
    0x43, 0x00, 0x00, 0x00, 0xbf, 0x0a, 0xd7, 0x63, 0x3f, 0x00, 0x00, 0x00,
    0xa6, 0x43, 0x00, 0x00, 0x80, 0x3f, 0xa4, 0x70, 0xdd, 0x3f, 0x00, 0x00,
    0xc0, 0xc0, 0x01, 0x00, 0x00, 0xd2, 0x42, 0xcd, 0xcc, 0xcc, 0x40, 0x33,
    0x33, 0x33, 0x3f, 0x00, 0x00, 0x38, 0x92, 0x45, 0x33, 0x33, 0xc3, 0x40,
    0xd7, 0xa3, 0x30, 0x3f, 0x00, 0x00, 0xc0, 0xbc, 0x44, 0x33, 0x33, 0x83,
    0xc0, 0x48, 0xe1, 0x3a, 0x3f, 0x00, 0x00, 0x00, 0xc2, 0x42, 0x33, 0x33,
    0x53, 0xc0, 0xe1, 0x7a, 0x94, 0x3e, 0x00, 0x00, 0x90, 0x10, 0x45, 0x33,
    0x33, 0x13, 0x40, 0x52, 0xb8, 0x2e, 0x40, 0x02, 0x00, 0x40, 0x1c, 0x46,
    0x9a, 0x99, 0x99, 0x3f, 0x33, 0x33, 0x33, 0x3f, 0x00, 0x00, 0x00, 0x03,
    0x43, 0x33, 0x33, 0x33, 0x3f, 0x33, 0x33, 0xf3, 0x3f, 0x00, 0x00, 0x00,
    0x86, 0x42, 0x33, 0x33, 0x33, 0xbf, 0x14, 0xae, 0x07, 0x40, 0x00, 0x00,
    0x80, 0xc7, 0x45, 0x66, 0x66, 0xe6, 0xbf, 0xb8, 0x1e, 0xbd, 0x40, 0x00,
    0x00, 0x90, 0x9c, 0x45, 0x33, 0x33, 0x33, 0x3f, 0x9a, 0x99, 0x49, 0x40,
    0x66, 0x66, 0xc6, 0xc0, 0x01, 0x00, 0x00, 0xd2, 0x42, 0x00, 0x00, 0x28,
    0x41, 0x33, 0x33, 0x33, 0x3f, 0x00, 0x00, 0x00, 0x21, 0x44, 0x9a, 0x99,
    0xa9, 0xc0, 0x1f, 0x85, 0xeb, 0x3e, 0x00, 0x00, 0xa0, 0x28, 0x45, 0x9a,
    0x99, 0xe9, 0x40, 0xec, 0x51, 0x38, 0x3e, 0x00, 0x00, 0x00, 0x50, 0x42,
    0x66, 0x66, 0xe6, 0xc0, 0xec, 0x51, 0xb8, 0x3e, 0x00, 0x00, 0x00, 0xa2,
    0x44, 0xcd, 0xcc, 0xfc, 0xc0, 0x85, 0xeb, 0x91, 0x3f, 0x02, 0x00, 0x40,
    0x1c, 0x46, 0x00, 0x00, 0x80, 0xbf, 0x33, 0x33, 0x33, 0x3f, 0x00, 0x00,
    0xc0, 0xbf, 0x45, 0x33, 0x33, 0xf3, 0xbf, 0x00, 0x00, 0xc0, 0x40, 0x00,
    0x00, 0xf0, 0x11, 0x45, 0xcd, 0xcc, 0x8c, 0x3f, 0x66, 0x66, 0x56, 0x40,
    0x00, 0x00, 0x80, 0xdd, 0x44, 0x66, 0x66, 0x66, 0xbf, 0x85, 0xeb, 0x81,
    0x40, 0x00, 0x00, 0x00, 0x0e, 0x43, 0xcd, 0xcc, 0x4c, 0x3e, 0x9a, 0x99,
    0x19, 0x40, 0x00, 0x00, 0xd0, 0xc0, 0x01, 0x00, 0x00, 0xd2, 0x42, 0x66,
    0x66, 0x2e, 0xc1, 0x33, 0x33, 0x33, 0x3f, 0x00, 0x00, 0x00, 0x1a, 0x43,
    0x00, 0x00, 0x00, 0xc1, 0x00, 0x00, 0xa0, 0x3f, 0x00, 0x00, 0xc0, 0x15,
    0x44, 0x66, 0x66, 0xc6, 0x40, 0x14, 0xae, 0x87, 0x3f, 0x00, 0x00, 0x40,
    0x62, 0x45, 0x66, 0x66, 0xc6, 0x40, 0x00, 0x00, 0x20, 0x40, 0x00, 0x00,
    0x00, 0xc0, 0x42, 0xcd, 0xcc, 0x6c, 0xc0, 0xf6, 0x28, 0x3c, 0x40, 0x02,
    0x00, 0x40, 0x1c, 0x46, 0xcd, 0xcc, 0x3c, 0xc1, 0x33, 0x33, 0x33, 0x3f,
    0x00, 0x00, 0xc0, 0xc3, 0x45, 0x33, 0x33, 0x33, 0x40, 0x52, 0xb8, 0xde,
    0x3f, 0x00, 0x00, 0x80, 0x05, 0x45, 0x66, 0x66, 0xa6, 0xbf, 0x48, 0xe1,
    0x0a, 0x40, 0x00, 0x00, 0x00, 0x5c, 0x42, 0x66, 0x66, 0xe6, 0x3f, 0xa4,
    0x70, 0x6d, 0x40, 0x00, 0x00, 0x00, 0x14, 0x42, 0xcd, 0xcc, 0x8c, 0xbf,
    0xf6, 0x28, 0x1c, 0x40, 0x9a, 0x99, 0xc9, 0xc0, 0x01, 0x00, 0x00, 0xd2,
    0x42, 0x9a, 0x99, 0x99, 0xc0, 0x33, 0x33, 0x33, 0x3f, 0x00, 0x00, 0x00,
    0xf2, 0x42, 0xcd, 0xcc, 0xac, 0xc0, 0x66, 0x66, 0x66, 0x3f, 0x00, 0x00,
    0xc0, 0x0d, 0x44, 0x33, 0x33, 0xb3, 0x40, 0xe1, 0x7a, 0x54, 0x3f, 0x00,
    0x00, 0x90, 0x62, 0x45, 0xcd, 0xcc, 0xbc, 0x40, 0x9a, 0x99, 0x49, 0x40,
    0x00, 0x00, 0x80, 0xf8, 0x43, 0x33, 0x33, 0x13, 0xc1, 0x00, 0x00, 0x20,
    0x40, 0x02, 0x00, 0x40, 0x1c, 0x46, 0x00, 0x00, 0x18, 0xc1, 0x33, 0x33,
    0x33, 0x3f, 0x00, 0x00, 0x20, 0xe8, 0x45, 0x00, 0x00, 0x20, 0x40, 0x8f,
    0xc2, 0x95, 0x3f, 0x00, 0x00, 0x50, 0x1a, 0x45, 0x9a, 0x99, 0x99, 0xbf,
    0x3d, 0x0a, 0x47, 0x40, 0x00, 0x00, 0x00, 0x04, 0x42, 0x9a, 0x99, 0x99,
    0x3f, 0x33, 0x33, 0x33, 0x40, 0x00, 0x00, 0x00, 0x50, 0x42, 0x00, 0x00,
    0x80, 0xbf, 0x7b, 0x14, 0x1e, 0x40, 0x66, 0x66, 0xc6, 0xc0, 0x01, 0x00,
    0x00, 0xd2, 0x42, 0x9a, 0x99, 0xb9, 0x40, 0x33, 0x33, 0x33, 0x3f, 0x00,
    0x00, 0x80, 0xe9, 0x43, 0x9a, 0x99, 0x99, 0x40, 0x5c, 0x8f, 0x42, 0x3f,
    0x00, 0x00, 0x00, 0x2c, 0x42, 0xcd, 0xcc, 0x6c, 0xc1, 0x33, 0x33, 0xb3,
    0x3e, 0x00, 0x00, 0x70, 0x6f, 0x45, 0x9a, 0x99, 0x51, 0x41, 0x71, 0x3d,
    0xaa, 0x3f, 0x00, 0x00, 0xf0, 0x38, 0x45, 0x00, 0x00, 0x00, 0xc1, 0x1f,
    0x85, 0x2b, 0x3f, 0x02, 0x00, 0x40, 0x1c, 0x46, 0x66, 0x66, 0x06, 0xc1,
    0x33, 0x33, 0x33, 0x3f, 0x00, 0x00, 0x68, 0xc8, 0x45, 0x66, 0x66, 0x46,
    0x40, 0xe1, 0x7a, 0xb4, 0x40, 0x00, 0x00, 0xe0, 0x9c, 0x44, 0x33, 0x33,
    0xb3, 0xbf, 0x29, 0x5c, 0x7f, 0x40, 0x00, 0x00, 0xa0, 0xc3, 0x44, 0xcd,
    0xcc, 0xcc, 0x3f, 0x14, 0xae, 0xbf, 0x40, 0x00, 0x00, 0x78, 0x07, 0x46,
    0x33, 0x33, 0xf3, 0x3f, 0xa4, 0x70, 0x8d, 0x40, 0x00, 0x00, 0xc0, 0xc0,
    0x01, 0x00, 0x00, 0xd2, 0x42, 0x9a, 0x99, 0x09, 0xc1, 0x33, 0x33, 0x33,
    0x3f, 0x00, 0x00, 0x80, 0x67, 0x45, 0x33, 0x33, 0xf3, 0x40, 0x33, 0x33,
    0x03, 0x40, 0x00, 0x00, 0x30, 0x1c, 0x45, 0x9a, 0x99, 0x89, 0xc0, 0x00,
    0x00, 0xc0, 0x3f, 0x00, 0x00, 0x00, 0x07, 0x43, 0x66, 0x66, 0x06, 0xc0,
    0xe1, 0x7a, 0x34, 0x40, 0x00, 0x00, 0x00, 0x73, 0x43, 0x00, 0x00, 0xc0,
    0x3f, 0x7b, 0x14, 0xae, 0x3f, 0x02, 0x00, 0x40, 0x1c, 0x46, 0x66, 0x66,
    0xe6, 0xc0, 0x33, 0x33, 0x33, 0x3f, 0x00, 0x00, 0x00, 0x78, 0x42, 0x00,
    0x00, 0xc0, 0x3f, 0x1f, 0x85, 0x2b, 0x40, 0x00, 0x00, 0x14, 0x0f, 0x46,
    0x33, 0x33, 0x33, 0x40, 0xd7, 0xa3, 0xf0, 0x3f, 0x00, 0x00, 0xc0, 0x65,
    0x44, 0xcd, 0xcc, 0x0c, 0x40, 0x33, 0x33, 0x63, 0x40, 0x00, 0x00, 0x80,
    0xa4, 0x44, 0xcd, 0xcc, 0x0c, 0xc0, 0xa4, 0x70, 0x9d, 0x40, 0x66, 0x66,
    0xc6, 0xc0, 0x01, 0x00, 0x00, 0xd2, 0x42, 0x33, 0x33, 0x0b, 0xc1, 0x33,
    0x33, 0x33, 0x3f, 0x00, 0x00, 0x00, 0x23, 0x45, 0x9a, 0x99, 0xc9, 0x40,
    0x7b, 0x14, 0xae, 0x3e, 0x00, 0x00, 0x00, 0x46, 0x43, 0x66, 0x66, 0x7e,
    0xc1, 0x29, 0x5c, 0x4f, 0x3f, 0x00, 0x00, 0xc0, 0x09, 0x44, 0xcd, 0xcc,
    0x9c, 0x40, 0xd7, 0xa3, 0xb0, 0x3f, 0x00, 0x00, 0x50, 0x74, 0x45, 0xcd,
    0xcc, 0xcc, 0x3d, 0x00, 0x00, 0x30, 0x40, 0x02, 0x00, 0x40, 0x1c, 0x46,
    0xcd, 0xcc, 0x8c, 0xbf, 0x33, 0x33, 0x33, 0x3f, 0x00, 0x00, 0x00, 0x9e,
    0x42, 0x00, 0x00, 0xc0, 0x3f, 0xc3, 0xf5, 0x98, 0x40, 0x00, 0x00, 0x00,
    0x05, 0x43, 0x00, 0x00, 0xc0, 0xbf, 0x00, 0x00, 0xc0, 0x40, 0x00, 0x00,
    0x00, 0x34, 0x42, 0x9a, 0x99, 0x99, 0xbe, 0xd7, 0xa3, 0xd0, 0x3f, 0x00,
    0x00, 0xc0, 0x95, 0x44, 0x33, 0x33, 0x33, 0xbf, 0x52, 0xb8, 0x96, 0x40,
    0x66, 0x66, 0x96, 0xc0, 0x01, 0x00, 0x00, 0xd2, 0x42, 0x33, 0x33, 0x93,
    0xc0, 0x33, 0x33, 0x33, 0x3f, 0x00, 0x00, 0x00, 0xf7, 0x43, 0x00, 0x00,
    0x90, 0x40, 0x1f, 0x85, 0xeb, 0x3e, 0x00, 0x00, 0xe0, 0xa6, 0x44, 0x66,
    0x66, 0xc6, 0xc0, 0x3d, 0x0a, 0xb7, 0x3f, 0x00, 0x00, 0x00, 0xf6, 0x42,
    0xcd, 0xcc, 0x6c, 0xc0, 0xb8, 0x1e, 0xc5, 0x3f, 0x00, 0x00, 0x60, 0x4f,
    0x45, 0x33, 0x33, 0xa3, 0x40, 0x66, 0x66, 0x66, 0x40, 0x02, 0x00, 0x40,
    0x1c, 0x46, 0x00, 0x00, 0xe0, 0xc0, 0x33, 0x33, 0x33, 0x3f, 0x00, 0x00,
    0x38, 0x0b, 0x46, 0x66, 0x66, 0xa6, 0xc0, 0x3d, 0x0a, 0x97, 0x3f, 0x00,
    0x00, 0x18, 0xad, 0x45, 0xcd, 0xcc, 0x9c, 0x40, 0x9a, 0x99, 0x79, 0x40,
    0x00, 0x00, 0x30, 0x15, 0x45, 0x33, 0x33, 0x13, 0x40, 0x00, 0x00, 0xc0,
    0x40, 0x00, 0x00, 0x00, 0xbf, 0x43, 0x00, 0x00, 0xc0, 0xbf, 0x00, 0x00,
    0xc0, 0x40, 0x00, 0x00, 0xb0, 0xc0, 0x01, 0x00, 0x00, 0xd2, 0x42, 0x66,
    0x66, 0xc6, 0xc0, 0x33, 0x33, 0x33, 0x3f, 0x00, 0x00, 0x50, 0x50, 0x45,
    0x66, 0x66, 0xb6, 0x40, 0x1f, 0x85, 0x5b, 0x40, 0x00, 0x00, 0xc0, 0x86,
    0x44, 0x33, 0x33, 0x33, 0xc0, 0xae, 0x47, 0xc1, 0x3f, 0x00, 0x00, 0x00,
    0xfa, 0x42, 0x00, 0x00, 0x20, 0xc0, 0x0a, 0xd7, 0x43, 0x40, 0x00, 0x00,
    0xf0, 0xfb, 0x45, 0x66, 0x66, 0x66, 0x40, 0x29, 0x5c, 0x3f, 0x40, 0x02,
    0x00, 0x40, 0x1c, 0x46, 0x66, 0x66, 0x66, 0xc0, 0x33, 0x33, 0x33, 0x3f,
    0x00, 0x00, 0x00, 0x82, 0x42, 0x66, 0x66, 0xa6, 0x3f, 0x14, 0xae, 0x27,
    0x40, 0x00, 0x00, 0x80, 0x9f, 0x43, 0xcd, 0xcc, 0x8c, 0x3f, 0xcd, 0xcc,
    0xec, 0x3f, 0x00, 0x00, 0x80, 0x13, 0x44, 0x00, 0x00, 0xc0, 0xbf, 0x33,
    0x33, 0x73, 0x40, 0x00, 0x00, 0xe8, 0xae, 0x45, 0xcd, 0xcc, 0xcc, 0xbf,
    0xf6, 0x28, 0xbc, 0x40, 0x33, 0x33, 0xd3, 0xc0, 0x01, 0x00, 0x00, 0xd2,
    0x42, 0xcd, 0xcc, 0x6c, 0xc0, 0x33, 0x33, 0x33, 0x3f, 0x00, 0x00, 0x00,
    0x1b, 0x43, 0x66, 0x66, 0x06, 0xc1, 0xcd, 0xcc, 0x8c, 0x3f, 0x00, 0x00,
    0xb0, 0x34, 0x45, 0x9a, 0x99, 0xd9, 0x40, 0x00, 0x00, 0x80, 0x3f, 0x00,
    0x00, 0x88, 0x0b, 0x46, 0x66, 0x66, 0x96, 0x40, 0x33, 0x33, 0x13, 0x40,
    0x00, 0x00, 0xc0, 0x8b, 0x44, 0x66, 0x66, 0xa6, 0xc0, 0xc3, 0xf5, 0x08,
    0x40, 0x02, 0x00, 0x40, 0x1c, 0x46, 0xcd, 0xcc, 0x4c, 0x3f, 0x33, 0x33,
    0x33, 0x3f, 0x00, 0x00, 0x00, 0x9e, 0x42, 0x66, 0x66, 0xe6, 0x3f, 0x48,
    0xe1, 0x1a, 0x40, 0x00, 0x00, 0xc8, 0xb9, 0x45, 0x33, 0x33, 0x13, 0xc0,
    0x85, 0xeb, 0xa1, 0x40, 0x00, 0x00, 0x00, 0xe6, 0x42, 0x00, 0x00, 0xc0,
    0xbf, 0x29, 0x5c, 0x6f, 0x40, 0x00, 0x00, 0x00, 0x10, 0x42, 0x33, 0x33,
    0x33, 0xbf, 0x85, 0xeb, 0xf1, 0x3f, 0x66, 0x66, 0x96, 0xc0, 0x01, 0x00,
    0x00, 0xd2, 0x42, 0x00, 0x00, 0x40, 0xc0, 0x33, 0x33, 0x33, 0x3f, 0x00,
    0x00, 0x48, 0xe3, 0x45, 0x66, 0x66, 0x66, 0x40, 0x71, 0x3d, 0x1a, 0x40,
    0x00, 0x00, 0x00, 0x5a, 0x43, 0x9a, 0x99, 0x39, 0xc0, 0xe1, 0x7a, 0xb4,
    0x3f, 0x00, 0x00, 0xe0, 0x80, 0x44, 0xcd, 0xcc, 0x4c, 0xc0, 0xa4, 0x70,
    0x7d, 0x3f, 0x00, 0x00, 0x10, 0x47, 0x45, 0x66, 0x66, 0x46, 0x40, 0x29,
    0x5c, 0x0f, 0x3f, 0x02, 0x00, 0x40, 0x1c, 0x46, 0x00, 0x00, 0xb0, 0xc0,
    0x33, 0x33, 0x33, 0x3f, 0x00, 0x00, 0x90, 0x14, 0x46, 0xcd, 0xcc, 0x2c,
    0x40, 0xcd, 0xcc, 0x0c, 0x40, 0x00, 0x00, 0x00, 0x84, 0x42, 0x9a, 0x99,
    0x19, 0x3f, 0x33, 0x33, 0xd3, 0x3f, 0x00, 0x00, 0xd0, 0x7c, 0x45, 0x66,
    0x66, 0x06, 0x40, 0x71, 0x3d, 0xba, 0x40, 0x00, 0x00, 0x10, 0x97, 0x45,
    0x66, 0x66, 0xe6, 0xbf, 0x00, 0x00, 0xc0, 0x40, 0x66, 0x66, 0xb6, 0xc0,
    0x01, 0x00, 0x00, 0xd2, 0x42, 0xcd, 0xcc, 0x4c, 0xc0, 0x33, 0x33, 0x33,
    0x3f, 0x00, 0x00, 0xe0, 0x61, 0x45, 0x66, 0x66, 0xb6, 0x40, 0x8f, 0xc2,
    0x75, 0x3f, 0x00, 0x00, 0xe0, 0x89, 0x44, 0x9a, 0x99, 0x41, 0xc1, 0xe1,
    0x7a, 0xf4, 0x3f, 0x00, 0x00, 0x80, 0xe6, 0x44, 0x33, 0x33, 0x73, 0x40,
    0x9a, 0x99, 0xf9, 0x3f, 0x00, 0x00, 0x00, 0x59, 0x43, 0xcd, 0xcc, 0x0c,
    0xc0, 0xf6, 0x28, 0x1c, 0x40, 0x02, 0x00, 0x40, 0x1c, 0x46, 0x66, 0x66,
    0xa6, 0xc0, 0x33, 0x33, 0x33, 0x3f, 0x00, 0x00, 0x18, 0xec, 0x45, 0x33,
    0x33, 0x53, 0x40, 0x29, 0x5c, 0x1f, 0x40, 0x00, 0x00, 0x00, 0xa8, 0x42,
    0x66, 0x66, 0xa6, 0x3f, 0x29, 0x5c, 0xef, 0x3f, 0x00, 0x00, 0x20, 0xbc,
    0x45, 0x33, 0x33, 0x73, 0xc0, 0x29, 0x5c, 0xbf, 0x40, 0x00, 0x00, 0x84,
    0x14, 0x46, 0x00, 0x00, 0x00, 0x40, 0x0a, 0xd7, 0x53, 0x40, 0x66, 0x66,
    0xc6, 0xc0, 0x01, 0x00, 0x00, 0xd2, 0x42, 0x66, 0x66, 0xd6, 0x40, 0x33,
    0x33, 0x33, 0x3f, 0x00, 0x00, 0xbc, 0x09, 0x46, 0xcd, 0xcc, 0xac, 0x40,
    0xa4, 0x70, 0xdd, 0x3f, 0x00, 0x00, 0xa0, 0x83, 0x44, 0x9a, 0x99, 0x39,
    0xc0, 0xcd, 0xcc, 0x3c, 0x40, 0x00, 0x00, 0x00, 0xd2, 0x42, 0xcd, 0xcc,
    0xcc, 0xbf, 0xc3, 0xf5, 0xa8, 0x3e, 0x00, 0x00, 0x90, 0x43, 0x45, 0x00,
    0x00, 0x60, 0xc0, 0xcd, 0xcc, 0x7c, 0x40, 0x02, 0x00, 0x40, 0x1c, 0x46,
    0x33, 0x33, 0x33, 0xbf, 0x33, 0x33, 0x33, 0x3f, 0x00, 0x00, 0x00, 0xe8,
    0x44, 0x33, 0x33, 0xf3, 0x3f, 0x3d, 0x0a, 0x87, 0x40, 0x00, 0x00, 0x88,
    0xb8, 0x45, 0x66, 0x66, 0x86, 0xc0, 0x14, 0xae, 0xb7, 0x40, 0x00, 0x00,
    0x80, 0x94, 0x45, 0x00, 0x00, 0x20, 0x40, 0x7b, 0x14, 0xae, 0x40, 0x00,
    0x00, 0x08, 0xd8, 0x45, 0x00, 0x00, 0x20, 0x40, 0x52, 0xb8, 0xbe, 0x40,
    0x33, 0x33, 0xc3, 0xc0, 0x01, 0x00, 0x00, 0xd2, 0x42, 0x00, 0x00, 0xd0,
    0x40, 0x33, 0x33, 0x33, 0x3f, 0x00, 0x00, 0x00, 0x7e, 0x43, 0x33, 0x33,
    0x33, 0xc0, 0xec, 0x51, 0x38, 0x3e, 0x00, 0x00, 0xf0, 0xd6, 0x45, 0x66,
    0x66, 0xc6, 0x40, 0x52, 0xb8, 0x5e, 0x3f, 0x00, 0x00, 0xe0, 0xfa, 0x44,
    0x00, 0x00, 0xd0, 0x40, 0xc3, 0xf5, 0xe8, 0x3f, 0x00, 0x00, 0xc0, 0x3d,
    0x45, 0x33, 0x33, 0xa3, 0xc0, 0x0a, 0xd7, 0xc3, 0x3f, 0x02, 0x00, 0x40,
    0x1c, 0x46, 0x9a, 0x99, 0xb9, 0xc0, 0x33, 0x33, 0x33, 0x3f, 0x00, 0x00,
    0x00, 0x98, 0x42, 0xcd, 0xcc, 0x8c, 0xbf, 0x29, 0x5c, 0x1f, 0x40, 0x00,
    0x00, 0x00, 0x28, 0x42, 0x00, 0x00, 0x00, 0x3f, 0x85, 0xeb, 0x91, 0x3f,
    0x00, 0x00, 0x40, 0x80, 0x44, 0x66, 0x66, 0xa6, 0xbf, 0xf6, 0x28, 0x7c,
    0x40, 0x00, 0x00, 0x00, 0x34, 0x44, 0x33, 0x33, 0x33, 0x3f, 0x85, 0xeb,
    0xf1, 0x3f, 0x66, 0x66, 0xb6, 0xc0, 0x01, 0x00, 0x00, 0xd2, 0x42, 0x33,
    0x33, 0x73, 0x40, 0x33, 0x33, 0x33, 0x3f, 0x00, 0x00, 0x00, 0x8e, 0x43,
    0x66, 0x66, 0x26, 0xc0, 0xc3, 0xf5, 0xa8, 0x3e, 0x00, 0x00, 0xd0, 0x7f,
    0x45, 0x9a, 0x99, 0xb9, 0x40, 0x8f, 0xc2, 0x55, 0x40, 0x00, 0x00, 0x0c,
    0x03, 0x46, 0x66, 0x66, 0x46, 0x40, 0x1f, 0x85, 0x0b, 0x40, 0x00, 0x00,
    0x00, 0xd0, 0x41, 0x66, 0x66, 0xa6, 0x3f, 0x9a, 0x99, 0xd9, 0x3f, 0x02,
    0x00, 0x40, 0x1c, 0x46, 0x9a, 0x99, 0x99, 0xc0, 0x33, 0x33, 0x33, 0x3f,
    0x00, 0x00, 0xc0, 0x01, 0x45, 0x33, 0x33, 0x33, 0x40, 0x8f, 0xc2, 0x45,
    0x40, 0x00, 0x00, 0x30, 0x23, 0x45, 0x9a, 0x99, 0x99, 0xbf, 0x85, 0xeb,
    0x61, 0x40, 0x00, 0x00, 0xc0, 0x6f, 0x44, 0xcd, 0xcc, 0x8c, 0xbf, 0x33,
    0x33, 0x53, 0x40, 0x00, 0x00, 0x68, 0xb1, 0x45, 0x33, 0x33, 0xb3, 0xbf,
    0x00, 0x00, 0xc0, 0x40, 0xcd, 0xcc, 0xdc, 0xc0, 0x01, 0x00, 0x00, 0xd2,
    0x42, 0x9a, 0x99, 0xd9, 0x40, 0x33, 0x33, 0x33, 0x3f, 0x00, 0x00, 0xc0,
    0x86, 0x44, 0x33, 0x33, 0x13, 0xc0, 0xb8, 0x1e, 0x05, 0x3f, 0x00, 0x00,
    0xe8, 0x85, 0x45, 0x66, 0x66, 0xd6, 0x40, 0x52, 0xb8, 0x1e, 0x40, 0x00,
    0x00, 0x00, 0x8a, 0x42, 0x66, 0x66, 0x66, 0xc0, 0xb8, 0x1e, 0x85, 0x3e,
    0x00, 0x00, 0xd0, 0x0d, 0x45, 0x00, 0x00, 0x60, 0x40, 0xb8, 0x1e, 0x05,
    0x40, 0x02, 0x00, 0x40, 0x1c, 0x46, 0xcd, 0xcc, 0xcc, 0xc0, 0x33, 0x33,
    0x33, 0x3f, 0x00, 0x00, 0x60, 0xe5, 0x45, 0x33, 0x33, 0x33, 0x40, 0xc3,
    0xf5, 0xc8, 0x3f, 0x00, 0x00, 0xc0, 0xbd, 0x45, 0x33, 0x33, 0x53, 0xc0,
    0x14, 0xae, 0xbf, 0x40, 0x00, 0x00, 0x00, 0x69, 0x43, 0x33, 0x33, 0x33,
    0xbf, 0xd7, 0xa3, 0x50, 0x40, 0x00, 0x00, 0x00, 0xaa, 0x43, 0x9a, 0x99,
    0x19, 0x3f, 0x3d, 0x0a, 0x37, 0x40, 0x66, 0x66, 0xc6, 0xc0, 0x01, 0x00,
    0x00, 0xd2, 0x42, 0xcd, 0xcc, 0x8c, 0x40, 0x33, 0x33, 0x33, 0x3f, 0x00,
    0x00, 0x40, 0x42, 0x44, 0x33, 0x33, 0x13, 0xc0, 0xc3, 0xf5, 0xe8, 0x3f,
    0x00, 0x00, 0x50, 0x79, 0x45, 0x33, 0x33, 0xc3, 0x40, 0x00, 0x00, 0x30,
    0x40, 0x00, 0x00, 0xe8, 0x01, 0x46, 0x9a, 0x99, 0x59, 0x40, 0x71, 0x3d,
    0xca, 0x3f, 0x00, 0x00, 0x00, 0x42, 0x43, 0x33, 0x33, 0x33, 0xc0, 0xcd,
    0xcc, 0xcc, 0x3e, 0x02, 0x00, 0x40, 0x1c, 0x46, 0x33, 0x33, 0xa3, 0xc0,
    0x33, 0x33, 0x33, 0x3f, 0x00, 0x00, 0x60, 0xfc, 0x44, 0x33, 0x33, 0x13,
    0x40, 0xf6, 0x28, 0x5c, 0x40, 0x00, 0x00, 0xc8, 0xac, 0x45, 0xcd, 0xcc,
    0xcc, 0xbf, 0x00, 0x00, 0xc0, 0x40, 0x00, 0x00, 0x10, 0xd7, 0x45, 0x66,
    0x66, 0x26, 0x40, 0xcd, 0xcc, 0xb4, 0x40, 0x00, 0x00, 0x80, 0x27, 0x45,
    0x66, 0x66, 0x66, 0xbf, 0x71, 0x3d, 0x6a, 0x40, 0x33, 0x33, 0xc3, 0xc0,
    0x01, 0x00, 0x00, 0xd2, 0x42, 0x33, 0x33, 0xc3, 0x40, 0x33, 0x33, 0x33,
    0x3f, 0x00, 0x00, 0xe0, 0x83, 0x44, 0x33, 0x33, 0xe3, 0xc0, 0x9a, 0x99,
    0x59, 0x3f, 0x00, 0x00, 0x00, 0x8d, 0x45, 0x00, 0x00, 0x90, 0x40, 0xec,
    0x51, 0x38, 0x3e, 0x00, 0x00, 0x00, 0x03, 0x43, 0x66, 0x66, 0x46, 0xc0,
    0x8f, 0xc2, 0x75, 0x3e, 0x00, 0x00, 0x40, 0xc5, 0x44, 0x66, 0x66, 0x06,
    0x40, 0x8f, 0xc2, 0xd5, 0x3f, 0x02, 0x00, 0x40, 0x1c, 0x46, 0x9a, 0x99,
    0x39, 0xc0, 0x33, 0x33, 0x33, 0x3f, 0x00, 0x00, 0xb0, 0x74, 0x45, 0x9a,
    0x99, 0x19, 0x40, 0x48, 0xe1, 0x6a, 0x40, 0x00, 0x00, 0x70, 0xb6, 0x45,
    0x9a, 0x99, 0x89, 0xc0, 0x00, 0x00, 0xc0, 0x40, 0x00, 0x00, 0x30, 0x35,
    0x45, 0x9a, 0x99, 0x99, 0xbf, 0x1f, 0x85, 0x4b, 0x40, 0x00, 0x00, 0x18,
    0x9a, 0x45, 0x9a, 0x99, 0x99, 0x3f, 0x85, 0xeb, 0x61, 0x40, 0x00, 0x00,
    0x90, 0xc0, 0x01, 0x00, 0x00, 0xd2, 0x42, 0x33, 0x33, 0xa3, 0x40, 0x33,
    0x33, 0x33, 0x3f, 0x00, 0x00, 0x00, 0xcc, 0x42, 0xcd, 0xcc, 0x4c, 0xc0,
    0x85, 0xeb, 0xd1, 0x3e, 0x00, 0x00, 0x50, 0x61, 0x45, 0xcd, 0xcc, 0x6c,
    0x40, 0x9a, 0x99, 0x19, 0x40, 0x00, 0x00, 0x40, 0xa8, 0x44, 0x66, 0x66,
    0x06, 0xc0, 0xc3, 0xf5, 0xc8, 0x3f, 0x00, 0x00, 0x00, 0xc6, 0x43, 0x00,
    0x00, 0x00, 0x40, 0xb8, 0x1e, 0xe5, 0x3f, 0x02, 0x00, 0x40, 0x1c, 0x46,
    0x66, 0x66, 0x86, 0xc0, 0x33, 0x33, 0x33, 0x3f, 0x00, 0x00, 0x58, 0xb4,
    0x45, 0x9a, 0x99, 0x79, 0xc0, 0x66, 0x66, 0xae, 0x40, 0x00, 0x00, 0xf0,
    0x87, 0x45, 0x9a, 0x99, 0xd9, 0x3f, 0x52, 0xb8, 0xa6, 0x40, 0x00, 0x00,
    0x50, 0x1a, 0x45, 0x33, 0x33, 0x33, 0x3f, 0xb8, 0x1e, 0x45, 0x40, 0x00,
    0x00, 0x00, 0xd9, 0x44, 0xcd, 0xcc, 0xcc, 0xbe, 0x1f, 0x85, 0x3b, 0x40,
    0x66, 0x66, 0xd6, 0xc0, 0x01, 0x00, 0x00, 0xd2, 0x42, 0x33, 0x33, 0xd3,
    0x40, 0x33, 0x33, 0x33, 0x3f, 0x00, 0x00, 0x40, 0x6d, 0x44, 0xcd, 0xcc,
    0x6c, 0xc0, 0xd7, 0xa3, 0x70, 0x3f, 0x00, 0x00, 0x00, 0x6f, 0x45, 0x9a,
    0x99, 0xc9, 0x40, 0x66, 0x66, 0xe6, 0x3f, 0x00, 0x00, 0x00, 0xc8, 0x42,
    0x66, 0x66, 0x46, 0xc0, 0x00, 0x00, 0x80, 0x3e, 0x00, 0x00, 0x90, 0x05,
    0x45, 0xcd, 0xcc, 0x6c, 0x40, 0x66, 0x66, 0xe6, 0x3f, 0x02, 0x00, 0x40,
    0x1c, 0x46, 0x9a, 0x99, 0x99, 0xc0, 0x33, 0x33, 0x33, 0x3f, 0x00, 0x00,
    0x20, 0xad, 0x45, 0x66, 0x66, 0x26, 0xc0, 0x00, 0x00, 0xc0, 0x40, 0x00,
    0x00, 0x00, 0xf0, 0x42, 0x00, 0x00, 0x00, 0x3f, 0xa4, 0x70, 0x0d, 0x40,
    0x00, 0x00, 0x00, 0x86, 0x42, 0xcd, 0xcc, 0xcc, 0xbe, 0xd7, 0xa3, 0xf0,
    0x3f, 0x00, 0x00, 0x40, 0x1c, 0x46, 0xcd, 0xcc, 0x9c, 0x40, 0x29, 0x5c,
    0xcf, 0x3f, 0xcd, 0xcc, 0xbc, 0xc0, 0x01, 0x00, 0x00, 0xd2, 0x42, 0x66,
    0x66, 0x66, 0x40, 0x33, 0x33, 0x33, 0x3f, 0x00, 0x00, 0x00, 0x60, 0x43,
    0x00, 0x00, 0x40, 0xc0, 0xcd, 0xcc, 0xcc, 0x3e, 0x00, 0x00, 0x70, 0x7a,
    0x45, 0xcd, 0xcc, 0xac, 0x40, 0x3d, 0x0a, 0x97, 0x3f, 0x00, 0x00, 0x68,
    0x04, 0x46, 0xcd, 0xcc, 0x4c, 0x40, 0x33, 0x33, 0xb3, 0x3f, 0x00, 0x00,
    0x80, 0x65, 0x44, 0xcd, 0xcc, 0x0c, 0xc0, 0xf6, 0x28, 0x9c, 0x3f, 0x02,
    0x00, 0x40, 0x1c, 0x46, 0x33, 0x33, 0x03, 0xc1, 0x33, 0x33, 0x33, 0x3f,
    0x00, 0x00, 0x40, 0x1c, 0x46, 0xcd, 0xcc, 0x6c, 0x40, 0x7b, 0x14, 0xae,
    0x3f, 0x00, 0x00, 0xc0, 0x06, 0x45, 0x00, 0x00, 0x00, 0x3f, 0x00, 0x00,
    0x98, 0x40, 0x00, 0x00, 0xe8, 0xa8, 0x45, 0x66, 0x66, 0xe6, 0xbf, 0x00,
    0x00, 0xc0, 0x40, 0x00, 0x00, 0x70, 0x95, 0x45, 0x00, 0x00, 0x80, 0x3f,
    0x9a, 0x99, 0xb9, 0x40, 0x00, 0x00, 0xb0, 0xc0, 0x01, 0x00, 0x00, 0xd2,
    0x42, 0xcd, 0xcc, 0xbc, 0x40, 0x33, 0x33, 0x33, 0x3f, 0x00, 0x00, 0x00,
    0x75, 0x44, 0x66, 0x66, 0x66, 0xc0, 0x14, 0xae, 0xc7, 0x3f, 0x00, 0x00,
    0x60, 0x76, 0x45, 0x66, 0x66, 0xb6, 0x40, 0x1f, 0x85, 0x8b, 0x3f, 0x00,
    0x00, 0x00, 0x08, 0x43, 0x33, 0x33, 0x53, 0xc0, 0x3d, 0x0a, 0x57, 0x3e,
    0x00, 0x00, 0x78, 0x06, 0x46, 0x9a, 0x99, 0x59, 0x40, 0x71, 0x3d, 0x1a,
    0x40, 0x02, 0x00, 0x40, 0x1c, 0x46, 0xcd, 0xcc, 0xcc, 0xc0, 0x33, 0x33,
    0x33, 0x3f, 0x00, 0x00, 0xa0, 0xff, 0x44, 0x00, 0x00, 0xc0, 0x3f, 0x8f,
    0xc2, 0x55, 0x40, 0x00, 0x00, 0xb0, 0x39, 0x45, 0x66, 0x66, 0xa6, 0xbf,
    0x48, 0xe1, 0x92, 0x40, 0x00, 0x00, 0x70, 0xed, 0x45, 0xcd, 0xcc, 0x2c,
    0x40, 0xd7, 0xa3, 0xb0, 0x40, 0x00, 0x00, 0xb0, 0xb5, 0x45, 0x9a, 0x99,
    0x99, 0xbe, 0xcd, 0xcc, 0x8c, 0x40, 0x9a, 0x99, 0xc9, 0xc0, 0x01, 0x00,
    0x00, 0xd2, 0x42, 0x33, 0x33, 0x53, 0x40, 0x33, 0x33, 0x33, 0x3f, 0x00,
    0x00, 0x00, 0x7f, 0x44, 0xcd, 0xcc, 0x8c, 0xc0, 0x8f, 0xc2, 0xb5, 0x3f,
    0x00, 0x00, 0x80, 0x68, 0x45, 0x9a, 0x99, 0xc9, 0x40, 0x14, 0xae, 0xe7,
    0x3f, 0x00, 0x00, 0x1c, 0x0a, 0x46, 0x33, 0x33, 0x93, 0x40, 0x7b, 0x14,
    0xce, 0x3f, 0x00, 0x00, 0x80, 0x85, 0x43, 0x00, 0x00, 0x20, 0xc0, 0x1f,
    0x85, 0xeb, 0x3e, 0x02, 0x00, 0x40, 0x1c, 0x46, 0x9a, 0x99, 0xa9, 0xc0,
    0x33, 0x33, 0x33, 0x3f, 0x00, 0x00, 0xe0, 0xf9, 0x44, 0x00, 0x00, 0xc0,
    0x3f, 0xc3, 0xf5, 0x80, 0x40, 0x00, 0x00, 0x60, 0xb1, 0x45, 0xcd, 0xcc,
    0x0c, 0xc0, 0x00, 0x00, 0xc0, 0x40, 0x00, 0x00, 0xf8, 0xd6, 0x45, 0x66,
    0x66, 0x46, 0x40, 0xd7, 0xa3, 0xb0, 0x40, 0x00, 0x00, 0x40, 0xaf, 0x44,
    0x33, 0x33, 0x33, 0xbf, 0x33, 0x33, 0x73, 0x40, 0x00, 0x00, 0xc0, 0xc0,
    0x01, 0x00, 0x00, 0xd2, 0x42, 0xcd, 0xcc, 0xcc, 0x40, 0x33, 0x33, 0x33,
    0x3f, 0x00, 0x00, 0x20, 0x9b, 0x44, 0x9a, 0x99, 0xa9, 0xc0, 0x0a, 0xd7,
    0x83, 0x3f, 0x00, 0x00, 0x60, 0xd2, 0x45, 0x66, 0x66, 0xf6, 0x40, 0xec,
    0x51, 0x38, 0x3e, 0x00, 0x00, 0x00, 0xf2, 0x42, 0x66, 0x66, 0x06, 0xc0,
    0x52, 0xb8, 0x9e, 0x3e, 0x00, 0x00, 0x90, 0x6b, 0x45, 0xcd, 0xcc, 0x04,
    0xc1, 0xc3, 0xf5, 0x88, 0x3f, 0x02, 0x00, 0x40, 0x1c, 0x46, 0x9a, 0x99,
    0xc9, 0xc0, 0x33, 0x33, 0x33, 0x3f, 0x00, 0x00, 0xe0, 0x08, 0x45, 0xcd,
    0xcc, 0x8c, 0x3f, 0x66, 0x66, 0x66, 0x40, 0x00, 0x00, 0x80, 0x39, 0x45,
    0x66, 0x66, 0x66, 0xbf, 0x66, 0x66, 0x56, 0x40, 0x00, 0x00, 0xa0, 0x7e,
    0x45, 0x66, 0x66, 0xa6, 0x3f, 0x5c, 0x8f, 0x9a, 0x40, 0x00, 0x00, 0xa8,
    0x9b, 0x45, 0xcd, 0xcc, 0x8c, 0xbf, 0x00, 0x00, 0xc0, 0x40, 0x00, 0x00,
    0xd0, 0xc0, 0x01, 0x00, 0x00, 0xd2, 0x42, 0x33, 0x33, 0xe3, 0x40, 0x33,
    0x33, 0x33, 0x3f, 0x00, 0x00, 0x40, 0x84, 0x45, 0x33, 0x33, 0xc3, 0x40,
    0xf6, 0x28, 0xfc, 0x3f, 0x00, 0x00, 0x00, 0xc8, 0x42, 0x66, 0x66, 0x66,
    0xc0, 0xe1, 0x7a, 0x94, 0x3e, 0x00, 0x00, 0x40, 0x4e, 0x44, 0x9a, 0x99,
    0x39, 0xc0, 0xd7, 0xa3, 0xb0, 0x3f, 0x00, 0x00, 0x08, 0xe5, 0x45, 0x66,
    0x66, 0x26, 0x40, 0x5c, 0x8f, 0xa2, 0x3f, 0x02, 0x00, 0x40, 0x1c, 0x46,
    0xcd, 0xcc, 0xdc, 0xc0, 0x33, 0x33, 0x33, 0x3f, 0x00, 0x00, 0x00, 0x02,
    0x43, 0x33, 0x33, 0x33, 0x3f, 0xf6, 0x28, 0xdc, 0x3f, 0x00, 0x00, 0x00,
    0x6c, 0x42, 0x9a, 0x99, 0x19, 0xbf, 0xec, 0x51, 0xf8, 0x3f, 0x00, 0x00,
    0x00, 0x72, 0x43, 0x00, 0x00, 0x00, 0xbf, 0x52, 0xb8, 0xfe, 0x3f, 0x00,
    0x00, 0x50, 0x2d, 0x45, 0x33, 0x33, 0x33, 0xbf, 0x52, 0xb8, 0x86, 0x40,
    0x33, 0x33, 0xd3, 0xc0, 0x01, 0x00, 0x00, 0xd2, 0x42, 0xcd, 0xcc, 0x6c,
    0x40, 0x33, 0x33, 0x33, 0x3f, 0x00, 0x00, 0x20, 0x83, 0x44, 0x33, 0x33,
    0xe3, 0xc0, 0x8f, 0xc2, 0x35, 0x3f, 0x00, 0x00, 0x80, 0x0e, 0x45, 0x33,
    0x33, 0xb3, 0x40, 0x8f, 0xc2, 0xf5, 0x3e, 0x00, 0x00, 0x10, 0x11, 0x46,
    0x9a, 0x99, 0xa9, 0x40, 0xec, 0x51, 0x08, 0x40, 0x00, 0x00, 0x00, 0x54,
    0x43, 0xcd, 0xcc, 0x2c, 0xc0, 0x66, 0x66, 0x26, 0x3f, 0x02, 0x00, 0x40,
    0x1c, 0x46, 0x00, 0x00, 0xa0, 0xc0, 0x33, 0x33, 0x33, 0x3f, 0x00, 0x00,
    0xa0, 0x78, 0x45, 0x9a, 0x99, 0x79, 0x40, 0x85, 0xeb, 0x61, 0x40, 0x00,
    0x00, 0x70, 0xaf, 0x45, 0x33, 0x33, 0x83, 0xc0, 0xe1, 0x7a, 0x9c, 0x40,
    0x00, 0x00, 0x60, 0x38, 0x45, 0x66, 0x66, 0x06, 0xc0, 0xa4, 0x70, 0x5d,
    0x40, 0x00, 0x00, 0x50, 0xe0, 0x45, 0x9a, 0x99, 0x59, 0x40, 0xcd, 0xcc,
    0xac, 0x40, 0x00, 0x00, 0xd0, 0xc0, 0x01, 0x00, 0x00, 0xd2, 0x42, 0x66,
    0x66, 0xc6, 0x40, 0x33, 0x33, 0x33, 0x3f, 0x00, 0x00, 0xa0, 0x80, 0x45,
    0x9a, 0x99, 0xc9, 0x40, 0xf6, 0x28, 0x3c, 0x40, 0x00, 0x00, 0x80, 0x53,
    0x44, 0xcd, 0xcc, 0x0c, 0xc0, 0xd7, 0xa3, 0x00, 0x40, 0x00, 0x00, 0x00,
    0x04, 0x43, 0x66, 0x66, 0x26, 0xc0, 0xae, 0x47, 0x61, 0x3e, 0x00, 0x00,
    0xc0, 0xfa, 0x45, 0x33, 0x33, 0x33, 0x40, 0xe1, 0x7a, 0xd4, 0x3f, 0x02,
    0x00, 0x40, 0x1c, 0x46, 0x66, 0x66, 0x66, 0xc0, 0x33, 0x33, 0x33, 0x3f,
    0x00, 0x00, 0x00, 0x44, 0x42, 0x9a, 0x99, 0x19, 0xbf, 0xec, 0x51, 0x08,
    0x40, 0x00, 0x00, 0x40, 0xc8, 0x44, 0x66, 0x66, 0xa6, 0xbf, 0x52, 0xb8,
    0x6e, 0x40, 0x00, 0x00, 0x00, 0xe6, 0x42, 0xcd, 0xcc, 0xcc, 0x3e, 0x14,
    0xae, 0xc7, 0x3f, 0x00, 0x00, 0xc0, 0xfe, 0x44, 0x00, 0x00, 0x80, 0x3f,
    0x48, 0xe1, 0x92, 0x40, 0x33, 0x33, 0xd3, 0xc0, 0x01, 0x00, 0x00, 0xd2,
    0x42, 0x00, 0x00, 0xc0, 0x40, 0x33, 0x33, 0x33, 0x3f, 0x00, 0x00, 0xc0,
    0x40, 0x44, 0x33, 0x33, 0x13, 0xc0, 0x9a, 0x99, 0xf9, 0x3f, 0x00, 0x00,
    0x30, 0x6b, 0x45, 0x66, 0x66, 0xd6, 0x40, 0x7b, 0x14, 0xee, 0x3f, 0x00,
    0x00, 0x00, 0xf2, 0x42, 0x9a, 0x99, 0x59, 0xc0, 0xae, 0x47, 0x61, 0x3e,
    0x00, 0x00, 0xb8, 0x0b, 0x46, 0x00, 0x00, 0x00, 0x40, 0xa4, 0x70, 0x1d,
    0x40, 0x02, 0x00, 0x40, 0x1c, 0x46, 0xcd, 0xcc, 0x9c, 0xc0, 0x33, 0x33,
    0x33, 0x3f, 0x00, 0x00, 0x00, 0x6c, 0x42, 0x9a, 0x99, 0x19, 0xbf, 0xd7,
    0xa3, 0xb0, 0x3f, 0x00, 0x00, 0x00, 0xd8, 0x42, 0x9a, 0x99, 0x19, 0x3f,
    0xec, 0x51, 0xb8, 0x3f, 0x00, 0x00, 0xe0, 0xef, 0x44, 0x00, 0x00, 0xc0,
    0x3f, 0xb8, 0x1e, 0x95, 0x40, 0x00, 0x00, 0xc8, 0xaf, 0x45, 0x33, 0x33,
    0xb3, 0xbf, 0x00, 0x00, 0xc0, 0x40, 0x66, 0x66, 0xa6, 0xc0, 0x01, 0x00,
    0x00, 0xd2, 0x42, 0xcd, 0xcc, 0x8c, 0x40, 0x33, 0x33, 0x33, 0x3f, 0x00,
    0x00, 0x00, 0x44, 0x43, 0x00, 0x00, 0x20, 0xc0, 0x1f, 0x85, 0xeb, 0x3e,
    0x00, 0x00, 0x80, 0x5c, 0x45, 0x66, 0x66, 0xa6, 0x40, 0x3d, 0x0a, 0x07,
    0x40, 0x00, 0x00, 0x40, 0x90, 0x44, 0xcd, 0xcc, 0x0c, 0xc0, 0x85, 0xeb,
    0x91, 0x3f, 0x00, 0x00, 0xc0, 0xd9, 0x44, 0x33, 0x33, 0xf3, 0x3f, 0x71,
    0x3d, 0x0a, 0x40, 0x02, 0x00, 0x40, 0x1c, 0x46, 0x33, 0x33, 0xd3, 0xc0,
    0x33, 0x33, 0x33, 0x3f, 0x00, 0x00, 0x54, 0x17, 0x46, 0xcd, 0xcc, 0x8c,
    0x40, 0x8f, 0xc2, 0x05, 0x40, 0x00, 0x00, 0x00, 0xaa, 0x45, 0x66, 0x66,
    0x46, 0xc0, 0xae, 0x47, 0xb9, 0x40, 0x00, 0x00, 0xe0, 0xe1, 0x45, 0x66,
    0x66, 0xa6, 0x3f, 0x14, 0xae, 0x27, 0x40, 0x00, 0x00, 0x50, 0x1c, 0x45,
    0xcd, 0xcc, 0x4c, 0x3e, 0x00, 0x00, 0xc0, 0x40, 0x9a, 0x99, 0xb9, 0xc0,
    0x01, 0x00, 0x00, 0xd2, 0x42, 0x66, 0x66, 0xb6, 0x40, 0x33, 0x33, 0x33,
    0x3f, 0x00, 0x00, 0x40, 0x67, 0x44, 0x00, 0x00, 0x60, 0xc0, 0xa4, 0x70,
    0x9d, 0x3f, 0x00, 0x00, 0xb0, 0x88, 0x45, 0x33, 0x33, 0x1b, 0x41, 0xf6,
    0x28, 0x1c, 0x3f, 0x00, 0x00, 0x00, 0x18, 0x43, 0xcd, 0xcc, 0x6c, 0xc0,
    0xec, 0x51, 0x38, 0x3e, 0x00, 0x00, 0xc8, 0xa7, 0x45, 0x33, 0x33, 0x33,
    0xc1, 0x33, 0x33, 0x03, 0x40, 0x02, 0x00, 0x40, 0x1c, 0x46, 0x9a, 0x99,
    0xc9, 0xc0, 0x33, 0x33, 0x33, 0x3f, 0x00, 0x00, 0x00, 0x38, 0x42, 0xcd,
    0xcc, 0xcc, 0xbe, 0x0a, 0xd7, 0xa3, 0x3f, 0x00, 0x00, 0x00, 0x00, 0x43,
    0x00, 0x00, 0x00, 0x3f, 0x71, 0x3d, 0xca, 0x3f, 0x00, 0x00, 0x00, 0x68,
    0x43, 0xcd, 0xcc, 0xcc, 0xbe, 0x52, 0xb8, 0xfe, 0x3f, 0x00, 0x00, 0x00,
    0xc8, 0x41, 0x00, 0x00, 0x00, 0x3f, 0xec, 0x51, 0x28, 0x40, 0x00, 0x00,
    0xd0, 0xc0, 0x01, 0x00, 0x00, 0xd2, 0x42, 0x00, 0x00, 0xf0, 0x40, 0x33,
    0x33, 0x33, 0x3f, 0x00, 0x00, 0x20, 0xc8, 0x44, 0xcd, 0xcc, 0x2c, 0xc0,
    0xcd, 0xcc, 0x8c, 0x3f, 0x00, 0x00, 0xe0, 0x7d, 0x45, 0xcd, 0xcc, 0x8c,
    0x40, 0xec, 0x51, 0x78, 0x40, 0x00, 0x00, 0x00, 0x70, 0x42, 0x66, 0x66,
    0x86, 0xc0, 0x0a, 0xd7, 0x23, 0x3f, 0x00, 0x00, 0x00, 0xd0, 0x43, 0x66,
    0x66, 0xe6, 0x3f, 0x33, 0x33, 0x43, 0x40, 0x02, 0x00, 0x40, 0x1c, 0x46,
    0x33, 0x33, 0xf3, 0xc0, 0x33, 0x33, 0x33, 0x3f, 0x00, 0x00, 0x48, 0xb3,
    0x45, 0x9a, 0x99, 0x59, 0xc0, 0x14, 0xae, 0xbf, 0x40, 0x00, 0x00, 0xc8,
    0x91, 0x45, 0x9a, 0x99, 0x19, 0x3f, 0x29, 0x5c, 0xbf, 0x40, 0x00, 0x00,
    0x40, 0x1c, 0x46, 0x00, 0x00, 0xa0, 0x40, 0x7b, 0x14, 0xae, 0x3f, 0x00,
    0x00, 0x00, 0x64, 0x43, 0x9a, 0x99, 0x99, 0xbe, 0xae, 0x47, 0x41, 0x40,
    0x9a, 0x99, 0xa9, 0xc0, 0x01, 0x00, 0x00, 0xd2, 0x42, 0x33, 0x33, 0xd3,
    0x40, 0x33, 0x33, 0x33, 0x3f, 0x00, 0x00, 0x00, 0xc8, 0x42, 0x00, 0x00,
    0x90, 0xc0, 0x9a, 0x99, 0x99, 0x3e, 0x00, 0x00, 0x60, 0xb9, 0x44, 0x33,
    0x33, 0x73, 0xc0, 0xec, 0x51, 0xb8, 0x3f, 0x00, 0x00, 0x80, 0xe2, 0x43,
    0xcd, 0xcc, 0x6c, 0x40, 0x1f, 0x85, 0x6b, 0x3f, 0x00, 0x00, 0x60, 0x71,
    0x45, 0x33, 0x33, 0xb3, 0x40, 0x0a, 0xd7, 0x53, 0x40, 0x02, 0x00, 0x40,
    0x1c, 0x46, 0xcd, 0xcc, 0x1c, 0xc1, 0x33, 0x33, 0x33, 0x3f, 0x00, 0x00,
    0x14, 0x1a, 0x46, 0x33, 0x33, 0xc3, 0x40, 0x1f, 0x85, 0x4b, 0x40, 0x00,
    0x00, 0xf4, 0x13, 0x46, 0x33, 0x33, 0xb3, 0xbf, 0x3d, 0x0a, 0xa7, 0x40,
    0x00, 0x00, 0x08, 0x0a, 0x46, 0x9a, 0x99, 0x39, 0x40, 0xd7, 0xa3, 0x50,
    0x40, 0x00, 0x00, 0xb0, 0xe8, 0x45, 0x33, 0x33, 0xf3, 0x3f, 0xd7, 0xa3,
    0xa8, 0x40, 0x00, 0x00, 0xc0, 0xc0, 0x01, 0x00, 0x00, 0xd2, 0x42, 0x33,
    0x33, 0xb3, 0x40, 0x33, 0x33, 0x33, 0x3f, 0x00, 0x00, 0xd0, 0x94, 0x45,
    0x9a, 0x99, 0xb9, 0x40, 0xf6, 0x28, 0x1c, 0x40, 0x00, 0x00, 0xac, 0x04,
    0x46, 0xcd, 0xcc, 0xbc, 0x40, 0xd7, 0xa3, 0xd0, 0x3f, 0x00, 0x00, 0x80,
    0xa1, 0x43, 0x66, 0x66, 0xe6, 0xbf, 0xec, 0x51, 0x38, 0x3e, 0x00, 0x00,
    0xf0, 0x39, 0x45, 0x00, 0x00, 0xc0, 0xc0, 0x5c, 0x8f, 0x62, 0x40, 0x02,
    0x00, 0x40, 0x1c, 0x46, 0xcd, 0xcc, 0x6c, 0xc0, 0x33, 0x33, 0x33, 0x3f,
    0x00, 0x00, 0x80, 0x80, 0x44, 0x66, 0x66, 0xe6, 0xbf, 0x29, 0x5c, 0x0f,
    0x40, 0x00, 0x00, 0x60, 0xeb, 0x44, 0x33, 0x33, 0x33, 0x40, 0x5c, 0x8f,
    0x72, 0x40, 0x00, 0x00, 0xc0, 0x09, 0x44, 0x66, 0x66, 0x66, 0x3f, 0x8f,
    0xc2, 0x95, 0x3f, 0x00, 0x00, 0x20, 0xaf, 0x44, 0x9a, 0x99, 0x19, 0xbf,
    0xa4, 0x70, 0x9d, 0x3f, 0x9a, 0x99, 0xa9, 0xc0, 0x01, 0x00, 0x00, 0xd2,
    0x42, 0x33, 0x33, 0xb3, 0x40, 0x33, 0x33, 0x33, 0x3f, 0x00, 0x00, 0x10,
    0x05, 0x46, 0x9a, 0x99, 0xe9, 0x40, 0xe1, 0x7a, 0x94, 0x3f, 0x00, 0x00,
    0x50, 0x16, 0x45, 0xcd, 0xcc, 0xcc, 0xbf, 0x3d, 0x0a, 0x57, 0x3e, 0x00,
    0x00, 0x00, 0xda, 0x42, 0x33, 0x33, 0xf3, 0xbf, 0x52, 0xb8, 0x9e, 0x3e,
    0x00, 0x00, 0x90, 0x86, 0x45, 0xcd, 0xcc, 0x8c, 0x40, 0x7b, 0x14, 0x8e,
    0x40, 0x02, 0x00, 0x40, 0x1c, 0x46, 0x66, 0x66, 0x66, 0xc0, 0x33, 0x33,
    0x33, 0x3f, 0x00, 0x00, 0x40, 0xf4, 0x44, 0xcd, 0xcc, 0x0c, 0x40, 0x85,
    0xeb, 0x51, 0x40, 0x00, 0x00, 0x30, 0x35, 0x45, 0x33, 0x33, 0x13, 0xc0,
    0x00, 0x00, 0x60, 0x40, 0x00, 0x00, 0x40, 0x9b, 0x44, 0xcd, 0xcc, 0x8c,
    0xbf, 0x52, 0xb8, 0x1e, 0x40, 0x00, 0x00, 0x90, 0x08, 0x45, 0x33, 0x33,
    0x33, 0x3f, 0xae, 0x47, 0x21, 0x40, 0x66, 0x66, 0xc6, 0xc0, 0x01, 0x00,
    0x00, 0xd2, 0x42, 0x9a, 0x99, 0x89, 0x40, 0x33, 0x33, 0x33, 0x3f, 0x00,
    0x00, 0x80, 0x9f, 0x43, 0xcd, 0xcc, 0xcc, 0xc0, 0x5c, 0x8f, 0x42, 0x3e,
    0x00, 0x00, 0xb0, 0xc8, 0x45, 0x00, 0x00, 0xc0, 0x40, 0x14, 0xae, 0xa7,
    0x3f, 0x00, 0x00, 0x80, 0xfb, 0x43, 0x00, 0x00, 0xe0, 0x40, 0x85, 0xeb,
    0x11, 0x3f, 0x00, 0x00, 0x00, 0x1c, 0x42, 0xcd, 0xcc, 0x6c, 0xc0, 0xec,
    0x51, 0x38, 0x3f, 0x02, 0x00, 0x40, 0x1c, 0x46, 0x00, 0x00, 0x10, 0xc1,
    0x33, 0x33, 0x33, 0x3f, 0x00, 0x00, 0x98, 0x11, 0x46, 0x66, 0x66, 0x86,
    0x40, 0xe1, 0x7a, 0x24, 0x40, 0x00, 0x00, 0xc0, 0x36, 0x45, 0x9a, 0x99,
    0x39, 0xc0, 0x5c, 0x8f, 0xba, 0x40, 0x00, 0x00, 0x78, 0xc4, 0x45, 0xcd,
    0xcc, 0x4c, 0x3f, 0xc3, 0xf5, 0x98, 0x40, 0x00, 0x00, 0x10, 0x06, 0x45,
    0x00, 0x00, 0x80, 0x3f, 0x1f, 0x85, 0x2b, 0x40, 0xcd, 0xcc, 0xbc, 0xc0,
    0x01, 0x00, 0x00, 0xd2, 0x42, 0x00, 0x00, 0xe0, 0x40, 0x33, 0x33, 0x33,
    0x3f, 0x00, 0x00, 0x80, 0x9b, 0x45, 0x00, 0x00, 0xc0, 0x40, 0xb8, 0x1e,
    0xe5, 0x3f, 0x00, 0x00, 0x00, 0x96, 0x42, 0x9a, 0x99, 0x39, 0xc0, 0x33,
    0x33, 0xb3, 0x3e, 0x00, 0x00, 0xc0, 0x4d, 0x45, 0x33, 0x33, 0x53, 0xc0,
    0x1f, 0x85, 0x0b, 0x40, 0x00, 0x00, 0x60, 0xaf, 0x44, 0x9a, 0x99, 0x99,
    0xbf, 0x52, 0xb8, 0xbe, 0x3f, 0x02, 0x00, 0x40, 0x1c, 0x46, 0x00, 0x00,
    0xe0, 0xc0, 0x33, 0x33, 0x33, 0x3f, 0x00, 0x00, 0x5c, 0x05, 0x46, 0x66,
    0x66, 0x06, 0x40, 0x33, 0x33, 0xd3, 0x3f, 0x00, 0x00, 0x00, 0xf0, 0x42,
    0x00, 0x00, 0x00, 0x3f, 0x71, 0x3d, 0x4a, 0x40, 0x00, 0x00, 0x00, 0x8e,
    0x42, 0xcd, 0xcc, 0xcc, 0xbe, 0xcd, 0xcc, 0x3c, 0x40, 0x00, 0x00, 0x00,
    0xbe, 0x43, 0x9a, 0x99, 0x99, 0xbe, 0xe1, 0x7a, 0xf4, 0x3f, 0xcd, 0xcc,
    0xac, 0xc0, 0x01, 0x00, 0x00, 0xd2, 0x42, 0x66, 0x66, 0x46, 0x40, 0x33,
    0x33, 0x33, 0x3f, 0x00, 0x00, 0xc8, 0x9b, 0x45, 0x00, 0x00, 0xd0, 0x40,
    0x0a, 0xd7, 0xa3, 0x3f, 0x00, 0x00, 0x00, 0xd2, 0x42, 0x66, 0x66, 0x26,
    0xc0, 0x48, 0xe1, 0xfa, 0x3e, 0x00, 0x00, 0x20, 0x50, 0x45, 0xcd, 0xcc,
    0x8c, 0xc0, 0xb8, 0x1e, 0x05, 0x40, 0x00, 0x00, 0xc0, 0xc9, 0x44, 0xcd,
    0xcc, 0x8c, 0xbf, 0xf6, 0x28, 0xbc, 0x3f, 0x02, 0x00, 0x40, 0x1c, 0x46,
    0x33, 0x33, 0xb3, 0xc0, 0x33, 0x33, 0x33, 0x3f, 0x00, 0x00, 0x74, 0x14,
    0x46, 0xcd, 0xcc, 0x0c, 0x40, 0x9a, 0x99, 0xb9, 0x40, 0x00, 0x00, 0x80,
    0x36, 0x44, 0x00, 0x00, 0x00, 0x3f, 0x8f, 0xc2, 0x35, 0x40, 0x00, 0x00,
    0x80, 0x90, 0x44, 0x9a, 0x99, 0x99, 0xbe, 0xb8, 0x1e, 0x45, 0x40, 0x00,
    0x00, 0xe8, 0xda, 0x45, 0x33, 0x33, 0xf3, 0x3f, 0x48, 0xe1, 0xba, 0x40,
    0x66, 0x66, 0xc6, 0xc0, 0x01, 0x00, 0x00, 0xd2, 0x42, 0xcd, 0xcc, 0xcc,
    0x40, 0x33, 0x33, 0x33, 0x3f, 0x00, 0x00, 0x00, 0x47, 0x43, 0x33, 0x33,
    0x53, 0xc0, 0x7b, 0x14, 0xae, 0x3e, 0x00, 0x00, 0x40, 0xbe, 0x45, 0xcd,
    0xcc, 0xdc, 0x40, 0xae, 0x47, 0x81, 0x3f, 0x00, 0x00, 0xc0, 0x19, 0x44,
    0x00, 0x00, 0x80, 0x40, 0xec, 0x51, 0x38, 0x3f, 0x00, 0x00, 0xd0, 0x8a,
    0x45, 0x33, 0x33, 0x53, 0xc0, 0xec, 0x51, 0x38, 0x3e, 0x02, 0x00, 0x40,
    0x1c, 0x46, 0x66, 0x66, 0x26, 0xc1, 0x33, 0x33, 0x33, 0x3f, 0x00, 0x00,
    0x08, 0x10, 0x46, 0x33, 0x33, 0x83, 0x40, 0x8f, 0xc2, 0xf5, 0x3f, 0x00,
    0x00, 0x60, 0xd9, 0x44, 0x33, 0x33, 0x33, 0x3f, 0xf6, 0x28, 0x84, 0x40,
    0x00, 0x00, 0xc0, 0x45, 0x45, 0x33, 0x33, 0xb3, 0xbf, 0x3d, 0x0a, 0xbf,
    0x40, 0x00, 0x00, 0x10, 0x8e, 0x45, 0x66, 0x66, 0xa6, 0x3f, 0x00, 0x00,
    0xc0, 0x40, 0x9a, 0x99, 0xc9, 0xc0, 0x01, 0x00, 0x00, 0xd2, 0x42, 0x33,
    0x33, 0xd3, 0x40, 0x33, 0x33, 0x33, 0x3f, 0x00, 0x00, 0xf0, 0x08, 0x45,
    0x66, 0x66, 0xb6, 0x40, 0x1f, 0x85, 0x2b, 0x3f, 0x00, 0x00, 0x20, 0xac,
    0x44, 0x33, 0x33, 0x33, 0xc0, 0xec, 0x51, 0x78, 0x3f, 0x00, 0x00, 0x00,
    0xa5, 0x43, 0xcd, 0xcc, 0x4c, 0xc0, 0x5c, 0x8f, 0x42, 0x3e, 0x00, 0x00,
    0x80, 0xc4, 0x43, 0x66, 0x66, 0x06, 0x40, 0xa4, 0x70, 0xfd, 0x3f, 0x02,
    0x00, 0x40, 0x1c, 0x46, 0x66, 0x66, 0xe6, 0x3f, 0x33, 0x33, 0x33, 0x3f,
    0x00, 0x00, 0x98, 0xd6, 0x45, 0x00, 0x00, 0xc0, 0x3f, 0x52, 0xb8, 0x9e,
    0x3f, 0x00, 0x00, 0x68, 0xb2, 0x45, 0x66, 0x66, 0x66, 0xc0, 0xae, 0x47,
    0x89, 0x40, 0x00, 0x00, 0x00, 0x7c, 0x42, 0x00, 0x00, 0x00, 0xbf, 0x52,
    0xb8, 0x0e, 0x40, 0x00, 0x00, 0x00, 0x28, 0x42, 0x33, 0x33, 0x33, 0x3f,
    0xa4, 0x70, 0x5d, 0x40, 0x9a, 0x99, 0xa9, 0xc0, 0x01, 0x00, 0x00, 0xd2,
    0x42, 0x33, 0x33, 0xd3, 0x40, 0x33, 0x33, 0x33, 0x3f, 0x00, 0x00, 0x80,
    0x4d, 0x44, 0x00, 0x00, 0x80, 0xc0, 0x00, 0x00, 0x80, 0x3f, 0x00, 0x00,
    0x30, 0x00, 0x45, 0x66, 0x66, 0x66, 0x40, 0xec, 0x51, 0x38, 0x3f, 0x00,
    0x00, 0x00, 0x98, 0x42, 0x33, 0x33, 0x53, 0xc0, 0x33, 0x33, 0xb3, 0x3e,
    0x00, 0x00, 0xc8, 0x0e, 0x46, 0x66, 0x66, 0x06, 0x40, 0x71, 0x3d, 0xca,
    0x3f, 0x02, 0x00, 0x40, 0x1c, 0x46, 0x00, 0x00, 0x00, 0x80, 0x33, 0x33,
    0x33, 0x3f, 0x00, 0x00, 0xd0, 0x88, 0x45, 0x9a, 0x99, 0xd9, 0x3f, 0x9a,
    0x99, 0x69, 0x40, 0x00, 0x00, 0xf0, 0xb8, 0x45, 0x00, 0x00, 0x00, 0xc0,
    0x7b, 0x14, 0xb6, 0x40, 0x00, 0x00, 0x20, 0x41, 0x45, 0xcd, 0xcc, 0x4c,
    0xbf, 0x85, 0xeb, 0x51, 0x40, 0x00, 0x00, 0x80, 0xb3, 0x43, 0xcd, 0xcc,
    0xcc, 0x3e, 0x5c, 0x8f, 0x32, 0x40, 0x66, 0x66, 0xc6, 0xc0, 0x01, 0x00,
    0x00, 0xd2, 0x42, 0xcd, 0xcc, 0xdc, 0x40, 0x33, 0x33, 0x33, 0x3f, 0x00,
    0x00, 0x00, 0xba, 0x42, 0xcd, 0xcc, 0xbc, 0xc0, 0x66, 0x66, 0x26, 0x3f,
    0x00, 0x00, 0x5c, 0x07, 0x46, 0x00, 0x00, 0xa0, 0x40, 0x33, 0x33, 0x03,
    0x40, 0x00, 0x00, 0x00, 0xd4, 0x44, 0x33, 0x33, 0x53, 0xc0, 0x5c, 0x8f,
    0xc2, 0x3f, 0x00, 0x00, 0xa0, 0x41, 0x45, 0xcd, 0xcc, 0xac, 0x40, 0x71,
    0x3d, 0x4a, 0x40, 0x02, 0x00, 0x40, 0x1c, 0x46, 0xcd, 0xcc, 0x4c, 0xc0,
    0x33, 0x33, 0x33, 0x3f, 0x00, 0x00, 0x80, 0x9f, 0x43, 0xcd, 0xcc, 0xcc,
    0x3f, 0x9a, 0x99, 0x09, 0x40, 0x00, 0x00, 0xc0, 0x43, 0x44, 0x33, 0x33,
    0x33, 0xbf, 0x5c, 0x8f, 0xe2, 0x3f, 0x00, 0x00, 0xb8, 0x9b, 0x45, 0x9a,
    0x99, 0x19, 0x40, 0x00, 0x00, 0xc0, 0x40, 0x00, 0x00, 0x00, 0x3b, 0x43,
    0x66, 0x66, 0x66, 0xbf, 0x0a, 0xd7, 0x03, 0x40, 0x00, 0x00, 0xd0, 0xc0,
    0x01, 0x00, 0x00, 0xd2, 0x42, 0x00, 0x00, 0xe0, 0x40, 0x33, 0x33, 0x33,
    0x3f, 0x00, 0x00, 0x00, 0x04, 0x43, 0xcd, 0xcc, 0x8c, 0xc0, 0xae, 0x47,
    0xe1, 0x3e, 0x00, 0x00, 0x74, 0x02, 0x46, 0x00, 0x00, 0xd0, 0x40, 0x29,
    0x5c, 0xaf, 0x3f, 0x00, 0x00, 0xe0, 0xa1, 0x44, 0x9a, 0x99, 0x79, 0xc0,
    0x00, 0x00, 0x80, 0x3f, 0x00, 0x00, 0xa0, 0x1c, 0x45, 0x66, 0x66, 0x96,
    0x40, 0x85, 0xeb, 0xb1, 0x3f, 0x02, 0x00, 0x40, 0x1c, 0x46, 0x00, 0x00,
    0x00, 0xc0, 0x33, 0x33, 0x33, 0x3f, 0x00, 0x00, 0x88, 0x82, 0x45, 0x9a,
    0x99, 0x79, 0xc0, 0x66, 0x66, 0xbe, 0x40, 0x00, 0x00, 0x20, 0x4d, 0x45,
    0x33, 0x33, 0x53, 0x40, 0x48, 0xe1, 0xba, 0x40, 0x00, 0x00, 0x50, 0x2d,
    0x45, 0xcd, 0xcc, 0xcc, 0xbf, 0x00, 0x00, 0xc0, 0x40, 0x00, 0x00, 0x18,
    0x9a, 0x45, 0x9a, 0x99, 0xd9, 0x3f, 0x00, 0x00, 0xc0, 0x40, 0x00, 0x00,
    0xd0, 0xc0, 0x01, 0x00, 0x00, 0xd2, 0x42, 0x66, 0x66, 0xd6, 0x40, 0x33,
    0x33, 0x33, 0x3f, 0x00, 0x00, 0xc0, 0xb1, 0x44, 0x9a, 0x99, 0x99, 0xc0,
    0x52, 0xb8, 0x5e, 0x3f, 0x00, 0x00, 0x20, 0x24, 0x45, 0xcd, 0xcc, 0xdc,
    0x40, 0x52, 0xb8, 0x9e, 0x3f, 0x00, 0x00, 0x00, 0x1d, 0x43, 0xcd, 0xcc,
    0x4c, 0xc0, 0x8f, 0xc2, 0xf5, 0x3e, 0x00, 0x00, 0x50, 0xd9, 0x45, 0x00,
    0x00, 0xa0, 0x40, 0x00, 0x00, 0x40, 0x40, 0x02, 0x00, 0x40, 0x1c, 0x46,
    0x66, 0x66, 0x86, 0xc0, 0x33, 0x33, 0x33, 0x3f, 0x00, 0x00, 0xf0, 0x9b,
    0x45, 0x00, 0x00, 0x60, 0x40, 0x9a, 0x99, 0xb1, 0x40, 0x00, 0x00, 0xf0,
    0x7d, 0x45, 0x66, 0x66, 0x26, 0xc0, 0x00, 0x00, 0xc0, 0x40, 0x00, 0x00,
    0x00, 0x4c, 0x42, 0x66, 0x66, 0x66, 0x3f, 0x3d, 0x0a, 0x57, 0x40, 0x00,
    0x00, 0x00, 0x9a, 0x42, 0x9a, 0x99, 0x19, 0xbf, 0x0a, 0xd7, 0x33, 0x40,
    0x00, 0x00, 0xd0, 0xc0, 0x01, 0x00, 0x00, 0xd2, 0x42, 0xcd, 0xcc, 0xec,
    0x40, 0x33, 0x33, 0x33, 0x3f, 0x00, 0x00, 0x00, 0xc2, 0x42, 0x33, 0x33,
    0x83, 0xc0, 0xae, 0x47, 0xe1, 0x3e, 0x00, 0x00, 0x90, 0x12, 0x45, 0x33,
    0x33, 0xb3, 0x40, 0x85, 0xeb, 0x01, 0x40, 0x00, 0x00, 0x80, 0xe0, 0x43,
    0x9a, 0x99, 0x19, 0x40, 0x52, 0xb8, 0xfe, 0x3f, 0x00, 0x00, 0x58, 0x82,
    0x45, 0x66, 0x66, 0x66, 0xc0, 0x48, 0xe1, 0xba, 0x3f, 0x02, 0x00, 0x40,
    0x1c, 0x46, 0x66, 0x66, 0xb6, 0xc0, 0x33, 0x33, 0x33, 0x3f, 0x00, 0x00,
    0xc0, 0x85, 0x44, 0x33, 0x33, 0xf3, 0xbf, 0x33, 0x33, 0x13, 0x40, 0x00,
    0x00, 0xc0, 0x20, 0x44, 0x9a, 0x99, 0x19, 0x3f, 0xcd, 0xcc, 0x1c, 0x40,
    0x00, 0x00, 0xc0, 0xe0, 0x44, 0x66, 0x66, 0x66, 0x3f, 0x66, 0x66, 0x56,
    0x40, 0x00, 0x00, 0xf0, 0xb9, 0x45, 0xcd, 0xcc, 0xcc, 0xbe, 0x00, 0x00,
    0xc0, 0x40, 0x66, 0x66, 0xc6, 0xc0, 0x01, 0x00, 0x00, 0xd2, 0x42, 0x33,
    0x33, 0xd3, 0x40, 0x33, 0x33, 0x33, 0x3f, 0x00, 0x00, 0x90, 0x14, 0x45,
    0x9a, 0x99, 0x11, 0xc1, 0x00, 0x00, 0x00, 0x3f, 0x00, 0x00, 0x00, 0xfb,
    0x45, 0x66, 0x66, 0x06, 0x41, 0x71, 0x3d, 0xaa, 0x3f, 0x00, 0x00, 0x00,
    0x8a, 0x42, 0xcd, 0xcc, 0x8c, 0xc0, 0x3d, 0x0a, 0x97, 0x3f, 0x00, 0x00,
    0x30, 0x27, 0x45, 0x33, 0x33, 0x2b, 0x41, 0x52, 0xb8, 0xbe, 0x3f, 0x02,
    0x00, 0x40, 0x1c, 0x46, 0x00, 0x00, 0x00, 0xc1, 0x33, 0x33, 0x33, 0x3f,
    0x00, 0x00, 0x00, 0x56, 0x43, 0xcd, 0xcc, 0x4c, 0x40, 0xd7, 0xa3, 0x20,
    0x40, 0x00, 0x00, 0x00, 0xfa, 0x42, 0x00, 0x00, 0x80, 0xbf, 0xa4, 0x70,
    0xfd, 0x3f, 0x00, 0x00, 0x00, 0x9b, 0x43, 0x9a, 0x99, 0x99, 0xbf, 0xec,
    0x51, 0x68, 0x40, 0x00, 0x00, 0x00, 0xad, 0x44, 0x66, 0x66, 0x66, 0xbf,
    0x5c, 0x8f, 0x42, 0x40, 0x9a, 0x99, 0xd9, 0xc0, 0x01, 0x00, 0x00, 0xd2,
    0x42, 0x9a, 0x99, 0xd9, 0x40, 0x33, 0x33, 0x33, 0x3f, 0x00, 0x00, 0x00,
    0xbb, 0x44, 0x9a, 0x99, 0x39, 0xc0, 0xd7, 0xa3, 0x70, 0x3f, 0x00, 0x00,
    0xa8, 0x8a, 0x45, 0x66, 0x66, 0xf6, 0x40, 0x33, 0x33, 0xb3, 0x3f, 0x00,
    0x00, 0x00, 0x98, 0x42, 0x00, 0x00, 0xe0, 0xc0, 0xae, 0x47, 0x61, 0x3f,
    0x00, 0x00, 0xf0, 0x1f, 0x45, 0x66, 0x66, 0x46, 0xc0, 0xc3, 0xf5, 0xe8,
    0x3f, 0x02, 0x00, 0x40, 0x1c, 0x46, 0x9a, 0x99, 0x19, 0xbf, 0x33, 0x33,
    0x33, 0x3f, 0x00, 0x00, 0x00, 0x78, 0x43, 0x33, 0x33, 0x33, 0x40, 0xec,
    0x51, 0x18, 0x40, 0x00, 0x00, 0x00, 0x09, 0x43, 0xcd, 0xcc, 0xcc, 0xbf,
    0x33, 0x33, 0x03, 0x40, 0x00, 0x00, 0x00, 0x98, 0x42, 0x66, 0x66, 0x66,
    0x3f, 0x3d, 0x0a, 0x17, 0x40, 0x00, 0x00, 0x00, 0x44, 0x42, 0x33, 0x33,
    0x33, 0xbf, 0xb8, 0x1e, 0x25, 0x40, 0x33, 0x33, 0xb3, 0xc0, 0x01, 0x00,
    0x00, 0xd2, 0x42, 0xcd, 0xcc, 0x8c, 0x41, 0x33, 0x33, 0x33, 0x3f, 0x00,
    0x00, 0x00, 0x40, 0x42, 0x33, 0x33, 0x87, 0xc1, 0xe1, 0x7a, 0x94, 0x3e,
    0x00, 0x00, 0x00, 0xae, 0x43, 0x00, 0x00, 0xc0, 0x40, 0x52, 0xb8, 0x5e,
    0x3f, 0x00, 0x00, 0xf0, 0xa0, 0x45, 0x33, 0x33, 0x53, 0x40, 0x33, 0x33,
    0x83, 0x40, 0x00, 0x00, 0x30, 0x3a, 0x45, 0x66, 0x66, 0xe6, 0x3f, 0x52,
    0xb8, 0xfe, 0x3f, 0x02, 0x00, 0x40, 0x1c, 0x46, 0xcd, 0xcc, 0xdc, 0xc0,
    0x33, 0x33, 0x33, 0x3f, 0x00, 0x00, 0x40, 0xac, 0x44, 0x33, 0x33, 0xb3,
    0xbf, 0xec, 0x51, 0x08, 0x40, 0x00, 0x00, 0x00, 0x47, 0x44, 0x9a, 0x99,
    0x19, 0x3f, 0x8f, 0xc2, 0xd5, 0x3f, 0x00, 0x00, 0x10, 0xc5, 0x45, 0xcd,
    0xcc, 0xcc, 0x3f, 0x33, 0x33, 0xa3, 0x40, 0x00, 0x00, 0x10, 0x0b, 0x45,
    0xcd, 0xcc, 0x4c, 0x3f, 0xcd, 0xcc, 0x6c, 0x40, 0x66, 0x66, 0x46, 0xc0,
    0x01, 0x00, 0x00, 0xd2, 0x42, 0x9a, 0x99, 0x19, 0x3f, 0x33, 0x33, 0x33,
    0x3f, 0x00, 0x00, 0x00, 0x1c, 0x43, 0x66, 0x66, 0xa6, 0xc0, 0x48, 0xe1,
    0x3a, 0x3f, 0x00, 0x00, 0x00, 0xa3, 0x43, 0x9a, 0x99, 0xa9, 0x40, 0x1f,
    0x85, 0xcb, 0x3f, 0x00, 0x00, 0x28, 0xdd, 0x45, 0x33, 0x33, 0x33, 0x40,
    0x7b, 0x14, 0x0e, 0x40, 0x00, 0x00, 0xb0, 0x59, 0x45, 0x66, 0x66, 0x06,
    0x40, 0x71, 0x3d, 0xba, 0x40, 0x02, 0x00, 0x40, 0x1c, 0x46, 0x33, 0x33,
    0x83, 0xc0, 0x33, 0x33, 0x33, 0x3f, 0x00, 0x00, 0x00, 0x34, 0x42, 0xcd,
    0xcc, 0x8c, 0xbf, 0x33, 0x33, 0xf3, 0x3f, 0x00, 0x00, 0x00, 0x84, 0x42,
    0x33, 0x33, 0xb3, 0x3f, 0x8f, 0xc2, 0x65, 0x40, 0x00, 0x00, 0xc0, 0x44,
    0x44, 0x00, 0x00, 0x00, 0xbf, 0xb8, 0x1e, 0xe5, 0x3f, 0x00, 0x00, 0x00,
    0xcd, 0x44, 0x66, 0x66, 0x66, 0x3f, 0x71, 0x3d, 0x5a, 0x40, 0x33, 0x33,
    0xa3, 0xc0, 0x01, 0x00, 0x00, 0xd2, 0x42, 0x33, 0x33, 0x33, 0x40, 0x33,
    0x33, 0x33, 0x3f, 0x00, 0x00, 0x00, 0x01, 0x43, 0x33, 0x33, 0xc3, 0xc0,
    0xcd, 0xcc, 0x4c, 0x3e, 0x00, 0x00, 0x60, 0xc9, 0x44, 0xcd, 0xcc, 0x6c,
    0x40, 0x00, 0x00, 0x40, 0x3f, 0x00, 0x00, 0x50, 0x5d, 0x45, 0x9a, 0x99,
    0x79, 0x40, 0x29, 0x5c, 0x9f, 0x40, 0x00, 0x00, 0x00, 0xab, 0x43, 0x66,
    0x66, 0xc6, 0x40, 0xb8, 0x1e, 0x15, 0x40, 0x02, 0x00, 0x40, 0x1c, 0x46,
    0xcd, 0xcc, 0xdc, 0xc0, 0x33, 0x33, 0x33, 0x3f, 0x00, 0x00, 0x00, 0x58,
    0x42, 0x66, 0x66, 0x66, 0xbf, 0x48, 0xe1, 0xba, 0x3f, 0x00, 0x00, 0x00,
    0xf4, 0x42, 0x66, 0x66, 0xa6, 0x3f, 0xb8, 0x1e, 0xe5, 0x3f, 0x00, 0x00,
    0x48, 0x9f, 0x45, 0x66, 0x66, 0x46, 0x40, 0x00, 0x00, 0xc0, 0x40, 0x00,
    0x00, 0x00, 0x43, 0x43, 0x00, 0x00, 0x80, 0xbf, 0xcd, 0xcc, 0x1c, 0x40,
    0x00, 0x00, 0xc0, 0xc0, 0x01, 0x00, 0x00, 0xd2, 0x42, 0xcd, 0xcc, 0x64,
    0x41, 0x33, 0x33, 0x33, 0x3f, 0x00, 0x00, 0x80, 0x94, 0x43, 0x9a, 0x99,
    0xc9, 0x40, 0xe1, 0x7a, 0xb4, 0x3f, 0x00, 0x00, 0x00, 0x30, 0x42, 0x9a,
    0x99, 0x51, 0xc1, 0x3d, 0x0a, 0xd7, 0x3e, 0x00, 0x00, 0x50, 0x26, 0x45,
    0x66, 0x66, 0x66, 0xc0, 0x7b, 0x14, 0xb6, 0x40, 0x00, 0x00, 0x90, 0x88,
    0x45, 0x9a, 0x99, 0x99, 0xc0, 0x00, 0x00, 0xc0, 0x40, 0x02, 0x00, 0x40,
    0x1c, 0x46, 0x33, 0x33, 0x2b, 0xc1, 0x33, 0x33, 0x33, 0x3f, 0x00, 0x00,
    0x80, 0x6e, 0x44, 0x00, 0x00, 0x80, 0x3f, 0x66, 0x66, 0x06, 0x40, 0x00,
    0x00, 0x58, 0xca, 0x45, 0x66, 0x66, 0xa6, 0xbf, 0x00, 0x00, 0xc0, 0x40,
    0x00, 0x00, 0x10, 0xa7, 0x45, 0x33, 0x33, 0xf3, 0x3f, 0xe1, 0x7a, 0xbc,
    0x40, 0x00, 0x00, 0x00, 0xb0, 0x42, 0x33, 0x33, 0x33, 0x3f, 0x00, 0x00,
    0x88, 0x40, 0x9a, 0x99, 0xc9, 0xc0, 0x01, 0x00, 0x00, 0xd2, 0x42, 0x33,
    0x33, 0xd3, 0x40, 0x33, 0x33, 0x33, 0x3f, 0x00, 0x00, 0x00, 0x98, 0x42,
    0x00, 0x00, 0xb0, 0xc0, 0xa4, 0x70, 0xbd, 0x3e, 0x00, 0x00, 0x80, 0xce,
    0x43, 0x66, 0x66, 0xf6, 0x40, 0xae, 0x47, 0x01, 0x40, 0x00, 0x00, 0x60,
    0xa1, 0x44, 0x33, 0x33, 0x53, 0xc0, 0x7b, 0x14, 0xae, 0x3f, 0x00, 0x00,
    0xd0, 0x4d, 0x45, 0x00, 0x00, 0x60, 0x40, 0x48, 0xe1, 0x9a, 0x40, 0x02,
    0x00, 0x40, 0x1c, 0x46, 0x66, 0x66, 0xe6, 0x3f, 0x33, 0x33, 0x33, 0x3f,
    0x00, 0x00, 0x18, 0xc0, 0x45, 0x33, 0x33, 0x33, 0xc0, 0x48, 0xe1, 0xa2,
    0x40, 0x00, 0x00, 0x50, 0x1d, 0x45, 0xcd, 0xcc, 0x4c, 0x3f, 0xe1, 0x7a,
    0x54, 0x40, 0x00, 0x00, 0xc0, 0x86, 0x45, 0xcd, 0xcc, 0xcc, 0xbf, 0x00,
    0x00, 0xc0, 0x40, 0x00, 0x00, 0x00, 0x6a, 0x43, 0x9a, 0x99, 0x19, 0xbf,
    0xa4, 0x70, 0x8d, 0x40, 0x66, 0x66, 0x66, 0xc0, 0x01, 0x00, 0x00, 0xd2,
    0x42, 0x66, 0x66, 0x66, 0x40, 0x33, 0x33, 0x33, 0x3f, 0x00, 0x00, 0x40,
    0x2a, 0x44, 0x66, 0x66, 0x66, 0x40, 0x14, 0xae, 0x07, 0x40, 0x00, 0x00,
    0x38, 0x87, 0x45, 0x00, 0x00, 0x40, 0xc0, 0x5c, 0x8f, 0x22, 0x40, 0x00,
    0x00, 0x00, 0xdc, 0x42, 0x66, 0x66, 0x06, 0xc0, 0x85, 0xeb, 0x51, 0x3f,
    0x00, 0x00, 0x00, 0x8a, 0x42, 0x66, 0x66, 0xa6, 0x3f, 0x85, 0xeb, 0xd1,
    0x3f, 0x02, 0x00, 0x40, 0x1c, 0x46, 0xcd, 0xcc, 0xcc, 0xbe, 0x33, 0x33,
    0x33, 0x3f, 0x00, 0x00, 0x30, 0xc8, 0x45, 0x00, 0x00, 0x00, 0x40, 0xa4,
    0x70, 0x9d, 0x40, 0x00, 0x00, 0xd0, 0x43, 0x45, 0x66, 0x66, 0x66, 0xbf,
    0x85, 0xeb, 0xa1, 0x40, 0x00, 0x00, 0x60, 0x0b, 0x45, 0x66, 0x66, 0x66,
    0xbf, 0x8f, 0xc2, 0x45, 0x40, 0x00, 0x00, 0x00, 0xa9, 0x44, 0xcd, 0xcc,
    0xcc, 0x3e, 0xd7, 0xa3, 0x00, 0x40, 0x00, 0x00, 0xc0, 0xc0, 0x01, 0x00,
    0x00, 0xd2, 0x42, 0x9a, 0x99, 0x51, 0x41, 0x33, 0x33, 0x33, 0x3f, 0x00,
    0x00, 0x00, 0x60, 0x42, 0x33, 0x33, 0x4b, 0xc1, 0xec, 0x51, 0xb8, 0x3e,
    0x00, 0x00, 0x80, 0x83, 0x43, 0xcd, 0xcc, 0xac, 0x40, 0x8f, 0xc2, 0x95,
    0x3f, 0x00, 0x00, 0xa0, 0xb1, 0x44, 0x9a, 0x99, 0x19, 0xc0, 0xae, 0x47,
    0x81, 0x3f, 0x00, 0x00, 0x50, 0x48, 0x45, 0x9a, 0x99, 0x89, 0x40, 0xb8,
    0x1e, 0xe5, 0x3f, 0x02, 0x00, 0x40, 0x1c, 0x46, 0xcd, 0xcc, 0xcc, 0xbd,
    0x33, 0x33, 0x33, 0x3f, 0x00, 0x00, 0xb8, 0xbd, 0x45, 0x9a, 0x99, 0xd9,
    0x3f, 0xae, 0x47, 0x71, 0x40, 0x00, 0x00, 0xc8, 0xa1, 0x45, 0x66, 0x66,
    0xa6, 0xbf, 0x00, 0x00, 0xc0, 0x40, 0x00, 0x00, 0x40, 0x00, 0x44, 0xcd,
    0xcc, 0xcc, 0x3d, 0x85, 0xeb, 0x01, 0x40, 0x00, 0x00, 0x40, 0x86, 0x45,
    0x9a, 0x99, 0x19, 0xbf, 0x00, 0x00, 0xc0, 0x40, 0x66, 0x66, 0xc6, 0xc0,
    0x01, 0x00, 0x00, 0xd2, 0x42, 0x66, 0x66, 0xe6, 0x40, 0x33, 0x33, 0x33,
    0x3f, 0x00, 0x00, 0x00, 0xf1, 0x43, 0x9a, 0x99, 0x19, 0x40, 0x1f, 0x85,
    0x6b, 0x3f, 0x00, 0x00, 0x00, 0x70, 0x42, 0x9a, 0x99, 0x99, 0xc0, 0x9a,
    0x99, 0x19, 0x3f, 0x00, 0x00, 0xe0, 0xc1, 0x45, 0x33, 0x33, 0x53, 0xc0,
    0x9a, 0x99, 0xd9, 0x3f, 0x00, 0x00, 0x00, 0x18, 0x42, 0x33, 0x33, 0x13,
    0x40, 0xcd, 0xcc, 0xcc, 0x3f, 0x02, 0x00, 0x40, 0x1c, 0x46, 0x66, 0x66,
    0x06, 0xc0, 0x33, 0x33, 0x33, 0x3f, 0x00, 0x00, 0x20, 0xbb, 0x44, 0x33,
    0x33, 0xb3, 0xbf, 0x9a, 0x99, 0x59, 0x40, 0x00, 0x00, 0xc0, 0x54, 0x44,
    0x00, 0x00, 0x00, 0x3f, 0x5c, 0x8f, 0x02, 0x40, 0x00, 0x00, 0xa0, 0x90,
    0x45, 0xcd, 0xcc, 0xcc, 0x3f, 0x0a, 0xd7, 0x83, 0x40, 0x00, 0x00, 0x20,
    0x72, 0x45, 0x00, 0x00, 0x20, 0xc0, 0x00, 0x00, 0xc0, 0x40, 0x33, 0x33,
    0xd3, 0xc0, 0x01, 0x00, 0x00, 0xd2, 0x42, 0x00, 0x00, 0xf0, 0x40, 0x33,
    0x33, 0x33, 0x3f, 0x00, 0x00, 0xa0, 0x86, 0x45, 0x9a, 0x99, 0x99, 0x40,
    0x5c, 0x8f, 0x02, 0x3f, 0x00, 0x00, 0x00, 0xba, 0x42, 0xcd, 0xcc, 0x8c,
    0xc0, 0xf6, 0x28, 0xdc, 0x3e, 0x00, 0x00, 0xf0, 0x5b, 0x45, 0xcd, 0xcc,
    0x4c, 0xc0, 0x9a, 0x99, 0x81, 0x40, 0x00, 0x00, 0x50, 0x06, 0x45, 0x66,
    0x66, 0x46, 0xc0, 0x8f, 0xc2, 0x75, 0x3f, 0x02, 0x00, 0x40, 0x1c, 0x46,
    0x00, 0x00, 0xc0, 0xbf, 0x33, 0x33, 0x33, 0x3f, 0x00, 0x00, 0x30, 0x8d,
    0x45, 0x66, 0x66, 0xa6, 0x3f, 0x00, 0x00, 0xc0, 0x40, 0x00, 0x00, 0x00,
    0x68, 0x42, 0x9a, 0x99, 0x19, 0xbf, 0x0a, 0xd7, 0x13, 0x40, 0x00, 0x00,
    0x00, 0x08, 0x42, 0x33, 0x33, 0x33, 0x3f, 0x66, 0x66, 0x66, 0x40, 0x00,
    0x00, 0x00, 0xd4, 0x42, 0x9a, 0x99, 0x99, 0x3e, 0x1f, 0x85, 0xeb, 0x3f,
    0xcd, 0xcc, 0xcc, 0xc0, 0x01, 0x00, 0x00, 0xd2, 0x42, 0x66, 0x66, 0xe6,
    0x40, 0x33, 0x33, 0x33, 0x3f, 0x00, 0x00, 0x00, 0xb4, 0x42, 0x66, 0x66,
    0x86, 0xc0, 0x00, 0x00, 0x00, 0x3f, 0x00, 0x00, 0x80, 0x94, 0x45, 0x33,
    0x33, 0x93, 0x40, 0x8f, 0xc2, 0x45, 0x40, 0x00, 0x00, 0x80, 0xa1, 0x44,
    0x9a, 0x99, 0xd9, 0xbf, 0x8f, 0xc2, 0xb5, 0x3f, 0x00, 0x00, 0x80, 0xb6,
    0x43, 0x33, 0x33, 0x13, 0x40, 0xa4, 0x70, 0xdd, 0x3f, 0x02, 0x00, 0x40,
    0x1c, 0x46, 0xcd, 0xcc, 0x4c, 0xc0, 0x33, 0x33, 0x33, 0x3f, 0x00, 0x00,
    0xd0, 0x58, 0x45, 0x66, 0x66, 0xe6, 0xbf, 0x0a, 0xd7, 0xab, 0x40, 0x00,
    0x00, 0xa8, 0xb5, 0x45, 0xcd, 0xcc, 0xcc, 0x3f, 0x29, 0x5c, 0xbf, 0x40,
    0x00, 0x00, 0xb8, 0xc8, 0x45, 0x9a, 0x99, 0x99, 0xbf, 0x00, 0x00, 0xc0,
    0x40, 0x00, 0x00, 0x88, 0x82, 0x45, 0xcd, 0xcc, 0x8c, 0x3f, 0x00, 0x00,
    0xc0, 0x40, 0x66, 0x66, 0xc6, 0xc0, 0x01, 0x00, 0x00, 0xd2, 0x42, 0xcd,
    0xcc, 0x4c, 0x3e, 0x33, 0x33, 0x33, 0x3f, 0x00, 0x00, 0x00, 0x70, 0x43,
    0x66, 0x66, 0xe6, 0xc0, 0xc3, 0xf5, 0xa8, 0x3e, 0x00, 0x00, 0xb0, 0x12,
    0x45, 0x9a, 0x99, 0xb9, 0x40, 0x1f, 0x85, 0x6b, 0x3e, 0x00, 0x00, 0x00,
    0x4c, 0x42, 0xcd, 0xcc, 0x4c, 0x40, 0xae, 0x47, 0x81, 0x3f, 0x00, 0x00,
    0xc0, 0x9f, 0x45, 0xcd, 0xcc, 0xec, 0xc0, 0xa4, 0x70, 0x85, 0x40, 0x02,
    0x00, 0x40, 0x1c, 0x46, 0x00, 0x00, 0xb0, 0xc0, 0x33, 0x33, 0x33, 0x3f,
    0x00, 0x00, 0xe0, 0xdf, 0x44, 0x33, 0x33, 0x13, 0xc0, 0xae, 0x47, 0x11,
    0x40, 0x00, 0x00, 0x00, 0xa0, 0x44, 0x33, 0x33, 0x33, 0x40, 0x14, 0xae,
    0x47, 0x40, 0x00, 0x00, 0x40, 0x46, 0x45, 0xcd, 0xcc, 0xcc, 0x3f, 0xcd,
    0xcc, 0x7c, 0x40, 0x00, 0x00, 0x80, 0x39, 0x44, 0x9a, 0x99, 0x19, 0xbf,
    0x9a, 0x99, 0xf9, 0x3f, 0xcd, 0xcc, 0xcc, 0xc0, 0x01, 0x00, 0x00, 0xd2,
    0x42, 0x9a, 0x99, 0x19, 0x3f, 0x33, 0x33, 0x33, 0x3f, 0x00, 0x00, 0x00,
    0x2b, 0x43, 0x66, 0x66, 0xd6, 0xc0, 0x71, 0x3d, 0x4a, 0x3f, 0x00, 0x00,
    0xa0, 0xe9, 0x44, 0x33, 0x33, 0xf3, 0x40, 0x85, 0xeb, 0x51, 0x3f, 0x00,
    0x00, 0xc0, 0x78, 0x44, 0x9a, 0x99, 0xc9, 0xc0, 0xb8, 0x1e, 0x45, 0x3f,
    0x00, 0x00, 0x34, 0x00, 0x46, 0x00, 0x00, 0x60, 0x40, 0x29, 0x5c, 0x8f,
    0x3e, 0x02, 0x00, 0x40, 0x1c, 0x46, 0x00, 0x00, 0x90, 0xc0, 0x33, 0x33,
    0x33, 0x3f, 0x00, 0x00, 0x00, 0x64, 0x42, 0xcd, 0xcc, 0xcc, 0x3f, 0xcd,
    0xcc, 0x4c, 0x40, 0x00, 0x00, 0xe0, 0x8f, 0x45, 0xcd, 0xcc, 0x0c, 0x40,
    0x48, 0xe1, 0x7a, 0x40, 0x00, 0x00, 0x48, 0xab, 0x45, 0xcd, 0xcc, 0x0c,
    0xc0, 0xcd, 0xcc, 0xbc, 0x40, 0x00, 0x00, 0x00, 0xd6, 0x42, 0xcd, 0xcc,
    0x4c, 0xbf, 0xe1, 0x7a, 0x24, 0x40, 0x66, 0x66, 0xd6, 0xc0, 0x01, 0x00,
    0x00, 0xd2, 0x42, 0x9a, 0x99, 0x09, 0x41, 0x33, 0x33, 0x33, 0x3f, 0x00,
    0x00, 0x00, 0x82, 0x42, 0x00, 0x00, 0xb0, 0xc0, 0x8f, 0xc2, 0xf5, 0x3e,
    0x00, 0x00, 0xbc, 0x0c, 0x46, 0x33, 0x33, 0xc3, 0x40, 0x48, 0xe1, 0xba,
    0x3f, 0x00, 0x00, 0xa0, 0x88, 0x44, 0x33, 0x33, 0x73, 0xc0, 0x14, 0xae,
    0xa7, 0x3f, 0x00, 0x00, 0xa0, 0x0f, 0x45, 0x66, 0x66, 0x06, 0x40, 0x66,
    0x66, 0x86, 0x3f, 0x02, 0x00, 0x40, 0x1c, 0x46, 0xcd, 0xcc, 0x4c, 0x3f,
    0x33, 0x33, 0x33, 0x3f, 0x00, 0x00, 0x68, 0xb1, 0x45, 0x33, 0x33, 0x83,
    0xc0, 0x00, 0x00, 0xc0, 0x40, 0x00, 0x00, 0x68, 0xcb, 0x45, 0x00, 0x00,
    0x40, 0x40, 0x00, 0x00, 0xc0, 0x40, 0x00, 0x00, 0x00, 0x4d, 0x43, 0x33,
    0x33, 0x33, 0xbf, 0xcd, 0xcc, 0x2c, 0x40, 0x00, 0x00, 0x00, 0x10, 0x43,
    0x00, 0x00, 0x00, 0x3f, 0x29, 0x5c, 0xef, 0x3f, 0x66, 0x66, 0xd6, 0xc0,
    0x01, 0x00, 0x00, 0xd2, 0x42, 0x00, 0x00, 0xa0, 0xc0, 0x33, 0x33, 0x33,
    0x3f, 0x00, 0x00, 0x00, 0xbd, 0x43, 0x9a, 0x99, 0xb9, 0x40, 0x1f, 0x85,
    0xcb, 0x3f, 0x00, 0x00, 0x00, 0xb4, 0x42, 0x33, 0x33, 0xc3, 0xc0, 0x66,
    0x66, 0xa6, 0x3f, 0x00, 0x00, 0x00, 0x50, 0x42, 0x9a, 0x99, 0xf9, 0x40,
    0x3d, 0x0a, 0x97, 0x3f, 0x00, 0x00, 0xa0, 0xd4, 0x44, 0xcd, 0xcc, 0xac,
    0x40, 0x8f, 0xc2, 0x65, 0x40, 0x02, 0x00, 0x40, 0x1c, 0x46, 0xcd, 0xcc,
    0x8c, 0xbf, 0x33, 0x33, 0x33, 0x3f, 0x00, 0x00, 0xa0, 0xbc, 0x45, 0x66,
    0x66, 0xd6, 0xc0, 0xd7, 0xa3, 0x30, 0x40, 0x00, 0x00, 0x90, 0x30, 0x45,
    0x33, 0x33, 0xe3, 0xc0, 0xb8, 0x1e, 0x15, 0x40, 0x00, 0x00, 0x40, 0xff,
    0x44, 0x00, 0x00, 0x60, 0x40, 0x14, 0xae, 0xe7, 0x3f, 0x00, 0x00, 0x40,
    0x6e, 0x44, 0x00, 0x00, 0x00, 0xc0, 0xec, 0x51, 0x68, 0x40, 0x66, 0x66,
    0xd6, 0xc0, 0x01, 0x00, 0x00, 0xd2, 0x42, 0xcd, 0xcc, 0xcc, 0x3f, 0x33,
    0x33, 0x33, 0x3f, 0x00, 0x00, 0x00, 0x0a, 0x43, 0x00, 0x00, 0xe0, 0xc0,
    0xc3, 0xf5, 0xa8, 0x3f, 0x00, 0x00, 0x50, 0x14, 0x45, 0x66, 0x66, 0xf6,
    0x40, 0x8f, 0xc2, 0x95, 0x3f, 0x00, 0x00, 0x80, 0xa0, 0x44, 0x9a, 0x99,
    0xf9, 0xc0, 0xd7, 0xa3, 0x00, 0x40, 0x00, 0x00, 0x00, 0x54, 0x42, 0xcd,
    0xcc, 0x2c, 0x40, 0xcd, 0xcc, 0x4c, 0x3f, 0x02, 0x00, 0x40, 0x1c, 0x46,
    0x66, 0x66, 0x66, 0xbf, 0x33, 0x33, 0x33, 0x3f, 0x00, 0x00, 0x00, 0xec,
    0x43, 0x66, 0x66, 0x26, 0x40, 0xf6, 0x28, 0x9c, 0x3f, 0x00, 0x00, 0x00,
    0x6a, 0x43, 0x9a, 0x99, 0xd9, 0xbf, 0xb8, 0x1e, 0x15, 0x40, 0x00, 0x00,
    0x80, 0x6c, 0x44, 0x9a, 0x99, 0xd9, 0xbf, 0x7b, 0x14, 0x4e, 0x40, 0x00,
    0x00, 0xa0, 0xce, 0x45, 0x66, 0x66, 0xe6, 0xbf, 0x00, 0x00, 0xc0, 0x40,
    0x66, 0x66, 0x96, 0xc0, 0x01, 0x00, 0x00, 0xd2, 0x42, 0xcd, 0xcc, 0x1c,
    0xc1, 0x33, 0x33, 0x33, 0x3f, 0x00, 0x00, 0x00, 0x0a, 0x43, 0x66, 0x66,
    0x6e, 0xc1, 0x9a, 0x99, 0x19, 0x3f, 0x00, 0x00, 0x00, 0xa2, 0x42, 0x66,
    0x66, 0x92, 0x41, 0xec, 0x51, 0xb8, 0x3e, 0x00, 0x00, 0xe0, 0xef, 0x44,
    0x33, 0x33, 0x93, 0x40, 0x14, 0xae, 0x57, 0x40, 0x00, 0x00, 0x20, 0x80,
    0x44, 0x66, 0x66, 0x06, 0xc0, 0xb8, 0x1e, 0x15, 0x40, 0x02, 0x00, 0x40,
    0x1c, 0x46, 0xcd, 0xcc, 0x4c, 0xc0, 0x33, 0x33, 0x33, 0x3f, 0x00, 0x00,
    0xc0, 0x17, 0x46, 0x00, 0x00, 0x20, 0x40, 0x29, 0x5c, 0x0f, 0x40, 0x00,
    0x00, 0x50, 0x63, 0x45, 0xcd, 0xcc, 0xcc, 0x3f, 0x8f, 0xc2, 0x95, 0x3f,
    0x00, 0x00, 0x40, 0x27, 0x45, 0x66, 0x66, 0x46, 0xc0, 0x52, 0xb8, 0xa6,
    0x40, 0x00, 0x00, 0x28, 0xb3, 0x45, 0x66, 0x66, 0x66, 0xc0, 0xe1, 0x7a,
    0xb4, 0x40, 0x00, 0x00, 0xd0, 0xc0, 0x01, 0x00, 0x00, 0xd2, 0x42, 0xcd,
    0xcc, 0xac, 0x40, 0x33, 0x33, 0x33, 0x3f, 0x00, 0x00, 0x00, 0x6c, 0x43,
    0x9a, 0x99, 0x19, 0xc0, 0x14, 0xae, 0x07, 0x3f, 0x00, 0x00, 0x60, 0xcf,
    0x44, 0xcd, 0xcc, 0xdc, 0x40, 0xae, 0x47, 0xe1, 0x3f, 0x00, 0x00, 0x00,
    0x14, 0x44, 0x00, 0x00, 0xc0, 0xbf, 0x8f, 0xc2, 0x95, 0x3f, 0x00, 0x00,
    0xf0, 0xba, 0x45, 0x00, 0x00, 0x80, 0xc0, 0x71, 0x3d, 0x4a, 0x40, 0x02,
    0x00, 0x40, 0x1c, 0x46, 0x00, 0x00, 0xc0, 0xbf, 0x33, 0x33, 0x33, 0x3f,
    0x00, 0x00, 0x20, 0x56, 0x45, 0x9a, 0x99, 0x39, 0x40, 0xb8, 0x1e, 0xbd,
    0x40, 0x00, 0x00, 0xa0, 0x32, 0x45, 0x33, 0x33, 0xf3, 0xbf, 0x66, 0x66,
    0xae, 0x40, 0x00, 0x00, 0x88, 0x81, 0x45, 0x00, 0x00, 0xc0, 0xbf, 0x00,
    0x00, 0xc0, 0x40, 0x00, 0x00, 0x00, 0x58, 0x42, 0xcd, 0xcc, 0x4c, 0xbe,
    0x0a, 0xd7, 0xe3, 0x3f, 0x66, 0x66, 0x96, 0xc0, 0x01, 0x00, 0x00, 0xd2,
    0x42, 0xcd, 0xcc, 0x2c, 0x40, 0x33, 0x33, 0x33, 0x3f, 0x00, 0x00, 0x00,
    0x50, 0x43, 0xcd, 0xcc, 0x2c, 0xc0, 0x0a, 0xd7, 0x23, 0x3f, 0x00, 0x00,
    0xd4, 0x04, 0x46, 0x9a, 0x99, 0x79, 0x40, 0xec, 0x51, 0x38, 0x40, 0x00,
    0x00, 0x60, 0xfc, 0x44, 0x9a, 0x99, 0xa9, 0x40, 0xa4, 0x70, 0x1d, 0x40,
    0x00, 0x00, 0x20, 0x33, 0x45, 0x66, 0x66, 0x86, 0xc0, 0x33, 0x33, 0x63,
    0x40, 0x02, 0x00, 0x40, 0x1c, 0x46, 0x00, 0x00, 0x20, 0xc0, 0x33, 0x33,
    0x33, 0x3f, 0x00, 0x00, 0x38, 0xb1, 0x45, 0x00, 0x00, 0x40, 0xc0, 0x0a,
    0xd7, 0xb3, 0x40, 0x00, 0x00, 0x20, 0x87, 0x45, 0x33, 0x33, 0xf3, 0x3f,
    0xb8, 0x1e, 0x85, 0x40, 0x00, 0x00, 0x48, 0xdf, 0x45, 0xcd, 0xcc, 0x0c,
    0x40, 0xc3, 0xf5, 0xa8, 0x40, 0x00, 0x00, 0xd8, 0xa3, 0x45, 0xcd, 0xcc,
    0x8c, 0xbf, 0x00, 0x00, 0xc0, 0x40, 0x9a, 0x99, 0x99, 0xc0, 0x01, 0x00,
    0x00, 0xd2, 0x42, 0xcd, 0xcc, 0x2c, 0x40, 0x33, 0x33, 0x33, 0x3f, 0x00,
    0x00, 0x00, 0x50, 0x43, 0xcd, 0xcc, 0x2c, 0xc0, 0x0a, 0xd7, 0x23, 0x3f,
    0x00, 0x00, 0xb4, 0x04, 0x46, 0x00, 0x00, 0x80, 0x40, 0x9a, 0x99, 0x39,
    0x40, 0x00, 0x00, 0x80, 0xfc, 0x44, 0xcd, 0xcc, 0xac, 0x40, 0xae, 0x47,
    0x21, 0x40, 0x00, 0x00, 0x50, 0x33, 0x45, 0x9a, 0x99, 0x89, 0xc0, 0xb8,
    0x1e, 0x65, 0x40, 0x02, 0x00, 0x40, 0x1c, 0x46, 0x9a, 0x99, 0x19, 0xc0,
    0x33, 0x33, 0x33, 0x3f, 0x00, 0x00, 0xa0, 0xae, 0x45, 0x00, 0x00, 0x80,
    0xc0, 0xcd, 0xcc, 0xac, 0x40, 0x00, 0x00, 0xa8, 0x86, 0x45, 0x66, 0x66,
    0xe6, 0x3f, 0x48, 0xe1, 0x8a, 0x40, 0x00, 0x00, 0x00, 0xde, 0x45, 0xcd,
    0xcc, 0x0c, 0x40, 0xc3, 0xf5, 0xa8, 0x40, 0x00, 0x00, 0xa0, 0x9a, 0x44,
    0x00, 0x00, 0x00, 0x3f, 0xf6, 0x28, 0x7c, 0x40, 0x66, 0x66, 0xb6, 0xc0,
    0x01, 0x00, 0x00, 0xd2, 0x42, 0x66, 0x66, 0xc6, 0x40, 0x33, 0x33, 0x33,
    0x3f, 0x00, 0x00, 0x40, 0x7b, 0x44, 0x66, 0x66, 0x46, 0xc0, 0xec, 0x51,
    0x08, 0x40, 0x00, 0x00, 0x40, 0x1c, 0x46, 0x9a, 0x99, 0x99, 0x40, 0x85,
    0xeb, 0x11, 0x3f, 0x00, 0x00, 0x00, 0x28, 0x43, 0xcd, 0xcc, 0x0c, 0xc0,
    0x1f, 0x85, 0x6b, 0x3e, 0x00, 0x00, 0x60, 0x6c, 0x45, 0xcd, 0xcc, 0x6c,
    0x40, 0x9a, 0x99, 0x99, 0x40, 0x02, 0x00, 0x40, 0x1c, 0x46, 0x33, 0x33,
    0x93, 0xc0, 0x33, 0x33, 0x33, 0x3f, 0x00, 0x00, 0x88, 0x0e, 0x46, 0x33,
    0x33, 0xf3, 0x3f, 0xd7, 0xa3, 0x00, 0x40, 0x00, 0x00, 0x80, 0xf0, 0x44,
    0x33, 0x33, 0x13, 0x40, 0x5c, 0x8f, 0x42, 0x40, 0x00, 0x00, 0xa0, 0x2d,
    0x45, 0x00, 0x00, 0x80, 0xbf, 0x14, 0xae, 0x67, 0x40, 0x00, 0x00, 0x80,
    0xa6, 0x44, 0xcd, 0xcc, 0x8c, 0xbf, 0x29, 0x5c, 0x6f, 0x40, 0x00, 0x00,
    0x90, 0xc0, 0x01, 0x00, 0x00, 0xd2, 0x42, 0xcd, 0xcc, 0xcc, 0xc0, 0x33,
    0x33, 0x33, 0x3f, 0x00, 0x00, 0x00, 0x3b, 0x43, 0xcd, 0xcc, 0xac, 0xc0,
    0xec, 0x51, 0x78, 0x3f, 0x00, 0x00, 0xc0, 0x2e, 0x44, 0x66, 0x66, 0xa6,
    0x40, 0x14, 0xae, 0x87, 0x3f, 0x00, 0x00, 0x60, 0xe9, 0x44, 0x33, 0x33,
    0x13, 0x40, 0x29, 0x5c, 0x4f, 0x40, 0x00, 0x00, 0x80, 0x9f, 0x43, 0x66,
    0x66, 0xa6, 0xbf, 0x48, 0xe1, 0x9a, 0x3f, 0x02, 0x00, 0x40, 0x1c, 0x46,
    0x33, 0x33, 0x93, 0xc0, 0x33, 0x33, 0x33, 0x3f, 0x00, 0x00, 0x20, 0x8d,
    0x45, 0x66, 0x66, 0x46, 0x40, 0xd7, 0xa3, 0xb0, 0x40, 0x00, 0x00, 0x18,
    0xee, 0x45, 0x66, 0x66, 0x26, 0x40, 0x1f, 0x85, 0x8b, 0x40, 0x00, 0x00,
    0x00, 0xe8, 0x41, 0x33, 0x33, 0xb3, 0xbf, 0x52, 0xb8, 0x0e, 0x40, 0x00,
    0x00, 0x00, 0x44, 0x42, 0x66, 0x66, 0x06, 0x40, 0xec, 0x51, 0x68, 0x40,
    0x66, 0x66, 0x66, 0xc0, 0x01, 0x00, 0x00, 0xd2, 0x42, 0x00, 0x00, 0x90,
    0xc0, 0x33, 0x33, 0x33, 0x3f, 0x00, 0x00, 0x00, 0x7c, 0x43, 0x33, 0x33,
    0x73, 0xc0, 0x0a, 0xd7, 0xa3, 0x3f, 0x00, 0x00, 0x40, 0x25, 0x45, 0xcd,
    0xcc, 0x0c, 0x40, 0x29, 0x5c, 0x0f, 0x3f, 0x00, 0x00, 0x00, 0x74, 0x42,
    0x00, 0x00, 0x00, 0xc0, 0xc3, 0xf5, 0x28, 0x3f, 0x00, 0x00, 0x00, 0xba,
    0x42, 0x33, 0x33, 0xa3, 0x40, 0xe1, 0x7a, 0x14, 0x40, 0x02, 0x00, 0x40,
    0x1c, 0x46, 0xcd, 0xcc, 0x0c, 0xc1, 0x33, 0x33, 0x33, 0x3f, 0x00, 0x00,
    0x0c, 0x18, 0x46, 0x66, 0x66, 0x66, 0x40, 0x8f, 0xc2, 0xb5, 0x3f, 0x00,
    0x00, 0xa0, 0x9c, 0x44, 0x33, 0x33, 0x13, 0xc0, 0x3d, 0x0a, 0x17, 0x40,
    0x00, 0x00, 0x80, 0x52, 0x44, 0x66, 0x66, 0x06, 0x40, 0x48, 0xe1, 0x5a,
    0x40, 0x00, 0x00, 0xe0, 0xef, 0x44, 0x66, 0x66, 0x06, 0x40, 0x29, 0x5c,
    0x7f, 0x40, 0x66, 0x66, 0xd6, 0xc0, 0x01, 0x00, 0x00, 0xd2, 0x42, 0x66,
    0x66, 0xe6, 0xc0, 0x33, 0x33, 0x33, 0x3f, 0x00, 0x00, 0x40, 0xab, 0x44,
    0x9a, 0x99, 0x39, 0xc1, 0x71, 0x3d, 0x5a, 0x40, 0x00, 0x00, 0xe0, 0xba,
    0x45, 0xcd, 0xcc, 0xdc, 0x40, 0x5c, 0x8f, 0xc2, 0x3f, 0x00, 0x00, 0x00,
    0x7c, 0x42, 0x9a, 0x99, 0x89, 0x40, 0x29, 0x5c, 0x8f, 0x3f, 0x00, 0x00,
    0x00, 0xb8, 0x41, 0x66, 0x66, 0xd6, 0xc0, 0x33, 0x33, 0xf3, 0x3f, 0x02,
    0x00, 0x40, 0x1c, 0x46, 0x66, 0x66, 0xa6, 0xbf, 0x33, 0x33, 0x33, 0x3f,
    0x00, 0x00, 0x60, 0x0e, 0x45, 0x9a, 0x99, 0x89, 0x40, 0x00, 0x00, 0x70,
    0x40, 0x00, 0x00, 0x00, 0xdc, 0x43, 0xcd, 0xcc, 0xcc, 0x3f, 0x3d, 0x0a,
    0xf7, 0x3f, 0x00, 0x00, 0x50, 0x49, 0x45, 0xcd, 0xcc, 0x6c, 0xc0, 0x52,
    0xb8, 0x86, 0x40, 0x00, 0x00, 0x00, 0x48, 0x43, 0xcd, 0xcc, 0x8c, 0xbf,
    0x29, 0x5c, 0xef, 0x3f, 0x66, 0x66, 0x86, 0xc0, 0x01, 0x00, 0x00, 0xd2,
    0x42, 0xcd, 0xcc, 0x88, 0x41, 0x33, 0x33, 0x33, 0x3f, 0x00, 0x00, 0x00,
    0x30, 0x42, 0x33, 0x33, 0x8b, 0xc1, 0x9a, 0x99, 0x99, 0x3e, 0x00, 0x00,
    0x80, 0x0f, 0x45, 0xcd, 0xcc, 0x1c, 0x41, 0x48, 0xe1, 0xfa, 0x3e, 0x00,
    0x00, 0x80, 0x2a, 0x45, 0x33, 0x33, 0x7b, 0xc1, 0x66, 0x66, 0xc6, 0x3f,
    0x00, 0x00, 0x80, 0xca, 0x43, 0x66, 0x66, 0x66, 0x40, 0x14, 0xae, 0xc7,
    0x3f, 0x02, 0x00, 0x40, 0x1c, 0x46, 0x00, 0x00, 0x40, 0x40, 0x33, 0x33,
    0x33, 0x3f, 0x00, 0x00, 0x60, 0xce, 0x45, 0x33, 0x33, 0x73, 0xc0, 0xae,
    0x47, 0x99, 0x40, 0x00, 0x00, 0xb0, 0x7d, 0x45, 0xcd, 0xcc, 0x2c, 0x40,
    0x00, 0x00, 0xc0, 0x40, 0x00, 0x00, 0xe0, 0x49, 0x45, 0x00, 0x00, 0xc0,
    0xbf, 0x00, 0x00, 0xc0, 0x40, 0x00, 0x00, 0xf8, 0xaf, 0x45, 0x00, 0x00,
    0x80, 0x3f, 0x00, 0x00, 0xc0, 0x40, 0x66, 0x66, 0x06, 0xc0, 0x01, 0x00,
    0x00, 0xd2, 0x42, 0x00, 0x00, 0x00, 0xc0, 0x33, 0x33, 0x33, 0x3f, 0x00,
    0x00, 0x00, 0xa6, 0x43, 0x33, 0x33, 0xf3, 0x3f, 0x00, 0x00, 0x00, 0x3f,
    0x00, 0x00, 0x70, 0x69, 0x45, 0x66, 0x66, 0x96, 0xc0, 0xae, 0x47, 0xe1,
    0x3e, 0x00, 0x00, 0xa0, 0x03, 0x45, 0xcd, 0xcc, 0xac, 0x40, 0x71, 0x3d,
    0xca, 0x3f, 0x00, 0x00, 0xc0, 0xb5, 0x45, 0x00, 0x00, 0xa0, 0x40, 0x3d,
    0x0a, 0x77, 0x40, 0x02, 0x00, 0x40, 0x1c, 0x46, 0x00, 0x00, 0xc0, 0xbf,
    0x33, 0x33, 0x33, 0x3f, 0x00, 0x00, 0x00, 0x68, 0x42, 0xcd, 0xcc, 0xcc,
    0xbe, 0x7b, 0x14, 0xae, 0x3f, 0x00, 0x00, 0x00, 0xf8, 0x41, 0xcd, 0xcc,
    0xcc, 0x3e, 0x3d, 0x0a, 0xd7, 0x3f, 0x00, 0x00, 0x00, 0x23, 0x43, 0x33,
    0x33, 0x33, 0x3f, 0x71, 0x3d, 0x6a, 0x40, 0x00, 0x00, 0x00, 0x69, 0x43,
    0xcd, 0xcc, 0xcc, 0xbe, 0xcd, 0xcc, 0x1c, 0x40, 0xcd, 0xcc, 0xdc, 0xc0,
    0x01, 0x00, 0x00, 0xd2, 0x42, 0x66, 0x66, 0xf6, 0x40, 0x33, 0x33, 0x33,
    0x3f, 0x00, 0x00, 0x80, 0xa3, 0x43, 0xcd, 0xcc, 0xbc, 0xc0, 0x14, 0xae,
    0xc7, 0x3f, 0x00, 0x00, 0xc8, 0xa2, 0x45, 0x66, 0x66, 0xd6, 0x40, 0xc3,
    0xf5, 0x28, 0x40, 0x00, 0x00, 0x00, 0x88, 0x42, 0x9a, 0x99, 0x01, 0xc1,
    0x14, 0xae, 0x47, 0x3f, 0x00, 0x00, 0x40, 0xf7, 0x44, 0x9a, 0x99, 0x89,
    0x40, 0xf6, 0x28, 0x0c, 0x40, 0x02, 0x00, 0x40, 0x1c, 0x46, 0x00, 0x00,
    0x20, 0xc0, 0x33, 0x33, 0x33, 0x3f, 0x00, 0x00, 0x90, 0x4b, 0x45, 0x33,
    0x33, 0xf3, 0xbf, 0xa4, 0x70, 0x8d, 0x40, 0x00, 0x00, 0x80, 0x26, 0x44,
    0x00, 0x00, 0xc0, 0x3f, 0xae, 0x47, 0x21, 0x40, 0x00, 0x00, 0x48, 0xd0,
    0x45, 0x00, 0x00, 0xc0, 0x3f, 0x48, 0xe1, 0x7a, 0x40, 0x00, 0x00, 0x00,
    0xd6, 0x43, 0xcd, 0xcc, 0x8c, 0xbf, 0x33, 0x33, 0x8b, 0x40, 0x9a, 0x99,
    0xb9, 0xc0, 0x01, 0x00, 0x00, 0xd2, 0x42, 0x66, 0x66, 0x66, 0x40, 0x33,
    0x33, 0x33, 0x3f, 0x00, 0x00, 0x00, 0x27, 0x43, 0x00, 0x00, 0xa0, 0xc0,
    0x85, 0xeb, 0xd1, 0x3e, 0x00, 0x00, 0x00, 0x0a, 0x45, 0xcd, 0xcc, 0xbc,
    0x40, 0x29, 0x5c, 0xaf, 0x3f, 0x00, 0x00, 0x40, 0x68, 0x44, 0x66, 0x66,
    0x46, 0x40, 0x7b, 0x14, 0x6e, 0x3f, 0x00, 0x00, 0x50, 0x2f, 0x45, 0x33,
    0x33, 0x33, 0xc0, 0x29, 0x5c, 0x6f, 0x40, 0x02, 0x00, 0x40, 0x1c, 0x46,
    0x66, 0x66, 0x66, 0x3f, 0x33, 0x33, 0x33, 0x3f, 0x00, 0x00, 0x44, 0x02,
    0x46, 0x33, 0x33, 0x13, 0xc0, 0x66, 0x66, 0xc6, 0x3f, 0x00, 0x00, 0x50,
    0x7c, 0x45, 0x9a, 0x99, 0x59, 0x40, 0x85, 0xeb, 0xb1, 0x40, 0x00, 0x00,
    0x08, 0xa8, 0x45, 0x33, 0x33, 0xf3, 0xbf, 0xd7, 0xa3, 0x70, 0x40, 0x00,
    0x00, 0x00, 0x34, 0x42, 0x33, 0x33, 0x33, 0xbf, 0x48, 0xe1, 0x4a, 0x40,
    0xcd, 0xcc, 0x9c, 0xc0, 0x01, 0x00, 0x00, 0xd2, 0x42, 0x00, 0x00, 0x00,
    0x00, 0x33, 0x33, 0x33, 0x3f, 0x00, 0x00, 0x00, 0x09, 0x43, 0x9a, 0x99,
    0xb9, 0xc0, 0x7b, 0x14, 0x6e, 0x3f, 0x00, 0x00, 0xe0, 0x07, 0x45, 0xcd,
    0xcc, 0x8c, 0x40, 0xc3, 0xf5, 0xc8, 0x3f, 0x00, 0x00, 0x00, 0x74, 0x42,
    0xcd, 0xcc, 0x0c, 0x40, 0xe1, 0x7a, 0x84, 0x40, 0x00, 0x00, 0x90, 0x55,
    0x45, 0x00, 0x00, 0x40, 0x40, 0xae, 0x47, 0xb9, 0x40, 0x02, 0x00, 0x40,
    0x1c, 0x46, 0xcd, 0xcc, 0x9c, 0x40, 0x33, 0x33, 0x33, 0x3f, 0x00, 0x00,
    0xc0, 0x14, 0x44, 0x00, 0x00, 0x80, 0x3f, 0x48, 0xe1, 0xda, 0x3f, 0x00,
    0x00, 0x00, 0x34, 0x42, 0x33, 0x33, 0xb3, 0x3f, 0x00, 0x00, 0xc0, 0x40,
    0x00, 0x00, 0x00, 0xcb, 0x43, 0xcd, 0xcc, 0x4c, 0xbf, 0x71, 0x3d, 0x4a,
    0x40, 0x00, 0x00, 0x7c, 0x16, 0x46, 0x66, 0x66, 0xa6, 0xbf, 0x66, 0x66,
    0x46, 0x40, 0x00, 0x00, 0xa0, 0xc0, 0x01, 0x00, 0x00, 0xd2, 0x42, 0xcd,
    0xcc, 0xcc, 0xbd, 0x33, 0x33, 0x33, 0x3f, 0x00, 0x00, 0x00, 0x07, 0x43,
    0x00, 0x00, 0xc0, 0xc0, 0x66, 0x66, 0x66, 0x3f, 0x00, 0x00, 0x20, 0x0e,
    0x45, 0x9a, 0x99, 0xa9, 0x40, 0xae, 0x47, 0xa1, 0x3f, 0x00, 0x00, 0x00,
    0x34, 0x42, 0x9a, 0x99, 0xd9, 0x3f, 0xb8, 0x1e, 0x9d, 0x40, 0x00, 0x00,
    0x00, 0x80, 0x42, 0x00, 0x00, 0xc0, 0x3f, 0xf6, 0x28, 0x7c, 0x40, 0x02,
    0x00, 0x40, 0x1c, 0x46, 0xcd, 0xcc, 0x4c, 0x40, 0x33, 0x33, 0x33, 0x3f,
    0x00, 0x00, 0x00, 0x25, 0x44, 0xcd, 0xcc, 0x8c, 0x3f, 0xec, 0x51, 0x18,
    0x40, 0x00, 0x00, 0x90, 0x76, 0x45, 0x9a, 0x99, 0x99, 0xbf, 0xb8, 0x1e,
    0xa5, 0x3f, 0x00, 0x00, 0x94, 0x11, 0x46, 0x9a, 0x99, 0x99, 0xbf, 0x52,
    0xb8, 0x0e, 0x40, 0x00, 0x00, 0x80, 0x58, 0x45, 0x00, 0x00, 0x40, 0x40,
    0x00, 0x00, 0xc0, 0x40, 0x33, 0x33, 0xc3, 0xc0, 0x01, 0x00, 0x00, 0xd2,
    0x42, 0xcd, 0xcc, 0xcc, 0x3d, 0x33, 0x33, 0x33, 0x3f, 0x00, 0x00, 0x20,
    0x11, 0x45, 0x33, 0x33, 0xd3, 0x40, 0xb8, 0x1e, 0xc5, 0x3f, 0x00, 0x00,
    0x00, 0xbc, 0x42, 0x66, 0x66, 0xa6, 0xc0, 0x48, 0xe1, 0x7a, 0x3f, 0x00,
    0x00, 0x60, 0x8e, 0x44, 0x66, 0x66, 0x06, 0xc0, 0xcd, 0xcc, 0x0c, 0x3f,
    0x00, 0x00, 0xd0, 0x6c, 0x45, 0x9a, 0x99, 0x99, 0x40, 0x66, 0x66, 0x56,
    0x40, 0x02, 0x00, 0x40, 0x1c, 0x46, 0x33, 0x33, 0xf3, 0x3f, 0x33, 0x33,
    0x33, 0x3f, 0x00, 0x00, 0xf8, 0x06, 0x46, 0x66, 0x66, 0x26, 0xc0, 0x52,
    0xb8, 0xfe, 0x3f, 0x00, 0x00, 0x00, 0x59, 0x43, 0x33, 0x33, 0xf3, 0xbf,
    0x71, 0x3d, 0x5a, 0x40, 0x00, 0x00, 0x00, 0x00, 0x42, 0xcd, 0xcc, 0xcc,
    0xbe, 0xec, 0x51, 0x08, 0x40, 0x00, 0x00, 0x00, 0x22, 0x43, 0xcd, 0xcc,
    0x8c, 0x3f, 0xa4, 0x70, 0x5d, 0x40, 0x33, 0x33, 0x53, 0xc0, 0x01, 0x00,
    0x00, 0xd2, 0x42, 0x00, 0x00, 0x00, 0x3f, 0x33, 0x33, 0x33, 0x3f, 0x00,
    0x00, 0x00, 0xfe, 0x42, 0x00, 0x00, 0xa0, 0xc0, 0x00, 0x00, 0x00, 0x40,
    0x00, 0x00, 0xf8, 0xa1, 0x45, 0x00, 0x00, 0x80, 0x40, 0x5c, 0x8f, 0xc2,
    0x3e, 0x00, 0x00, 0x90, 0x28, 0x45, 0x9a, 0x99, 0x89, 0xc0, 0x14, 0xae,
    0xa7, 0x3f, 0x00, 0x00, 0x68, 0xb5, 0x45, 0x00, 0x00, 0xa0, 0xc0, 0xb8,
    0x1e, 0xbd, 0x40, 0x02, 0x00, 0x40, 0x1c, 0x46, 0x00, 0x00, 0x40, 0xc0,
    0x33, 0x33, 0x33, 0x3f, 0x00, 0x00, 0x00, 0x34, 0x42, 0x33, 0x33, 0x33,
    0xbf, 0x0a, 0xd7, 0x23, 0x40, 0x00, 0x00, 0x00, 0xd4, 0x43, 0x33, 0x33,
    0x33, 0xbf, 0x3d, 0x0a, 0xd7, 0x3f, 0x00, 0x00, 0x80, 0x4b, 0x44, 0x9a,
    0x99, 0x99, 0x3f, 0x29, 0x5c, 0xaf, 0x40, 0x00, 0x00, 0x70, 0x8f, 0x45,
    0xcd, 0xcc, 0x8c, 0x3f, 0x00, 0x00, 0xc0, 0x40, 0x66, 0x66, 0xc6, 0xc0,
    0x01, 0x00, 0x00, 0xd2, 0x42, 0x33, 0x33, 0xb3, 0xbf, 0x33, 0x33, 0x33,
    0x3f, 0x00, 0x00, 0x00, 0x0c, 0x43, 0x9a, 0x99, 0x09, 0xc1, 0xec, 0x51,
    0x78, 0x3f, 0x00, 0x00, 0xf8, 0x80, 0x45, 0x66, 0x66, 0xc6, 0x40, 0xec,
    0x51, 0xf8, 0x3f, 0x00, 0x00, 0x00, 0x79, 0x43, 0x66, 0x66, 0xa6, 0x40,
    0xb8, 0x1e, 0x05, 0x40, 0x00, 0x00, 0x00, 0x8c, 0x42, 0x9a, 0x99, 0xd9,
    0x3f, 0x00, 0x00, 0x20, 0x40, 0x02, 0x00, 0x40, 0x1c, 0x46, 0x00, 0x00,
    0x20, 0x40, 0x33, 0x33, 0x33, 0x3f, 0x00, 0x00, 0x20, 0xfe, 0x44, 0xcd,
    0xcc, 0xcc, 0x3f, 0xae, 0x47, 0x61, 0x40, 0x00, 0x00, 0x74, 0x04, 0x46,
    0xcd, 0xcc, 0x0c, 0xc0, 0xcd, 0xcc, 0x84, 0x40, 0x00, 0x00, 0x00, 0xba,
    0x45, 0x9a, 0x99, 0x99, 0xbf, 0x00, 0x00, 0xc0, 0x40, 0x00, 0x00, 0x00,
    0x18, 0x42, 0x9a, 0x99, 0x99, 0xbe, 0x14, 0xae, 0x57, 0x40, 0x33, 0x33,
    0x93, 0xc0, 0x01, 0x00, 0x00, 0xd2, 0x42, 0x9a, 0x99, 0x99, 0xbe, 0x33,
    0x33, 0x33, 0x3f, 0x00, 0x00, 0x00, 0x06, 0x43, 0x9a, 0x99, 0xa9, 0xc0,
    0x5c, 0x8f, 0xa2, 0x3f, 0x00, 0x00, 0x90, 0x7f, 0x45, 0x66, 0x66, 0xb6,
    0x40, 0x52, 0xb8, 0x9e, 0x3f, 0x00, 0x00, 0x00, 0x72, 0x43, 0x9a, 0x99,
    0x79, 0x40, 0xec, 0x51, 0x48, 0x40, 0x00, 0x00, 0xd8, 0xd9, 0x45, 0x00,
    0x00, 0x40, 0xc0, 0x48, 0xe1, 0x7a, 0x3f, 0x02, 0x00, 0x40, 0x1c, 0x46,
    0x00, 0x00, 0xc0, 0x3f, 0x33, 0x33, 0x33, 0x3f, 0x00, 0x00, 0xe0, 0xf6,
    0x44, 0x00, 0x00, 0x00, 0x40, 0x3d, 0x0a, 0x77, 0x40, 0x00, 0x00, 0xa0,
    0x83, 0x44, 0x66, 0x66, 0x66, 0xbf, 0x71, 0x3d, 0x0a, 0x40, 0x00, 0x00,
    0x40, 0x03, 0x44, 0xcd, 0xcc, 0x4c, 0xbf, 0x00, 0x00, 0xe0, 0x3f, 0x00,
    0x00, 0x00, 0x84, 0x42, 0xcd, 0xcc, 0x4c, 0x3f, 0x7b, 0x14, 0x3e, 0x40,
    0x33, 0x33, 0xc3, 0xc0, 0x01, 0x00, 0x00, 0xd2, 0x42, 0x33, 0x33, 0xf3,
    0xbf, 0x33, 0x33, 0x33, 0x3f, 0x00, 0x00, 0x00, 0x09, 0x43, 0x33, 0x33,
    0xd3, 0xc0, 0x14, 0xae, 0xa7, 0x3f, 0x00, 0x00, 0xf0, 0x1c, 0x45, 0x66,
    0x66, 0xc6, 0x40, 0x48, 0xe1, 0xda, 0x3f, 0x00, 0x00, 0x90, 0xb2, 0x45,
    0x66, 0x66, 0x96, 0x40, 0xae, 0x47, 0x81, 0x40, 0x00, 0x00, 0x40, 0x79,
    0x44, 0x9a, 0x99, 0x99, 0xbf, 0xae, 0x47, 0xc1, 0x3f, 0x02, 0x00, 0x40,
    0x1c, 0x46, 0x00, 0x00, 0x00, 0x40, 0x33, 0x33, 0x33, 0x3f, 0x00, 0x00,
    0x00, 0x8b, 0x43, 0xcd, 0xcc, 0x8c, 0x3f, 0x29, 0x5c, 0xcf, 0x3f, 0x00,
    0x00, 0x00, 0x49, 0x43, 0x9a, 0x99, 0x99, 0xbf, 0x5c, 0x8f, 0x42, 0x40,
    0x00, 0x00, 0x00, 0x54, 0x42, 0xcd, 0xcc, 0xcc, 0xbe, 0x66, 0x66, 0x26,
    0x40, 0x00, 0x00, 0x70, 0x67, 0x45, 0x9a, 0x99, 0x19, 0xbf, 0xe1, 0x7a,
    0x84, 0x40, 0x9a, 0x99, 0xb9, 0xc0, 0x01, 0x00, 0x00, 0xd2, 0x42, 0x66,
    0x66, 0xe6, 0xbf, 0x33, 0x33, 0x33, 0x3f, 0x00, 0x00, 0x00, 0x05, 0x43,
    0xcd, 0xcc, 0xec, 0xc0, 0xa4, 0x70, 0x7d, 0x3f, 0x00, 0x00, 0x30, 0x36,
    0x45, 0xcd, 0xcc, 0xac, 0x40, 0xec, 0x51, 0x98, 0x3f, 0x00, 0x00, 0xe0,
    0xfb, 0x44, 0x9a, 0x99, 0x39, 0x40, 0xec, 0x51, 0x38, 0x40, 0x00, 0x00,
    0x00, 0x8a, 0x42, 0x9a, 0x99, 0x59, 0x40, 0xf6, 0x28, 0xb4, 0x40, 0x02,
    0x00, 0x40, 0x1c, 0x46, 0x00, 0x00, 0x80, 0x40, 0x33, 0x33, 0x33, 0x3f,
    0x00, 0x00, 0xa8, 0xe4, 0x45, 0x33, 0x33, 0x33, 0xc0, 0xa4, 0x70, 0x5d,
    0x40, 0x00, 0x00, 0x00, 0x6e, 0x44, 0x00, 0x00, 0x80, 0xbf, 0xa4, 0x70,
    0xfd, 0x3f, 0x00, 0x00, 0x00, 0x8b, 0x45, 0xcd, 0xcc, 0x4c, 0x40, 0x66,
    0x66, 0xbe, 0x40, 0x00, 0x00, 0xd0, 0x64, 0x45, 0x9a, 0x99, 0xd9, 0xbf,
    0x14, 0xae, 0x9f, 0x40, 0x00, 0x00, 0xc0, 0xc0, 0x01, 0x00, 0x00, 0xd2,
    0x42, 0x9a, 0x99, 0xc9, 0x40, 0x33, 0x33, 0x33, 0x3f, 0x00, 0x00, 0x00,
    0x14, 0x43, 0x66, 0x66, 0x06, 0xc0, 0x7b, 0x14, 0xae, 0x3e, 0x00, 0x00,
    0xd0, 0x81, 0x45, 0x66, 0x66, 0x86, 0x40, 0xd7, 0xa3, 0x80, 0x40, 0x00,
    0x00, 0x40, 0x56, 0x44, 0x00, 0x00, 0xc0, 0x3f, 0xb8, 0x1e, 0x05, 0x3f,
    0x00, 0x00, 0x00, 0x7e, 0x43, 0xcd, 0xcc, 0xcc, 0xbe, 0x7b, 0x14, 0x2e,
    0x3f, 0x02, 0x00, 0x40, 0x1c, 0x46, 0x33, 0x33, 0xf3, 0xc0, 0x33, 0x33,
    0x33, 0x3f, 0x00, 0x00, 0x50, 0xe6, 0x45, 0x66, 0x66, 0x46, 0xc0, 0xc3,
    0xf5, 0x58, 0x40, 0x00, 0x00, 0x40, 0x1c, 0x46, 0x33, 0x33, 0xb3, 0xbf,
    0x85, 0xeb, 0x99, 0x40, 0x00, 0x00, 0x60, 0x8a, 0x45, 0x9a, 0x99, 0xd9,
    0x3f, 0x85, 0xeb, 0xa1, 0x40, 0x00, 0x00, 0x00, 0xee, 0x42, 0xcd, 0xcc,
    0x4c, 0x3e, 0x00, 0x00, 0xe0, 0x3f, 0x9a, 0x99, 0x99, 0xc0, 0x01, 0x00,
    0x00, 0xd2, 0x42, 0x33, 0x33, 0x53, 0x40, 0x33, 0x33, 0x33, 0x3f, 0x00,
    0x00, 0x00, 0x4e, 0x43, 0x33, 0x33, 0x73, 0xc0, 0x5c, 0x8f, 0xc2, 0x3e,
    0x00, 0x00, 0x30, 0x03, 0x45, 0x00, 0x00, 0x20, 0x40, 0xb8, 0x1e, 0x05,
    0x40, 0x00, 0x00, 0xc0, 0x44, 0x44, 0x33, 0x33, 0x53, 0x40, 0x00, 0x00,
    0x40, 0x3f, 0x00, 0x00, 0x68, 0x89, 0x45, 0x66, 0x66, 0x86, 0x40, 0xc3,
    0xf5, 0x90, 0x40, 0x02, 0x00, 0x40, 0x1c, 0x46, 0x66, 0x66, 0xa6, 0xc0,
    0x33, 0x33, 0x33, 0x3f, 0x00, 0x00, 0x40, 0xe2, 0x45, 0x66, 0x66, 0x06,
    0xc0, 0x52, 0xb8, 0x5e, 0x40, 0x00, 0x00, 0x00, 0x58, 0x42, 0xcd, 0xcc,
    0xcc, 0xbe, 0xa4, 0x70, 0xbd, 0x3f, 0x00, 0x00, 0x00, 0xaa, 0x42, 0x9a,
    0x99, 0x19, 0x3f, 0x52, 0xb8, 0x3e, 0x40, 0x00, 0x00, 0x60, 0x93, 0x45,
    0x00, 0x00, 0x80, 0x3f, 0x29, 0x5c, 0xbf, 0x40, 0x9a, 0x99, 0xb9, 0xc0,
    0x01, 0x00, 0x00, 0xd2, 0x42, 0xcd, 0xcc, 0xcc, 0x3e, 0x33, 0x33, 0x33,
    0x3f, 0x00, 0x00, 0x10, 0x96, 0x45, 0x66, 0x66, 0xc6, 0x40, 0xae, 0x47,
    0x21, 0x3f, 0x00, 0x00, 0x00, 0x3a, 0x43, 0x33, 0x33, 0xc3, 0xc0, 0x3d,
    0x0a, 0xd7, 0x3e, 0x00, 0x00, 0x60, 0x1e, 0x45, 0x00, 0x00, 0x60, 0xc0,
    0x29, 0x5c, 0x8f, 0x3f, 0x00, 0x00, 0x00, 0xbf, 0x43, 0xcd, 0xcc, 0x8c,
    0x40, 0xc3, 0xf5, 0x68, 0x3f, 0x02, 0x00, 0x40, 0x1c, 0x46, 0xcd, 0xcc,
    0x8c, 0x3f, 0x33, 0x33, 0x33, 0x3f, 0x00, 0x00, 0x00, 0x2c, 0x42, 0x66,
    0x66, 0x66, 0xbf, 0x14, 0xae, 0x07, 0x40, 0x00, 0x00, 0x00, 0xa2, 0x42,
    0x66, 0x66, 0xa6, 0x3f, 0x29, 0x5c, 0x0f, 0x40, 0x00, 0x00, 0x00, 0xd4,
    0x42, 0x00, 0x00, 0x80, 0xbf, 0xae, 0x47, 0x71, 0x40, 0x00, 0x00, 0xa8,
    0x9c, 0x45, 0x00, 0x00, 0x00, 0x3f, 0xb8, 0x1e, 0xa5, 0x40, 0x66, 0x66,
    0xb6, 0xc0, 0x01, 0x00, 0x00, 0xd2, 0x42, 0x33, 0x33, 0xf3, 0x3f, 0x33,
    0x33, 0x33, 0x3f, 0x00, 0x00, 0xe0, 0xc4, 0x44, 0x00, 0x00, 0x00, 0xc0,
    0x1f, 0x85, 0xeb, 0x3e, 0x00, 0x00, 0x00, 0xa0, 0x42, 0x66, 0x66, 0x96,
    0x40, 0x33, 0x33, 0x53, 0x40, 0x00, 0x00, 0x20, 0x7b, 0x45, 0x66, 0x66,
    0x66, 0x40, 0x9a, 0x99, 0x99, 0x3f, 0x00, 0x00, 0x00, 0x20, 0x42, 0xcd,
    0xcc, 0xcc, 0xbf, 0xf6, 0x28, 0xbc, 0x3f, 0x02, 0x00, 0x40, 0x1c, 0x46,
    0x00, 0x00, 0xa0, 0xc0, 0x33, 0x33, 0x33, 0x3f, 0x00, 0x00, 0x00, 0x3b,
    0x43, 0x9a, 0x99, 0xd9, 0x3f, 0xcd, 0xcc, 0x3c, 0x40, 0x00, 0x00, 0x00,
    0x06, 0x43, 0xcd, 0xcc, 0x8c, 0xbf, 0x1f, 0x85, 0x3b, 0x40, 0x00, 0x00,
    0x08, 0xb6, 0x45, 0x00, 0x00, 0x00, 0x40, 0x00, 0x00, 0xb0, 0x40, 0x00,
    0x00, 0x20, 0xe8, 0x44, 0xcd, 0xcc, 0x4c, 0x3f, 0x52, 0xb8, 0x8e, 0x40,
    0x00, 0x00, 0xd0, 0xc0, 0x01, 0x00, 0x00, 0xd2, 0x42, 0x9a, 0x99, 0x79,
    0x40, 0x33, 0x33, 0x33, 0x3f, 0x00, 0x00, 0xa0, 0xea, 0x44, 0x66, 0x66,
    0x96, 0xc0, 0x52, 0xb8, 0x9e, 0x3f, 0x00, 0x00, 0xb0, 0xd0, 0x45, 0x33,
    0x33, 0xd3, 0x40, 0x29, 0x5c, 0x0f, 0x3f, 0x00, 0x00, 0xc0, 0x20, 0x44,
    0x00, 0x00, 0x20, 0xc0, 0x1f, 0x85, 0x2b, 0x3f, 0x00, 0x00, 0xf0, 0xa2,
    0x45, 0x00, 0x00, 0x40, 0xc0, 0x52, 0xb8, 0x7e, 0x40, 0x02, 0x00, 0x40,
    0x1c, 0x46, 0x00, 0x00, 0x00, 0xbf, 0x33, 0x33, 0x33, 0x3f, 0x00, 0x00,
    0x00, 0x78, 0x42, 0x00, 0x00, 0xc0, 0xbf, 0x48, 0xe1, 0x9a, 0x3f, 0x00,
    0x00, 0x00, 0x16, 0x43, 0x9a, 0x99, 0x99, 0x3f, 0x0a, 0xd7, 0x33, 0x40,
    0x00, 0x00, 0x00, 0xa8, 0x41, 0x66, 0x66, 0x06, 0x40, 0xb8, 0x1e, 0xbd,
    0x40, 0x00, 0x00, 0x00, 0xd0, 0x41, 0xcd, 0xcc, 0xcc, 0x3f, 0xcd, 0xcc,
    0x3c, 0x40, 0x33, 0x33, 0x93, 0xc0, 0x01, 0x00, 0x00, 0xd2, 0x42, 0x00,
    0x00, 0x80, 0x3f, 0x33, 0x33, 0x33, 0x3f, 0x00, 0x00, 0x00, 0x03, 0x43,
    0x33, 0x33, 0x83, 0xc0, 0x52, 0xb8, 0x9e, 0x3f, 0x00, 0x00, 0x40, 0x28,
    0x45, 0x66, 0x66, 0x26, 0xc0, 0xa4, 0x70, 0xbd, 0x3e, 0x00, 0x00, 0x80,
    0x84, 0x43, 0x66, 0x66, 0x86, 0x40, 0x48, 0xe1, 0xda, 0x3f, 0x00, 0x00,
    0x50, 0x5e, 0x45, 0x9a, 0x99, 0xd9, 0x40, 0xcd, 0xcc, 0x2c, 0x40, 0x02,
    0x00, 0x40, 0x1c, 0x46, 0xcd, 0xcc, 0x4c, 0xbe, 0x33, 0x33, 0x33, 0x3f,
    0x00, 0x00, 0x68, 0xb2, 0x45, 0x00, 0x00, 0x00, 0xc0, 0xec, 0x51, 0x58,
    0x40, 0x00, 0x00, 0x00, 0x78, 0x42, 0x00, 0x00, 0xc0, 0x3f, 0x7b, 0x14,
    0x5e, 0x40, 0x00, 0x00, 0x00, 0xb0, 0x42, 0xcd, 0xcc, 0x4c, 0xbf, 0x00,
    0x00, 0x50, 0x40, 0x00, 0x00, 0xc0, 0x7b, 0x45, 0x33, 0x33, 0xb3, 0x3f,
    0xb8, 0x1e, 0xbd, 0x40, 0x66, 0x66, 0xb6, 0xc0, 0x01, 0x00, 0x00, 0xd2,
    0x42, 0x9a, 0x99, 0x19, 0xc0, 0x33, 0x33, 0x33, 0x3f, 0x00, 0x00, 0x20,
    0x98, 0x44, 0x33, 0x33, 0x13, 0xc0, 0x66, 0x66, 0x26, 0x3f, 0x00, 0x00,
    0x00, 0xd6, 0x42, 0x33, 0x33, 0x53, 0xc0, 0x66, 0x66, 0xa6, 0x3f, 0x00,
    0x00, 0xf0, 0x62, 0x45, 0x00, 0x00, 0xc0, 0x40, 0xd7, 0xa3, 0x50, 0x40,
    0x00, 0x00, 0x08, 0xee, 0x45, 0x9a, 0x99, 0x89, 0x40, 0xb8, 0x1e, 0x25,
    0x40, 0x02, 0x00, 0x40, 0x1c, 0x46, 0x00, 0x00, 0x08, 0xc1, 0x33, 0x33,
    0x33, 0x3f, 0x00, 0x00, 0x40, 0x1c, 0x46, 0x00, 0x00, 0x90, 0x40, 0x66,
    0x66, 0xa6, 0x3f, 0x00, 0x00, 0x00, 0x69, 0x43, 0x66, 0x66, 0x26, 0x40,
    0xf6, 0x28, 0x2c, 0x40, 0x00, 0x00, 0x00, 0x17, 0x43, 0x9a, 0x99, 0xd9,
    0xbf, 0x71, 0x3d, 0x6a, 0x40, 0x00, 0x00, 0xd8, 0xa2, 0x45, 0x66, 0x66,
    0x46, 0xc0, 0xae, 0x47, 0xb9, 0x40, 0x00, 0x00, 0xd0, 0xc0, 0x01, 0x00,
    0x00, 0xd2, 0x42, 0x33, 0x33, 0xf3, 0x40, 0x33, 0x33, 0x33, 0x3f, 0x00,
    0x00, 0x00, 0xb6, 0x42, 0x66, 0x66, 0x6e, 0xc1, 0xc3, 0xf5, 0x28, 0x3f,
    0x00, 0x00, 0xa0, 0x9b, 0x45, 0xcd, 0xcc, 0xac, 0x40, 0x3d, 0x0a, 0x57,
    0x3f, 0x00, 0x00, 0x00, 0x96, 0x42, 0x9a, 0x99, 0xe9, 0x40, 0x71, 0x3d,
    0x2a, 0x40, 0x00, 0x00, 0x00, 0x70, 0x42, 0x9a, 0x99, 0xd9, 0x40, 0xd7,
    0xa3, 0x70, 0x3f, 0x02, 0x00, 0x40, 0x1c, 0x46, 0x00, 0x00, 0x00, 0x80,
    0x33, 0x33, 0x33, 0x3f, 0x00, 0x00, 0xa0, 0x26, 0x45, 0x00, 0x00, 0x20,
    0xc0, 0x3d, 0x0a, 0xd7, 0x3e, 0x00, 0x00, 0xd0, 0x5c, 0x45, 0x66, 0x66,
    0x96, 0x40, 0x71, 0x3d, 0x3a, 0x40, 0x00, 0x00, 0x64, 0x09, 0x46, 0x9a,
    0x99, 0x19, 0x40, 0xc3, 0xf5, 0x28, 0x40, 0x00, 0x00, 0xc0, 0x7c, 0x44,
    0x00, 0x00, 0xc0, 0x3f, 0x0a, 0xd7, 0x83, 0x3f, 0x33, 0x33, 0xa3, 0xc0,
    0x01, 0x00, 0x00, 0xd2, 0x42, 0x00, 0x00, 0x40, 0xc0, 0x33, 0x33, 0x33,
    0x3f, 0x00, 0x00, 0xf0, 0xc8, 0x45, 0x66, 0x66, 0x86, 0xc0, 0xec, 0x51,
    0x78, 0x3f, 0x00, 0x00, 0x40, 0x66, 0x45, 0x9a, 0x99, 0xd9, 0x40, 0xec,
    0x51, 0x38, 0x40, 0x00, 0x00, 0x00, 0x55, 0x43, 0x00, 0x00, 0x60, 0x40,
    0xa4, 0x70, 0x1d, 0x40, 0x00, 0x00, 0x00, 0x0b, 0x43, 0x9a, 0x99, 0x79,
    0xc0, 0xa4, 0x70, 0x9d, 0x40, 0x02, 0x00, 0x40, 0x1c, 0x46, 0xcd, 0xcc,
    0xac, 0xc0, 0x33, 0x33, 0x33, 0x3f, 0x00, 0x00, 0x00, 0xba, 0x42, 0x00,
    0x00, 0x60, 0x40, 0x00, 0x00, 0x40, 0x40, 0x00, 0x00, 0x64, 0x15, 0x46,
    0x33, 0x33, 0x13, 0x40, 0x7b, 0x14, 0xee, 0x3f, 0x00, 0x00, 0x00, 0x34,
    0x42, 0x66, 0x66, 0xa6, 0xbf, 0x52, 0xb8, 0xde, 0x3f, 0x00, 0x00, 0x00,
    0xee, 0x42, 0x66, 0x66, 0x06, 0xc0, 0x5c, 0x8f, 0xba, 0x40, 0x66, 0x66,
    0xa6, 0xc0, 0x01, 0x00, 0x00, 0xd2, 0x42, 0xcd, 0xcc, 0xcc, 0xbe, 0x33,
    0x33, 0x33, 0x3f, 0x00, 0x00, 0x00, 0x5a, 0x43, 0xcd, 0xcc, 0xbc, 0x40,
    0xe1, 0x7a, 0x94, 0x3f, 0x00, 0x00, 0x00, 0x2e, 0x44, 0x00, 0x00, 0x40,
    0xc0, 0x0a, 0xd7, 0x23, 0x3f, 0x00, 0x00, 0x00, 0x54, 0x42, 0x66, 0x66,
    0xa6, 0xbf, 0x1f, 0x85, 0x8b, 0x3f, 0x00, 0x00, 0xc8, 0xb0, 0x45, 0xcd,
    0xcc, 0x9c, 0xc0, 0x29, 0x5c, 0xa7, 0x40, 0x02, 0x00, 0x40, 0x1c, 0x46,
    0x9a, 0x99, 0x11, 0xc1, 0x33, 0x33, 0x33, 0x3f, 0x00, 0x00, 0xf0, 0x73,
    0x45, 0x33, 0x33, 0x93, 0x40, 0x8f, 0xc2, 0x85, 0x40, 0x00, 0x00, 0x80,
    0x1e, 0x45, 0x33, 0x33, 0xf3, 0xbf, 0xae, 0x47, 0x31, 0x40, 0x00, 0x00,
    0x80, 0xb6, 0x44, 0xcd, 0xcc, 0xcc, 0x3e, 0x3d, 0x0a, 0x27, 0x40, 0x00,
    0x00, 0xb0, 0xd6, 0x45, 0x00, 0x00, 0xc0, 0x3f, 0x29, 0x5c, 0xbf, 0x40,
    0x33, 0x33, 0xb3, 0xc0, 0x01, 0x00, 0x00, 0xd2, 0x42, 0x9a, 0x99, 0x99,
    0x3e, 0x33, 0x33, 0x33, 0x3f, 0x00, 0x00, 0x00, 0x96, 0x42, 0x66, 0x66,
    0xb6, 0x40, 0xc3, 0xf5, 0x18, 0x40, 0x00, 0x00, 0xa0, 0x51, 0x45, 0x33,
    0x33, 0x93, 0x40, 0xc3, 0xf5, 0x88, 0x40, 0x00, 0x00, 0x00, 0xec, 0x42,
    0x00, 0x00, 0x20, 0xc0, 0xb8, 0x1e, 0x25, 0x40, 0x00, 0x00, 0x00, 0x4f,
    0x43, 0x66, 0x66, 0x26, 0x40, 0x29, 0x5c, 0x4f, 0x40, 0x02, 0x00, 0x40,
    0x1c, 0x46, 0x00, 0x00, 0xf0, 0xc0, 0x33, 0x33, 0x33, 0x3f, 0x00, 0x00,
    0x00, 0xef, 0x43, 0x66, 0x66, 0x66, 0xbf, 0x1f, 0x85, 0xab, 0x3f, 0x00,
    0x00, 0x98, 0xc7, 0x45, 0x00, 0x00, 0x90, 0xc0, 0x00, 0x00, 0xc0, 0x40,
    0x00, 0x00, 0x60, 0x0f, 0x45, 0x66, 0x66, 0xa6, 0xbf, 0x8f, 0xc2, 0x95,
    0x40, 0x00, 0x00, 0xc0, 0xdd, 0x44, 0xcd, 0xcc, 0x4c, 0x3f, 0x29, 0x5c,
    0x2f, 0x40, 0xcd, 0xcc, 0xcc, 0xc0, 0x01, 0x00, 0x00, 0xd2, 0x42, 0xcd,
    0xcc, 0xec, 0x40, 0x33, 0x33, 0x33, 0x3f, 0x00, 0x00, 0x00, 0xe0, 0x42,
    0x9a, 0x99, 0x59, 0xc0, 0x9a, 0x99, 0x99, 0x3e, 0x00, 0x00, 0x00, 0xa5,
    0x44, 0x66, 0x66, 0x06, 0x40, 0x71, 0x3d, 0x0a, 0x3f, 0x00, 0x00, 0x00,
    0xb4, 0x45, 0x33, 0x33, 0xc3, 0xc0, 0x3d, 0x0a, 0x9f, 0x40, 0x00, 0x00,
    0x00, 0x8c, 0x45, 0x9a, 0x99, 0x79, 0x40, 0x14, 0xae, 0x87, 0x40, 0x02,
    0x00, 0x40, 0x1c, 0x46, 0x66, 0x66, 0x46, 0xc0, 0x33, 0x33, 0x33, 0x3f,
    0x00, 0x00, 0x00, 0xf0, 0x43, 0x00, 0x00, 0x00, 0x3f, 0x9a, 0x99, 0x19,
    0x40, 0x00, 0x00, 0x00, 0x6a, 0x43, 0xcd, 0xcc, 0xcc, 0xbe, 0x71, 0x3d,
    0x1a, 0x40, 0x00, 0x00, 0x00, 0x6b, 0x44, 0x9a, 0x99, 0x19, 0xbf, 0xae,
    0x47, 0x81, 0x40, 0x00, 0x00, 0xb0, 0x37, 0x45, 0x00, 0x00, 0x00, 0xbf,
    0xa4, 0x70, 0x9d, 0x40, 0x33, 0x33, 0xc3, 0xc0, 0x01, 0x00, 0x00, 0xd2,
    0x42, 0x33, 0x33, 0xc3, 0x40, 0x33, 0x33, 0x33, 0x3f, 0x00, 0x00, 0x28,
    0x93, 0x45, 0x00, 0x00, 0x40, 0x40, 0xe1, 0x7a, 0x54, 0x40, 0x00, 0x00,
    0x00, 0x6f, 0x43, 0xcd, 0xcc, 0x8c, 0xbf, 0xd7, 0xa3, 0x90, 0x3f, 0x00,
    0x00, 0x30, 0xbe, 0x45, 0x9a, 0x99, 0x79, 0xc0, 0xcd, 0xcc, 0xa4, 0x40,
    0x00, 0x00, 0x00, 0x94, 0x42, 0x9a, 0x99, 0x99, 0x3f, 0x48, 0xe1, 0x1a,
    0x40, 0x02, 0x00, 0x40, 0x1c, 0x46, 0x33, 0x33, 0x33, 0xc0, 0x33, 0x33,
    0x33, 0x3f, 0x00, 0x00, 0x40, 0x2b, 0x45, 0x9a, 0x99, 0x99, 0xbf, 0x85,
    0xeb, 0x21, 0x40, 0x00, 0x00, 0xc0, 0x77, 0x44, 0x9a, 0x99, 0x19, 0xbf,
    0xb8, 0x1e, 0x05, 0x40, 0x00, 0x00, 0x80, 0x63, 0x45, 0x9a, 0x99, 0x99,
    0x3f, 0xf6, 0x28, 0xa4, 0x40, 0x00, 0x00, 0x00, 0xdc, 0x42, 0xcd, 0xcc,
    0x4c, 0x3e, 0x85, 0xeb, 0x31, 0x40, 0x33, 0x33, 0xc3, 0xc0, 0x01, 0x00,
    0x00, 0xd2, 0x42, 0x66, 0x66, 0xc6, 0x40, 0x33, 0x33, 0x33, 0x3f, 0x00,
    0x00, 0x70, 0xa4, 0x45, 0x00, 0x00, 0x90, 0xc0, 0x71, 0x3d, 0x3a, 0x40,
    0x00, 0x00, 0x00, 0x33, 0x43, 0xcd, 0xcc, 0xcc, 0xbf, 0x85, 0xeb, 0x11,
    0x3f, 0x00, 0x00, 0x00, 0xf2, 0x43, 0xcd, 0xcc, 0x8c, 0x3f, 0x71, 0x3d,
    0x8a, 0x3f, 0x00, 0x00, 0x20, 0x51, 0x45, 0x33, 0x33, 0x33, 0x40, 0x52,
    0xb8, 0x86, 0x40, 0x02, 0x00, 0x40, 0x1c, 0x46, 0xcd, 0xcc, 0xdc, 0xc0,
    0x33, 0x33, 0x33, 0x3f, 0x00, 0x00, 0x70, 0x0d, 0x46, 0x00, 0x00, 0x60,
    0x40, 0x3d, 0x0a, 0xf7, 0x3f, 0x00, 0x00, 0x00, 0xf3, 0x44, 0xcd, 0xcc,
    0x8c, 0x3f, 0x5c, 0x8f, 0x12, 0x40, 0x00, 0x00, 0x80, 0xcf, 0x43, 0x00,
    0x00, 0x00, 0x00, 0xc3, 0xf5, 0x38, 0x40, 0x00, 0x00, 0xf0, 0x26, 0x45,
    0x66, 0x66, 0x66, 0xbf, 0xd7, 0xa3, 0x98, 0x40, 0x00, 0x00, 0xd0, 0xc0,
    0x01, 0x00, 0x00, 0xd2, 0x42, 0x00, 0x00, 0x00, 0x41, 0x33, 0x33, 0x33,
    0x3f, 0x00, 0x00, 0x00, 0xd0, 0x42, 0x00, 0x00, 0x90, 0xc0, 0x29, 0x5c,
    0x8f, 0x3e, 0x00, 0x00, 0xa0, 0xb5, 0x44, 0x00, 0x00, 0x60, 0x40, 0x1f,
    0x85, 0xeb, 0x3e, 0x00, 0x00, 0xa8, 0xb2, 0x45, 0x00, 0x00, 0xc0, 0xc0,
    0xae, 0x47, 0x99, 0x40, 0x00, 0x00, 0x10, 0xf9, 0x45, 0x33, 0x33, 0x13,
    0xc0, 0x52, 0xb8, 0x5e, 0x40, 0x02, 0x00, 0x40, 0x1c, 0x46, 0x66, 0x66,
    0x66, 0xc0, 0x33, 0x33, 0x33, 0x3f, 0x00, 0x00, 0xc0, 0x51, 0x45, 0x66,
    0x66, 0x06, 0xc0, 0x66, 0x66, 0x86, 0x40, 0x00, 0x00, 0xd0, 0x86, 0x45,
    0x00, 0x00, 0x20, 0x40, 0x00, 0x00, 0xc0, 0x40, 0x00, 0x00, 0xd0, 0x0c,
    0x45, 0xcd, 0xcc, 0x4c, 0x3f, 0x1f, 0x85, 0x5b, 0x40, 0x00, 0x00, 0x80,
    0xf5, 0x43, 0x9a, 0x99, 0x99, 0x3e, 0xc3, 0xf5, 0x08, 0x40, 0x33, 0x33,
    0xc3, 0xc0, 0x01, 0x00, 0x00, 0xd2, 0x42, 0x9a, 0x99, 0xc9, 0x40, 0x33,
    0x33, 0x33, 0x3f, 0x00, 0x00, 0x00, 0x40, 0x43, 0x9a, 0x99, 0x39, 0xc0,
    0x1f, 0x85, 0xeb, 0x3e, 0x00, 0x00, 0x40, 0x67, 0x44, 0x66, 0x66, 0x06,
    0x40, 0x7b, 0x14, 0xae, 0x3e, 0x00, 0x00, 0x98, 0xa8, 0x45, 0x66, 0x66,
    0xc6, 0xc0, 0xec, 0x51, 0xb8, 0x3f, 0x00, 0x00, 0x88, 0x87, 0x45, 0x9a,
    0x99, 0xc9, 0x40, 0x66, 0x66, 0x46, 0x40, 0x02, 0x00, 0x40, 0x1c, 0x46,
    0xcd, 0xcc, 0xdc, 0xc0, 0x33, 0x33, 0x33, 0x3f, 0x00, 0x00, 0xd0, 0xd1,
    0x45, 0x66, 0x66, 0x66, 0x40, 0xf6, 0x28, 0xa4, 0x40, 0x00, 0x00, 0xf8,
    0xa8, 0x45, 0xcd, 0xcc, 0x0c, 0xc0, 0x00, 0x00, 0xc0, 0x40, 0x00, 0x00,
    0x20, 0x96, 0x45, 0x33, 0x33, 0xb3, 0x3f, 0x00, 0x00, 0xc0, 0x40, 0x00,
    0x00, 0x00, 0x74, 0x42, 0xcd, 0xcc, 0xcc, 0xbe, 0x48, 0xe1, 0x7a, 0x40,
    0x00, 0x00, 0x90, 0xc0, 0x01, 0x00, 0x00, 0xd2, 0x42, 0x66, 0x66, 0xb6,
    0x40, 0x33, 0x33, 0x33, 0x3f, 0x00, 0x00, 0x00, 0xbc, 0x42, 0x33, 0x33,
    0x13, 0xc0, 0xae, 0x47, 0x61, 0x3e, 0x00, 0x00, 0xb8, 0xbe, 0x45, 0x9a,
    0x99, 0xa9, 0xc0, 0x14, 0xae, 0xe7, 0x3f, 0x00, 0x00, 0x38, 0x80, 0x45,
    0x33, 0x33, 0x73, 0x40, 0x7b, 0x14, 0x96, 0x40, 0x00, 0x00, 0x18, 0xc6,
    0x45, 0x00, 0x00, 0xc0, 0x3f, 0xec, 0x51, 0x38, 0x3e, 0x02, 0x00, 0x40,
    0x1c, 0x46, 0x9a, 0x99, 0x99, 0xbf, 0x33, 0x33, 0x33, 0x3f, 0x00, 0x00,
    0x70, 0x1c, 0x45, 0xcd, 0xcc, 0x4c, 0xbf, 0x85, 0xeb, 0x41, 0x40, 0x00,
    0x00, 0x00, 0x6c, 0x42, 0x9a, 0x99, 0x99, 0xbe, 0x85, 0xeb, 0xb1, 0x3f,
    0x00, 0x00, 0x00, 0xa4, 0x42, 0x33, 0x33, 0x33, 0x3f, 0x7b, 0x14, 0x7e,
    0x40, 0x00, 0x00, 0x60, 0x39, 0x45, 0x00, 0x00, 0x80, 0x3f, 0x00, 0x00,
    0xc0, 0x40, 0x66, 0x66, 0xd6, 0xc0, 0x01, 0x00, 0x00, 0xd2, 0x42, 0x33,
    0x33, 0x23, 0x41, 0x33, 0x33, 0x33, 0x3f, 0x00, 0x00, 0x00, 0x06, 0x44,
    0x66, 0x66, 0x46, 0x40, 0x48, 0xe1, 0xfa, 0x3e, 0x00, 0x00, 0x00, 0x80,
    0x42, 0x00, 0x00, 0xf0, 0xc0, 0xa4, 0x70, 0xbd, 0x3e, 0x00, 0x00, 0xd8,
    0xf1, 0x45, 0x33, 0x33, 0x93, 0xc0, 0x66, 0x66, 0x86, 0x3f, 0x00, 0x00,
    0x40, 0x1e, 0x44, 0x33, 0x33, 0x33, 0x3f, 0x52, 0xb8, 0x1e, 0x40, 0x02,
    0x00, 0x40, 0x1c, 0x46, 0xcd, 0xcc, 0x3c, 0xc1, 0x33, 0x33, 0x33, 0x3f,
    0x00, 0x00, 0x20, 0x0c, 0x46, 0xcd, 0xcc, 0x8c, 0x40, 0x3d, 0x0a, 0x17,
    0x3f, 0x00, 0x00, 0xb0, 0xb6, 0x45, 0xcd, 0xcc, 0xac, 0xc0, 0x8f, 0xc2,
    0xa5, 0x40, 0x00, 0x00, 0x10, 0x48, 0x45, 0xcd, 0xcc, 0x4c, 0xbe, 0xc3,
    0xf5, 0x88, 0x3f, 0x00, 0x00, 0x60, 0x8d, 0x44, 0xcd, 0xcc, 0x8c, 0xbf,
    0x3d, 0x0a, 0x57, 0x40, 0xcd, 0xcc, 0xbc, 0xc0, 0x01, 0x00, 0x00, 0xd2,
    0x42, 0x33, 0x33, 0x13, 0x41, 0x33, 0x33, 0x33, 0x3f, 0x00, 0x00, 0x00,
    0xa6, 0x42, 0xcd, 0xcc, 0xac, 0xc0, 0x29, 0x5c, 0x8f, 0x3e, 0x00, 0x00,
    0xd0, 0x47, 0x45, 0x66, 0x66, 0x46, 0x40, 0x5c, 0x8f, 0x02, 0x40, 0x00,
    0x00, 0x00, 0x08, 0x44, 0x00, 0x00, 0x20, 0x40, 0x00, 0x00, 0x00, 0x3f,
    0x00, 0x00, 0x00, 0x58, 0x42, 0xcd, 0xcc, 0xcc, 0xbf, 0x1f, 0x85, 0xeb,
    0x3e, 0x02, 0x00, 0x40, 0x1c, 0x46, 0x66, 0x66, 0x16, 0xc1, 0x33, 0x33,
    0x33, 0x3f, 0x00, 0x00, 0xc8, 0x87, 0x45, 0x33, 0x33, 0xb3, 0x3f, 0x00,
    0x00, 0xc0, 0x40, 0x00, 0x00, 0xa0, 0xd7, 0x44, 0xcd, 0xcc, 0x4c, 0x3e,
    0x48, 0xe1, 0xfa, 0x3f, 0x00, 0x00, 0xc0, 0x18, 0x46, 0xcd, 0xcc, 0x4c,
    0xbe, 0x52, 0xb8, 0xbe, 0x40, 0x00, 0x00, 0x48, 0xc6, 0x45, 0x66, 0x66,
    0x66, 0x3f, 0xa4, 0x70, 0xad, 0x40, 0x66, 0x66, 0xd6, 0xc0, 0x01, 0x00,
    0x00, 0xd2, 0x42, 0x9a, 0x99, 0x21, 0x41, 0x33, 0x33, 0x33, 0x3f, 0x00,
    0x00, 0x40, 0x07, 0x44, 0x66, 0x66, 0x46, 0x40, 0xb8, 0x1e, 0x05, 0x3f,
    0x00, 0x00, 0x00, 0x80, 0x42, 0xcd, 0xcc, 0xec, 0xc0, 0x5c, 0x8f, 0xc2,
    0x3e, 0x00, 0x00, 0x98, 0xf1, 0x45, 0x33, 0x33, 0x93, 0xc0, 0x14, 0xae,
    0x87, 0x3f, 0x00, 0x00, 0x00, 0x20, 0x44, 0x9a, 0x99, 0x19, 0x3f, 0x7b,
    0x14, 0x1e, 0x40, 0x02, 0x00, 0x40, 0x1c, 0x46, 0xcd, 0xcc, 0x1c, 0xc1,
    0x33, 0x33, 0x33, 0x3f, 0x00, 0x00, 0x00, 0xdf, 0x45, 0x66, 0x66, 0x46,
    0x40, 0xb8, 0x1e, 0x05, 0x40, 0x00, 0x00, 0x48, 0xb8, 0x45, 0x9a, 0x99,
    0x99, 0xc0, 0x9a, 0x99, 0xa9, 0x40, 0x00, 0x00, 0x08, 0x83, 0x45, 0xcd,
    0xcc, 0x8c, 0x3f, 0xae, 0x47, 0xc1, 0x3f, 0x00, 0x00, 0x70, 0x13, 0x46,
    0xcd, 0xcc, 0x2c, 0x40, 0x85, 0xeb, 0x61, 0x40, 0xcd, 0xcc, 0x8c, 0xc0,
    0x01, 0x00, 0x00, 0xd2, 0x42, 0xcd, 0xcc, 0x8c, 0x40, 0x33, 0x33, 0x33,
    0x3f, 0x00, 0x00, 0x00, 0x54, 0x43, 0x33, 0x33, 0x93, 0xc0, 0x33, 0x33,
    0xb3, 0x3e, 0x00, 0x00, 0x58, 0x81, 0x45, 0x00, 0x00, 0x90, 0x40, 0xb8,
    0x1e, 0x25, 0x40, 0x00, 0x00, 0xc0, 0x42, 0x44, 0xcd, 0xcc, 0x4c, 0x40,
    0x5c, 0x8f, 0xc2, 0x3e, 0x00, 0x00, 0x88, 0xa5, 0x45, 0x00, 0x00, 0x40,
    0xc0, 0x33, 0x33, 0x53, 0x40, 0x02, 0x00, 0x40, 0x1c, 0x46, 0xcd, 0xcc,
    0xac, 0xc0, 0x33, 0x33, 0x33, 0x3f, 0x00, 0x00, 0x70, 0xe2, 0x45, 0x66,
    0x66, 0xa6, 0xbf, 0x14, 0xae, 0x8f, 0x40, 0x00, 0x00, 0xa8, 0xc1, 0x45,
    0xcd, 0xcc, 0x0c, 0x40, 0x14, 0xae, 0xbf, 0x40, 0x00, 0x00, 0xa0, 0xaa,
    0x44, 0x9a, 0x99, 0x19, 0xbf, 0xb8, 0x1e, 0x05, 0x40, 0x00, 0x00, 0x40,
    0x02, 0x45, 0x00, 0x00, 0x80, 0x3f, 0xb8, 0x1e, 0x65, 0x40, 0x00, 0x00,
    0xc0, 0xc0, 0x01, 0x00, 0x00, 0xd2, 0x42, 0xcd, 0xcc, 0x6c, 0xc0, 0x33,
    0x33, 0x33, 0x3f, 0x00, 0x00, 0xd8, 0xc4, 0x45, 0x00, 0x00, 0xf0, 0xc0,
    0x9a, 0x99, 0xb9, 0x3f, 0x00, 0x00, 0x00, 0x7f, 0x43, 0x9a, 0x99, 0xd9,
    0x40, 0x52, 0xb8, 0xde, 0x3f, 0x00, 0x00, 0x00, 0x11, 0x43, 0xcd, 0xcc,
    0xbc, 0xc0, 0xc3, 0xf5, 0x18, 0x40, 0x00, 0x00, 0xe0, 0x57, 0x45, 0x9a,
    0x99, 0xc9, 0x40, 0x33, 0x33, 0x23, 0x40, 0x02, 0x00, 0x40, 0x1c, 0x46,
    0xcd, 0xcc, 0x8c, 0xc0, 0x33, 0x33, 0x33, 0x3f, 0x00, 0x00, 0x00, 0xa6,
    0x42, 0xcd, 0xcc, 0x4c, 0x40, 0x71, 0x3d, 0x3a, 0x40, 0x00, 0x00, 0xc0,
    0x0d, 0x45, 0x66, 0x66, 0x06, 0xc0, 0x0a, 0xd7, 0x93, 0x40, 0x00, 0x00,
    0x00, 0x38, 0x42, 0x00, 0x00, 0x80, 0xbf, 0x7b, 0x14, 0xce, 0x3f, 0x00,
    0x00, 0x00, 0xe0, 0x42, 0x33, 0x33, 0xf3, 0xbf, 0x29, 0x5c, 0x7f, 0x40,
    0x33, 0x33, 0x83, 0xc0, 0x01, 0x00, 0x00, 0xd2, 0x42, 0x66, 0x66, 0xe6,
    0xbf, 0x33, 0x33, 0x33, 0x3f, 0x00, 0x00, 0x00, 0xb0, 0x43, 0xcd, 0xcc,
    0x8c, 0x40, 0x33, 0x33, 0xb3, 0x3f, 0x00, 0x00, 0x00, 0xce, 0x42, 0x00,
    0x00, 0xa0, 0xc0, 0x52, 0xb8, 0x0e, 0x40, 0x00, 0x00, 0x40, 0x82, 0x44,
    0x9a, 0x99, 0x19, 0xc0, 0x8f, 0xc2, 0xd5, 0x3f, 0x00, 0x00, 0x00, 0xa4,
    0x45, 0xcd, 0xcc, 0x4c, 0x40, 0xe1, 0x7a, 0xbc, 0x40, 0x02, 0x00, 0x40,
    0x1c, 0x46, 0x33, 0x33, 0x83, 0xc0, 0x33, 0x33, 0x33, 0x3f, 0x00, 0x00,
    0x98, 0x0d, 0x46, 0x00, 0x00, 0x20, 0xc0, 0x3d, 0x0a, 0x27, 0x40, 0x00,
    0x00, 0x20, 0x74, 0x45, 0xcd, 0xcc, 0x4c, 0xc0, 0x85, 0xeb, 0xa9, 0x40,
    0x00, 0x00, 0xd0, 0x3e, 0x45, 0x33, 0x33, 0x33, 0x40, 0xae, 0x47, 0xb9,
    0x40, 0x00, 0x00, 0xe0, 0xa1, 0x45, 0x33, 0x33, 0xb3, 0x3f, 0x71, 0x3d,
    0x5a, 0x40, 0x9a, 0x99, 0xc9, 0xc0, 0x01, 0x00, 0x00, 0xd2, 0x42, 0x66,
    0x66, 0xc6, 0x40, 0x33, 0x33, 0x33, 0x3f, 0x00, 0x00, 0x00, 0xf4, 0x42,
    0x33, 0x33, 0x53, 0xc0, 0x14, 0xae, 0x87, 0x3f, 0x00, 0x00, 0x28, 0xcf,
    0x45, 0x33, 0x33, 0xa3, 0x40, 0x00, 0x00, 0xe0, 0x3f, 0x00, 0x00, 0xc0,
    0xf3, 0x44, 0x33, 0x33, 0x13, 0xc0, 0x0a, 0xd7, 0x83, 0x3f, 0x00, 0x00,
    0x00, 0x94, 0x42, 0xcd, 0xcc, 0x2c, 0x40, 0xf6, 0x28, 0x2c, 0x40, 0x02,
    0x00, 0x40, 0x1c, 0x46, 0x00, 0x00, 0x90, 0xc0, 0x33, 0x33, 0x33, 0x3f,
    0x00, 0x00, 0x80, 0x34, 0x44, 0x00, 0x00, 0xc0, 0x3f, 0x9a, 0x99, 0xf9,
    0x3f, 0x00, 0x00, 0xc0, 0x75, 0x44, 0x00, 0x00, 0xc0, 0xbf, 0x52, 0xb8,
    0x4e, 0x40, 0x00, 0x00, 0xa0, 0x82, 0x45, 0x66, 0x66, 0xa6, 0x3f, 0x00,
    0x00, 0xc0, 0x40, 0x00, 0x00, 0x90, 0x48, 0x45, 0x00, 0x00, 0x80, 0xbf,
    0x8f, 0xc2, 0xa5, 0x40, 0xcd, 0xcc, 0xcc, 0xc0, 0x01, 0x00, 0x00, 0xd2,
    0x42, 0x00, 0x00, 0x80, 0x3f, 0x33, 0x33, 0x33, 0x3f, 0x00, 0x00, 0x00,
    0x66, 0x43, 0x33, 0x33, 0x03, 0xc1, 0x3d, 0x0a, 0xd7, 0x3e, 0x00, 0x00,
    0x80, 0xbe, 0x43, 0xcd, 0xcc, 0x34, 0x41, 0xcd, 0xcc, 0x4c, 0x3f, 0x00,
    0x00, 0x60, 0x58, 0x45, 0xcd, 0xcc, 0x4c, 0x41, 0x52, 0xb8, 0x9e, 0x3f,
    0x00, 0x00, 0x40, 0x73, 0x45, 0x66, 0x66, 0xd6, 0xc0, 0x9a, 0x99, 0x99,
    0x3e, 0x02, 0x00, 0x40, 0x1c, 0x46, 0x9a, 0x99, 0x99, 0x3e, 0x33, 0x33,
    0x33, 0x3f, 0x00, 0x00, 0x98, 0xb8, 0x45, 0x00, 0x00, 0xc0, 0xbf, 0x9a,
    0x99, 0x59, 0x40, 0x00, 0x00, 0xa0, 0xa3, 0x44, 0x00, 0x00, 0x80, 0xbf,
    0xf6, 0x28, 0x3c, 0x40, 0x00, 0x00, 0x40, 0xfe, 0x44, 0x66, 0x66, 0x66,
    0x3f, 0xe1, 0x7a, 0x34, 0x40, 0x00, 0x00, 0x00, 0x82, 0x45, 0x9a, 0x99,
    0x99, 0x3f, 0x5c, 0x8f, 0xa2, 0x40, 0x9a, 0x99, 0xb9, 0xc0, 0x01, 0x00,
    0x00, 0xd2, 0x42, 0x33, 0x33, 0xe3, 0x40, 0x33, 0x33, 0x33, 0x3f, 0x00,
    0x00, 0x00, 0x92, 0x42, 0xcd, 0xcc, 0xfc, 0xc0, 0xd7, 0xa3, 0x30, 0x3f,
    0x00, 0x00, 0x50, 0x6f, 0x45, 0x33, 0x33, 0x73, 0x40, 0xb8, 0x1e, 0x55,
    0x40, 0x00, 0x00, 0x00, 0x9e, 0x42, 0x66, 0x66, 0xd6, 0x40, 0x9a, 0x99,
    0x29, 0x40, 0x00, 0x00, 0x18, 0xb1, 0x45, 0x66, 0x66, 0x86, 0xc0, 0x00,
    0x00, 0xc0, 0x40, 0x02, 0x00, 0x40, 0x1c, 0x46, 0x00, 0x00, 0x00, 0xc1,
    0x33, 0x33, 0x33, 0x3f, 0x00, 0x00, 0x4c, 0x09, 0x46, 0x66, 0x66, 0x46,
    0x40, 0xd7, 0xa3, 0xd0, 0x3f, 0x00, 0x00, 0x00, 0x58, 0x43, 0x33, 0x33,
    0xf3, 0x3f, 0x66, 0x66, 0x46, 0x40, 0x00, 0x00, 0x00, 0x0e, 0x43, 0x33,
    0x33, 0xb3, 0xbf, 0x3d, 0x0a, 0x27, 0x40, 0x00, 0x00, 0xe0, 0x96, 0x44,
    0x9a, 0x99, 0x19, 0x3f, 0xcd, 0xcc, 0xcc, 0x3f, 0x66, 0x66, 0xb6, 0xc0,
    0x01, 0x00, 0x00, 0xd2, 0x42, 0xcd, 0xcc, 0xcc, 0x3e, 0x33, 0x33, 0x33,
    0x3f, 0x00, 0x00, 0x00, 0xfc, 0x42, 0x00, 0x00, 0xa0, 0xc0, 0xae, 0x47,
    0xc1, 0x3f, 0x00, 0x00, 0xd0, 0x6f, 0x45, 0x33, 0x33, 0xc3, 0x40, 0x33,
    0x33, 0x33, 0x40, 0x00, 0x00, 0x40, 0xae, 0x45, 0xcd, 0xcc, 0xac, 0xc0,
    0xe1, 0x7a, 0xa4, 0x40, 0x00, 0x00, 0x80, 0x24, 0x44, 0x9a, 0x99, 0x99,
    0xbf, 0x0a, 0xd7, 0x03, 0x40, 0x02, 0x00, 0x40, 0x1c, 0x46, 0x00, 0x00,
    0x00, 0xc1, 0x33, 0x33, 0x33, 0x3f, 0x00, 0x00, 0x00, 0x6e, 0x43, 0x9a,
    0x99, 0xd9, 0x3f, 0x29, 0x5c, 0x0f, 0x40, 0x00, 0x00, 0x00, 0x64, 0x42,
    0x00, 0x00, 0x80, 0xbf, 0x3d, 0x0a, 0x17, 0x40, 0x00, 0x00, 0x00, 0x29,
    0x43, 0xcd, 0xcc, 0x8c, 0xbf, 0x7b, 0x14, 0x5e, 0x40, 0x00, 0x00, 0x28,
    0xdc, 0x45, 0x33, 0x33, 0x33, 0x40, 0xf6, 0x28, 0xb4, 0x40, 0x66, 0x66,
    0x66, 0xc0, 0x01, 0x00, 0x00, 0xd2, 0x42, 0x00, 0x00, 0x80, 0xc0, 0x33,
    0x33, 0x33, 0x3f, 0x00, 0x00, 0x00, 0xf2, 0x42, 0x33, 0x33, 0xb3, 0xc0,
    0x00, 0x00, 0xe0, 0x3f, 0x00, 0x00, 0x00, 0x5b, 0x43, 0x66, 0x66, 0x96,
    0x40, 0xd7, 0xa3, 0x10, 0x40, 0x00, 0x00, 0x00, 0x4b, 0x45, 0xcd, 0xcc,
    0x6c, 0x40, 0x14, 0xae, 0x07, 0x40, 0x00, 0x00, 0xb8, 0xc5, 0x45, 0x9a,
    0x99, 0x89, 0xc0, 0xcd, 0xcc, 0x84, 0x40, 0x02, 0x00, 0x40, 0x1c, 0x46,
    0xcd, 0xcc, 0xcc, 0x3e, 0x33, 0x33, 0x33, 0x3f, 0x00, 0x00, 0x00, 0x90,
    0x42, 0xcd, 0xcc, 0x4c, 0x3f, 0x33, 0x33, 0x73, 0x40, 0x00, 0x00, 0x40,
    0xf4, 0x44, 0x66, 0x66, 0x66, 0x3f, 0x0a, 0xd7, 0xab, 0x40, 0x00, 0x00,
    0x70, 0x18, 0x45, 0x00, 0x00, 0x00, 0xbf, 0x0a, 0xd7, 0x83, 0x40, 0x00,
    0x00, 0x00, 0xc0, 0x42, 0x00, 0x00, 0x00, 0xbf, 0x48, 0xe1, 0x8a, 0x40,
    0x9a, 0x99, 0x59, 0xc0, 0x01, 0x00, 0x00, 0xd2, 0x42, 0x00, 0x00, 0x60,
    0xc0, 0x33, 0x33, 0x33, 0x3f, 0x00, 0x00, 0x00, 0xf8, 0x42, 0x00, 0x00,
    0xc0, 0xc0, 0xe1, 0x7a, 0xb4, 0x3f, 0x00, 0x00, 0x00, 0x5f, 0x43, 0x66,
    0x66, 0x96, 0x40, 0xd7, 0xa3, 0x00, 0x40, 0x00, 0x00, 0x90, 0x65, 0x45,
    0x00, 0x00, 0x60, 0x40, 0x00, 0x00, 0xe0, 0x3f, 0x00, 0x00, 0xa0, 0xc5,
    0x45, 0x66, 0x66, 0xa6, 0xc0, 0xae, 0x47, 0x71, 0x40, 0x02, 0x00, 0x40,
    0x1c, 0x46, 0x9a, 0x99, 0x19, 0x3f, 0x33, 0x33, 0x33, 0x3f, 0x00, 0x00,
    0xc0, 0xbe, 0x44, 0x00, 0x00, 0x80, 0x3f, 0xb8, 0x1e, 0x45, 0x3f, 0x00,
    0x00, 0xe0, 0x1c, 0x45, 0x9a, 0x99, 0x99, 0xbf, 0x7b, 0x14, 0x5e, 0x40,
    0x00, 0x00, 0x70, 0xa0, 0x45, 0x66, 0x66, 0x66, 0xbf, 0x00, 0x00, 0xc0,
    0x40, 0x00, 0x00, 0x00, 0x18, 0x42, 0xcd, 0xcc, 0xcc, 0xbd, 0x00, 0x00,
    0xc0, 0x3f, 0x00, 0x00, 0xc0, 0xc0, 0x01, 0x00, 0x00, 0xd2, 0x42, 0x66,
    0x66, 0x06, 0x41, 0x33, 0x33, 0x33, 0x3f, 0x00, 0x00, 0x38, 0x87, 0x45,
    0x66, 0x66, 0x86, 0x40, 0x52, 0xb8, 0x9e, 0x3e, 0x00, 0x00, 0x00, 0xa6,
    0x42, 0x66, 0x66, 0x96, 0xc0, 0xb8, 0x1e, 0x85, 0x3e, 0x00, 0x00, 0x10,
    0xbf, 0x45, 0x33, 0x33, 0x93, 0xc0, 0x8f, 0xc2, 0xad, 0x40, 0x00, 0x00,
    0x0c, 0x08, 0x46, 0xcd, 0xcc, 0xcc, 0xc0, 0xec, 0x51, 0xb8, 0x3f, 0x02,
    0x00, 0x40, 0x1c, 0x46, 0xcd, 0xcc, 0x4c, 0xc0, 0x33, 0x33, 0x33, 0x3f,
    0x00, 0x00, 0xc0, 0x60, 0x45, 0x00, 0x00, 0x80, 0xbf, 0x00, 0x00, 0x10,
    0x40, 0x00, 0x00, 0x50, 0x96, 0x45, 0x33, 0x33, 0x13, 0x40, 0x29, 0x5c,
    0xaf, 0x40, 0x00, 0x00, 0x20, 0xbf, 0x44, 0xcd, 0xcc, 0x8c, 0x3f, 0x85,
    0xeb, 0x41, 0x40, 0x00, 0x00, 0x80, 0x74, 0x44, 0x9a, 0x99, 0x19, 0xbf,
    0x29, 0x5c, 0x0f, 0x40, 0x9a, 0x99, 0xd9, 0xc0, 0x01, 0x00, 0x00, 0xd2,
    0x42, 0xcd, 0xcc, 0x4c, 0x3e, 0x33, 0x33, 0x33, 0x3f, 0x00, 0x00, 0x00,
    0x3a, 0x43, 0xcd, 0xcc, 0xdc, 0xc0, 0x48, 0xe1, 0xfa, 0x3e, 0x00, 0x00,
    0xa0, 0xda, 0x44, 0x66, 0x66, 0xe6, 0x40, 0xe1, 0x7a, 0x54, 0x3f, 0x00,
    0x00, 0xc0, 0x0d, 0x44, 0x66, 0x66, 0x26, 0xc0, 0xae, 0x47, 0x21, 0x3f,
    0x00, 0x00, 0x10, 0x6a, 0x45, 0x00, 0x00, 0x90, 0x40, 0xa4, 0x70, 0x1d,
    0x40, 0x02, 0x00, 0x40, 0x1c, 0x46, 0x9a, 0x99, 0x39, 0x40, 0x33, 0x33,
    0x33, 0x3f, 0x00, 0x00, 0xb8, 0xae, 0x45, 0xcd, 0xcc, 0x9c, 0xc0, 0x52,
    0xb8, 0x8e, 0x40, 0x00, 0x00, 0x00, 0x90, 0x45, 0x66, 0x66, 0x46, 0x40,
    0x00, 0x00, 0xc0, 0x40, 0x00, 0x00, 0x00, 0x28, 0x42, 0x00, 0x00, 0x00,
    0xbf, 0x33, 0x33, 0xd3, 0x3f, 0x00, 0x00, 0x00, 0xa0, 0x41, 0xcd, 0xcc,
    0x4c, 0x3f, 0x7b, 0x14, 0x1e, 0x40, 0x9a, 0x99, 0xc9, 0xc0, 0x01, 0x00,
    0x00, 0xd2, 0x42, 0xcd, 0xcc, 0x4c, 0xbe, 0x33, 0x33, 0x33, 0x3f, 0x00,
    0x00, 0x00, 0x09, 0x43, 0x66, 0x66, 0x0e, 0xc1, 0x5c, 0x8f, 0x82, 0x3f,
    0x00, 0x00, 0x60, 0x21, 0x45, 0x9a, 0x99, 0xc9, 0x40, 0xd7, 0xa3, 0x30,
    0x3f, 0x00, 0x00, 0x40, 0x6e, 0x44, 0x66, 0x66, 0x86, 0xc0, 0x0a, 0xd7,
    0x63, 0x3f, 0x00, 0x00, 0x80, 0xc4, 0x43, 0x9a, 0x99, 0x89, 0x40, 0x3d,
    0x0a, 0xd7, 0x3f, 0x02, 0x00, 0x40, 0x1c, 0x46, 0x66, 0x66, 0xb6, 0x40,
    0x33, 0x33, 0x33, 0x3f, 0x00, 0x00, 0x00, 0x5c, 0x42, 0x00, 0x00, 0x00,
    0x40, 0x1f, 0x85, 0x8b, 0x40, 0x00, 0x00, 0x70, 0xb4, 0x45, 0x00, 0x00,
    0x90, 0xc0, 0xcd, 0xcc, 0xac, 0x40, 0x00, 0x00, 0x00, 0x90, 0x45, 0x66,
    0x66, 0x66, 0x40, 0xec, 0x51, 0x98, 0x40, 0x00, 0x00, 0x00, 0x59, 0x45,
    0x00, 0x00, 0xc0, 0xbf, 0xec, 0x51, 0x80, 0x40, 0x9a, 0x99, 0xa9, 0xc0,
    0x01, 0x00, 0x00, 0xd2, 0x42, 0xcd, 0xcc, 0xac, 0x40, 0x33, 0x33, 0x33,
    0x3f, 0x00, 0x00, 0x18, 0xfc, 0x45, 0x66, 0x66, 0xa6, 0xc0, 0x0a, 0xd7,
    0xa3, 0x3f, 0x00, 0x00, 0x10, 0x72, 0x45, 0x66, 0x66, 0x66, 0x40, 0x71,
    0x3d, 0x4a, 0x3f, 0x00, 0x00, 0x00, 0xee, 0x42, 0x33, 0x33, 0xf3, 0xbf,
    0x00, 0x00, 0x80, 0x3f, 0x00, 0x00, 0x30, 0x95, 0x45, 0xcd, 0xcc, 0x0c,
    0xc0, 0x1f, 0x85, 0xab, 0x40, 0x02, 0x00, 0x40, 0x1c, 0x46, 0x00, 0x00,
    0xc0, 0xbf, 0x33, 0x33, 0x33, 0x3f, 0x00, 0x00, 0x00, 0xe3, 0x43, 0xcd,
    0xcc, 0xcc, 0x3f, 0x66, 0x66, 0x96, 0x40, 0x00, 0x00, 0x80, 0xb3, 0x43,
    0xcd, 0xcc, 0x8c, 0xbf, 0xc3, 0xf5, 0x88, 0x40, 0x00, 0x00, 0xe0, 0x87,
    0x44, 0xcd, 0xcc, 0x4c, 0xbe, 0x7b, 0x14, 0xae, 0x3f, 0x00, 0x00, 0x00,
    0x24, 0x42, 0xcd, 0xcc, 0xcc, 0xbe, 0x52, 0xb8, 0x1e, 0x40, 0x00, 0x00,
    0xc0, 0xc0, 0x01, 0x00, 0x00, 0xd2, 0x42, 0x00, 0x00, 0x70, 0x41, 0x33,
    0x33, 0x33, 0x3f, 0x00, 0x00, 0x00, 0x34, 0x42, 0x00, 0x00, 0x48, 0xc1,
    0x0a, 0xd7, 0xa3, 0x3e, 0x00, 0x00, 0x00, 0x29, 0x44, 0x00, 0x00, 0x20,
    0x40, 0xf6, 0x28, 0x5c, 0x3f, 0x00, 0x00, 0x50, 0xaf, 0x45, 0x00, 0x00,
    0xb0, 0xc0, 0xd7, 0xa3, 0xb8, 0x40, 0x00, 0x00, 0xc0, 0x3e, 0x45, 0x66,
    0x66, 0xa6, 0x3f, 0xc3, 0xf5, 0x28, 0x3f, 0x02, 0x00, 0x40, 0x1c, 0x46,
    0x00, 0x00, 0xa0, 0xc0, 0x33, 0x33, 0x33, 0x3f, 0x00, 0x00, 0x58, 0x8b,
    0x45, 0x9a, 0x99, 0xd9, 0x3f, 0x14, 0xae, 0xbf, 0x40, 0x00, 0x00, 0x00,
    0x40, 0x45, 0x00, 0x00, 0x80, 0xbf, 0xcd, 0xcc, 0x5c, 0x40, 0x00, 0x00,
    0x80, 0x09, 0x45, 0xcd, 0xcc, 0x8c, 0x3f, 0xec, 0x51, 0x58, 0x40, 0x00,
    0x00, 0x00, 0xbe, 0x44, 0x00, 0x00, 0x00, 0xbf, 0x48, 0xe1, 0x3a, 0x40,
    0x00, 0x00, 0xe0, 0xc0, 0x01, 0x00, 0x00, 0xd2, 0x42, 0x00, 0x00, 0x20,
    0xc0, 0x33, 0x33, 0x33, 0x3f, 0x00, 0x00, 0x00, 0x34, 0x43, 0x33, 0x33,
    0x73, 0xc0, 0xa4, 0x70, 0x7d, 0x3f, 0x00, 0x00, 0x80, 0x9a, 0x44, 0xcd,
    0xcc, 0x2c, 0x40, 0x85, 0xeb, 0x81, 0x40, 0x00, 0x00, 0x00, 0xd8, 0x41,
    0xcd, 0xcc, 0x6c, 0x40, 0x48, 0xe1, 0x7a, 0x3f, 0x00, 0x00, 0x3c, 0x02,
    0x46, 0x9a, 0x99, 0xd9, 0x40, 0x71, 0x3d, 0xca, 0x3f, 0x02, 0x00, 0x40,
    0x1c, 0x46, 0x9a, 0x99, 0x99, 0x3e, 0x33, 0x33, 0x33, 0x3f, 0x00, 0x00,
    0xe0, 0x96, 0x45, 0x66, 0x66, 0x86, 0xc0, 0x8f, 0xc2, 0xb5, 0x40, 0x00,
    0x00, 0x60, 0x56, 0x45, 0x33, 0x33, 0xb3, 0x3f, 0x71, 0x3d, 0x2a, 0x40,
    0x00, 0x00, 0x08, 0xcf, 0x45, 0x66, 0x66, 0xe6, 0x3f, 0x00, 0x00, 0xc0,
    0x40, 0x00, 0x00, 0x00, 0x4c, 0x44, 0x33, 0x33, 0x33, 0xbf, 0x71, 0x3d,
    0x3a, 0x40, 0xcd, 0xcc, 0x8c, 0xc0, 0x01, 0x00, 0x00, 0xd2, 0x42, 0x66,
    0x66, 0x36, 0x41, 0x33, 0x33, 0x33, 0x3f, 0x00, 0x00, 0x00, 0x30, 0x42,
    0xcd, 0xcc, 0x34, 0xc1, 0xae, 0x47, 0xe1, 0x3e, 0x00, 0x00, 0xd4, 0x0a,
    0x46, 0x66, 0x66, 0x46, 0x40, 0x52, 0xb8, 0x2e, 0x40, 0x00, 0x00, 0x68,
    0xc5, 0x45, 0x66, 0x66, 0xb6, 0xc0, 0x29, 0x5c, 0xb7, 0x40, 0x00, 0x00,
    0x80, 0xeb, 0x43, 0x66, 0x66, 0x06, 0x40, 0x14, 0xae, 0x97, 0x40, 0x02,
    0x00, 0x40, 0x1c, 0x46, 0x66, 0x66, 0xa6, 0xbf, 0x33, 0x33, 0x33, 0x3f,
    0x00, 0x00, 0x20, 0xa5, 0x44, 0xcd, 0xcc, 0x0c, 0xc0, 0x14, 0xae, 0x67,
    0x40, 0x00, 0x00, 0x20, 0x0c, 0x45, 0x66, 0x66, 0xe6, 0xbf, 0xe1, 0x7a,
    0x24, 0x40, 0x00, 0x00, 0x90, 0x42, 0x45, 0x66, 0x66, 0x66, 0x40, 0xf6,
    0x28, 0xac, 0x40, 0x00, 0x00, 0x70, 0x72, 0x45, 0x00, 0x00, 0x00, 0xc0,
    0x00, 0x00, 0xc0, 0x40, 0xcd, 0xcc, 0x0c, 0xc0, 0x01, 0x00, 0x00, 0xd2,
    0x42, 0x33, 0x33, 0xb3, 0xbf, 0x33, 0x33, 0x33, 0x3f, 0x00, 0x00, 0x00,
    0x21, 0x43, 0xcd, 0xcc, 0x0c, 0xc0, 0x33, 0x33, 0x93, 0x3f, 0x00, 0x00,
    0x90, 0xab, 0x45, 0x66, 0x66, 0xf6, 0xc0, 0x0a, 0xd7, 0x03, 0x40, 0x00,
    0x00, 0x90, 0x84, 0x45, 0x00, 0x00, 0x60, 0x40, 0x8f, 0xc2, 0x75, 0x3e,
    0x00, 0x00, 0x80, 0x11, 0x45, 0x66, 0x66, 0xa6, 0xc0, 0x9a, 0x99, 0x09,
    0x40, 0x02, 0x00, 0x40, 0x1c, 0x46, 0x00, 0x00, 0xe0, 0xc0, 0x33, 0x33,
    0x33, 0x3f, 0x00, 0x00, 0x80, 0x02, 0x46, 0x9a, 0x99, 0x39, 0x40, 0x3d,
    0x0a, 0xf7, 0x3f, 0x00, 0x00, 0x00, 0xc3, 0x43, 0x00, 0x00, 0x00, 0x3f,
    0xe1, 0x7a, 0x14, 0x40, 0x00, 0x00, 0x60, 0xcb, 0x45, 0x00, 0x00, 0x80,
    0xbf, 0xae, 0x47, 0xa1, 0x40, 0x00, 0x00, 0x00, 0x8c, 0x42, 0xcd, 0xcc,
    0xcc, 0xbd, 0xf6, 0x28, 0xfc, 0x3f, 0xcd, 0xcc, 0xcc, 0xc0, 0x01, 0x00,
    0x00, 0xd2, 0x42, 0x9a, 0x99, 0x01, 0x41, 0x33, 0x33, 0x33, 0x3f, 0x00,
    0x00, 0xa0, 0xc4, 0x44, 0x33, 0x33, 0xb3, 0xc0, 0x7b, 0x14, 0x2e, 0x3f,
    0x00, 0x00, 0x00, 0xde, 0x43, 0x9a, 0x99, 0x79, 0x40, 0xb8, 0x1e, 0x45,
    0x3f, 0x00, 0x00, 0x80, 0x55, 0x45, 0x9a, 0x99, 0xd9, 0x40, 0xf6, 0x28,
    0x2c, 0x40, 0x00, 0x00, 0x00, 0x6c, 0x42, 0x33, 0x33, 0xa3, 0xc0, 0xb8,
    0x1e, 0x05, 0x3f, 0x02, 0x00, 0x40, 0x1c, 0x46, 0xcd, 0xcc, 0xcc, 0x40,
    0x33, 0x33, 0x33, 0x3f, 0x00, 0x00, 0x20, 0xc7, 0x45, 0x00, 0x00, 0xa0,
    0xc0, 0xf6, 0x28, 0xa4, 0x40, 0x00, 0x00, 0x20, 0x07, 0x46, 0x9a, 0x99,
    0x19, 0x40, 0x71, 0x3d, 0xa2, 0x40, 0x00, 0x00, 0x00, 0x2e, 0x43, 0x33,
    0x33, 0x33, 0x3f, 0x52, 0xb8, 0x3e, 0x40, 0x00, 0x00, 0x00, 0x6e, 0x43,
    0xcd, 0xcc, 0x4c, 0xbf, 0x85, 0xeb, 0x61, 0x40, 0x33, 0x33, 0x93, 0xc0,
    0x01, 0x00, 0x00, 0xd2, 0x42, 0x33, 0x33, 0xc3, 0xc0, 0x33, 0x33, 0x33,
    0x3f, 0x00, 0x00, 0x00, 0x2d, 0x43, 0x33, 0x33, 0xe3, 0xc0, 0xcd, 0xcc,
    0x0c, 0x3f, 0x00, 0x00, 0xc0, 0x04, 0x45, 0x66, 0x66, 0x86, 0x40, 0x48,
    0xe1, 0xda, 0x3f, 0x00, 0x00, 0x00, 0xcd, 0x43, 0x66, 0x66, 0x96, 0x40,
    0x66, 0x66, 0x26, 0x3f, 0x00, 0x00, 0x00, 0x48, 0x42, 0x66, 0x66, 0xb6,
    0x40, 0x66, 0x66, 0x66, 0x3f, 0x02, 0x00, 0x40, 0x1c, 0x46, 0x9a, 0x99,
    0x19, 0x3f, 0x33, 0x33, 0x33, 0x3f, 0x00, 0x00, 0x9c, 0x12, 0x46, 0x33,
    0x33, 0x33, 0xc0, 0xb8, 0x1e, 0x15, 0x40, 0x00, 0x00, 0xf8, 0xab, 0x45,
    0x00, 0x00, 0xa0, 0x40, 0x7b, 0x14, 0x6e, 0x40, 0x00, 0x00, 0x20, 0x49,
    0x45, 0x66, 0x66, 0x06, 0xc0, 0x3d, 0x0a, 0xbf, 0x40, 0x00, 0x00, 0xd0,
    0xd1, 0x45, 0x66, 0x66, 0x46, 0xc0, 0x14, 0xae, 0xbf, 0x40, 0xcd, 0xcc,
    0x8c, 0xc0, 0x01, 0x00, 0x00, 0xd2, 0x42, 0x33, 0x33, 0xb3, 0xc0, 0x33,
    0x33, 0x33, 0x3f, 0x00, 0x00, 0x00, 0x4a, 0x43, 0x00, 0x00, 0x80, 0xc0,
    0x85, 0xeb, 0x91, 0x3f, 0x00, 0x00, 0x40, 0xf2, 0x44, 0x33, 0x33, 0x93,
    0x40, 0x52, 0xb8, 0xde, 0x3f, 0x00, 0x00, 0x80, 0xec, 0x43, 0x9a, 0x99,
    0xd9, 0x3f, 0x5c, 0x8f, 0xa2, 0x3f, 0x00, 0x00, 0x00, 0x75, 0x44, 0xcd,
    0xcc, 0xcc, 0xbf, 0x8f, 0xc2, 0xd5, 0x3f, 0x02, 0x00, 0x40, 0x1c, 0x46,
    0xcd, 0xcc, 0xcc, 0xbd, 0x33, 0x33, 0x33, 0x3f, 0x00, 0x00, 0x00, 0x2c,
    0x42, 0x9a, 0x99, 0x19, 0x40, 0x3d, 0x0a, 0x67, 0x40, 0x00, 0x00, 0x60,
    0xfa, 0x45, 0x66, 0x66, 0x06, 0x40, 0x48, 0xe1, 0x0a, 0x40, 0x00, 0x00,
    0x80, 0x5c, 0x45, 0xcd, 0xcc, 0xcc, 0x3f, 0xe1, 0x7a, 0x64, 0x40, 0x00,
    0x00, 0x60, 0x36, 0x45, 0x00, 0x00, 0x00, 0xc0, 0x00, 0x00, 0xa8, 0x40,
    0x66, 0x66, 0x96, 0xc0, 0x01, 0x00, 0x00, 0xd2, 0x42, 0x9a, 0x99, 0x79,
    0xc0, 0x33, 0x33, 0x33, 0x3f, 0x00, 0x00, 0x80, 0x81, 0x43, 0x66, 0x66,
    0xc6, 0xc0, 0xec, 0x51, 0x38, 0x3e, 0x00, 0x00, 0x40, 0xf9, 0x44, 0x9a,
    0x99, 0xa9, 0x40, 0xcd, 0xcc, 0x0c, 0x3f, 0x00, 0x00, 0x80, 0xd4, 0x43,
    0x9a, 0x99, 0xc9, 0x40, 0x71, 0x3d, 0x8a, 0x3f, 0x00, 0x00, 0x00, 0x54,
    0x42, 0x66, 0x66, 0x96, 0x40, 0x1f, 0x85, 0x8b, 0x3f, 0x02, 0x00, 0x40,
    0x1c, 0x46, 0x00, 0x00, 0x00, 0x3f, 0x33, 0x33, 0x33, 0x3f, 0x00, 0x00,
    0xa0, 0xc3, 0x45, 0x66, 0x66, 0x66, 0x40, 0x14, 0xae, 0xa7, 0x40, 0x00,
    0x00, 0x18, 0x88, 0x45, 0xcd, 0xcc, 0x2c, 0xc0, 0xd7, 0xa3, 0x90, 0x40,
    0x00, 0x00, 0x18, 0x1a, 0x46, 0x00, 0x00, 0x80, 0x3f, 0xec, 0x51, 0x18,
    0x40, 0x00, 0x00, 0x40, 0x7d, 0x44, 0x00, 0x00, 0x00, 0xbf, 0x3d, 0x0a,
    0x47, 0x40, 0x00, 0x00, 0xa0, 0xc0, 0x01, 0x00, 0x00, 0xd2, 0x42, 0xcd,
    0xcc, 0x6c, 0x40, 0x33, 0x33, 0x33, 0x3f, 0x00, 0x00, 0xa4, 0x0e, 0x46,
    0xcd, 0xcc, 0xbc, 0x40, 0x1f, 0x85, 0x8b, 0x3f, 0x00, 0x00, 0x00, 0x48,
    0x43, 0x9a, 0x99, 0x79, 0xc0, 0xd7, 0xa3, 0xf0, 0x3e, 0x00, 0x00, 0x40,
    0x7f, 0x44, 0x66, 0x66, 0x86, 0x40, 0x8f, 0xc2, 0xf5, 0x3e, 0x00, 0x00,
    0x10, 0x22, 0x45, 0x33, 0x33, 0x53, 0xc0, 0x8f, 0xc2, 0xf5, 0x3e, 0x02,
    0x00, 0x40, 0x1c, 0x46, 0xcd, 0xcc, 0x8c, 0xbf, 0x33, 0x33, 0x33, 0x3f,
    0x00, 0x00, 0x30, 0x71, 0x45, 0xcd, 0xcc, 0x4c, 0x40, 0x1f, 0x85, 0xbb,
    0x40, 0x00, 0x00, 0x80, 0x95, 0x45, 0x00, 0x00, 0x60, 0xc0, 0x85, 0xeb,
    0xb9, 0x40, 0x00, 0x00, 0x98, 0xc7, 0x45, 0xcd, 0xcc, 0xcc, 0x3f, 0x00,
    0x00, 0xc0, 0x40, 0x00, 0x00, 0x20, 0x0f, 0x45, 0x33, 0x33, 0x33, 0xbf,
    0xb8, 0x1e, 0x8d, 0x40, 0xcd, 0xcc, 0x8c, 0xc0, 0x01, 0x00, 0x00, 0xd2,
    0x42, 0x00, 0x00, 0x00, 0x3f, 0x33, 0x33, 0x33, 0x3f, 0x00, 0x00, 0x20,
    0x7b, 0x45, 0xcd, 0xcc, 0x9c, 0x40, 0x52, 0xb8, 0xde, 0x3f, 0x00, 0x00,
    0x30, 0x29, 0x45, 0xcd, 0xcc, 0x0c, 0xc0, 0xf6, 0x28, 0x1c, 0x3f, 0x00,
    0x00, 0x00, 0xfa, 0x42, 0x9a, 0x99, 0xa9, 0xc0, 0x8f, 0xc2, 0xf5, 0x3f,
    0x00, 0x00, 0xd8, 0xcc, 0x45, 0xcd, 0xcc, 0x2c, 0x40, 0xae, 0x47, 0x81,
    0x3f, 0x02, 0x00, 0x40, 0x1c, 0x46, 0x9a, 0x99, 0xe9, 0xc0, 0x33, 0x33,
    0x33, 0x3f, 0x00, 0x00, 0xb0, 0x11, 0x46, 0xcd, 0xcc, 0x4c, 0x40, 0xd7,
    0xa3, 0x00, 0x40, 0x00, 0x00, 0x80, 0xff, 0x43, 0xcd, 0xcc, 0x8c, 0x3f,
    0x66, 0x66, 0xa6, 0x3f, 0x00, 0x00, 0x00, 0x68, 0x42, 0xcd, 0xcc, 0x8c,
    0x3f, 0x1f, 0x85, 0x5b, 0x40, 0x00, 0x00, 0x20, 0x80, 0x44, 0x66, 0x66,
    0xa6, 0xbf, 0x9a, 0x99, 0x39, 0x40, 0x9a, 0x99, 0x89, 0xc0, 0x01, 0x00,
    0x00, 0xd2, 0x42, 0x66, 0x66, 0x66, 0x41, 0x33, 0x33, 0x33, 0x3f, 0x00,
    0x00, 0x00, 0x38, 0x42, 0x66, 0x66, 0x4e, 0xc1, 0x00, 0x00, 0x80, 0x3e,
    0x00, 0x00, 0x40, 0x6b, 0x44, 0x9a, 0x99, 0x09, 0xc1, 0xae, 0x47, 0x61,
    0x3f, 0x00, 0x00, 0x80, 0x35, 0x44, 0xcd, 0xcc, 0xdc, 0x40, 0x7b, 0x14,
    0xae, 0x3e, 0x00, 0x00, 0xb0, 0xb7, 0x45, 0xcd, 0xcc, 0x6c, 0x40, 0xd7,
    0xa3, 0x50, 0x40, 0x02, 0x00, 0x40, 0x1c, 0x46, 0x33, 0x33, 0x53, 0xc0,
    0x33, 0x33, 0x33, 0x3f, 0x00, 0x00, 0xd4, 0x02, 0x46, 0xcd, 0xcc, 0xcc,
    0x3f, 0x3d, 0x0a, 0x17, 0x40, 0x00, 0x00, 0xd0, 0x10, 0x45, 0x33, 0x33,
    0xf3, 0x3f, 0xc3, 0xf5, 0x68, 0x40, 0x00, 0x00, 0x20, 0x35, 0x45, 0x00,
    0x00, 0x00, 0xc0, 0x00, 0x00, 0xc0, 0x40, 0x00, 0x00, 0x20, 0xbf, 0x44,
    0xcd, 0xcc, 0x4c, 0xbf, 0x8f, 0xc2, 0x45, 0x40, 0xcd, 0xcc, 0xbc, 0xc0,
    0x01, 0x00, 0x00, 0xd2, 0x42, 0x9a, 0x99, 0x99, 0xbf, 0x33, 0x33, 0x33,
    0x3f, 0x00, 0x00, 0x00, 0x45, 0x43, 0x33, 0x33, 0x03, 0xc1, 0x71, 0x3d,
    0x0a, 0x3f, 0x00, 0x00, 0x10, 0x0f, 0x45, 0x9a, 0x99, 0xa9, 0x40, 0xae,
    0x47, 0x21, 0x3f, 0x00, 0x00, 0x40, 0x25, 0x44, 0x9a, 0x99, 0x79, 0x40,
    0x66, 0x66, 0x06, 0x40, 0x00, 0x00, 0xa8, 0xf2, 0x45, 0x00, 0x00, 0x20,
    0x40, 0xae, 0x47, 0xe1, 0x3f, 0x02, 0x00, 0x40, 0x1c, 0x46, 0xcd, 0xcc,
    0x9c, 0xc0, 0x33, 0x33, 0x33, 0x3f, 0x00, 0x00, 0xe0, 0x3f, 0x45, 0xcd,
    0xcc, 0x2c, 0xc0, 0x71, 0x3d, 0xb2, 0x40, 0x00, 0x00, 0xb0, 0x6e, 0x45,
    0x00, 0x00, 0x20, 0x40, 0x00, 0x00, 0xc0, 0x40, 0x00, 0x00, 0x30, 0x05,
    0x45, 0xcd, 0xcc, 0x4c, 0x3f, 0x71, 0x3d, 0x4a, 0x40, 0x00, 0x00, 0x00,
    0x88, 0x42, 0x9a, 0x99, 0x19, 0x3f, 0xe1, 0x7a, 0x54, 0x40, 0x9a, 0x99,
    0xd9, 0xc0, 0x01, 0x00, 0x00, 0xd2, 0x42, 0x9a, 0x99, 0x79, 0x40, 0x33,
    0x33, 0x33, 0x3f, 0x00, 0x00, 0x00, 0x1a, 0x43, 0x33, 0x33, 0x83, 0xc0,
    0x29, 0x5c, 0x0f, 0x3f, 0x00, 0x00, 0xc0, 0x0b, 0x44, 0x33, 0x33, 0xa3,
    0x40, 0x52, 0xb8, 0xbe, 0x3f, 0x00, 0x00, 0x60, 0xfe, 0x44, 0x33, 0x33,
    0xd3, 0x40, 0xa4, 0x70, 0x3d, 0x40, 0x00, 0x00, 0xc0, 0x70, 0x44, 0x66,
    0x66, 0xa6, 0xc0, 0xf6, 0x28, 0x2c, 0x40, 0x02, 0x00, 0x40, 0x1c, 0x46,
    0x9a, 0x99, 0x99, 0xbf, 0x33, 0x33, 0x33, 0x3f, 0x00, 0x00, 0x38, 0xa3,
    0x45, 0x00, 0x00, 0xe0, 0xc0, 0x33, 0x33, 0xa3, 0x40, 0x00, 0x00, 0x90,
    0x4b, 0x45, 0x33, 0x33, 0x53, 0xc0, 0xae, 0x47, 0x99, 0x40, 0x00, 0x00,
    0xf0, 0x17, 0x45, 0x66, 0x66, 0x06, 0x40, 0x85, 0xeb, 0xa1, 0x40, 0x00,
    0x00, 0xc0, 0xc9, 0x45, 0x33, 0x33, 0xf3, 0x3f, 0x29, 0x5c, 0xbf, 0x40,
    0x33, 0x33, 0xc3, 0xc0, 0x01, 0x00, 0x00, 0xd2, 0x42, 0x66, 0x66, 0xe6,
    0x40, 0x33, 0x33, 0x33, 0x3f, 0x00, 0x00, 0x00, 0xe8, 0x42, 0x33, 0x33,
    0xd3, 0xc0, 0xec, 0x51, 0xb8, 0x3e, 0x00, 0x00, 0x30, 0xb2, 0x45, 0x00,
    0x00, 0xc0, 0x40, 0x52, 0xb8, 0xbe, 0x3f, 0x00, 0x00, 0x40, 0xe6, 0x44,
    0x9a, 0x99, 0x89, 0x40, 0xc3, 0xf5, 0xc8, 0x3f, 0x00, 0x00, 0x00, 0x04,
    0x42, 0xcd, 0xcc, 0xcc, 0x3f, 0xe1, 0x7a, 0x04, 0x40, 0x02, 0x00, 0x40,
    0x1c, 0x46, 0xcd, 0xcc, 0x8c, 0xc0, 0x33, 0x33, 0x33, 0x3f, 0x00, 0x00,
    0x04, 0x12, 0x46, 0x9a, 0x99, 0x19, 0x40, 0x29, 0x5c, 0x1f, 0x40, 0x00,
    0x00, 0x00, 0xe0, 0x42, 0x66, 0x66, 0xa6, 0x3f, 0x00, 0x00, 0x20, 0x40,
    0x00, 0x00, 0x00, 0x36, 0x43, 0x00, 0x00, 0x80, 0xbf, 0x71, 0x3d, 0x1a,
    0x40, 0x00, 0x00, 0x00, 0x96, 0x42, 0xcd, 0xcc, 0x8c, 0xbf, 0x1f, 0x85,
    0x83, 0x40, 0x66, 0x66, 0x96, 0xc0, 0x01, 0x00, 0x00, 0xd2, 0x42, 0x33,
    0x33, 0x53, 0xc0, 0x33, 0x33, 0x33, 0x3f, 0x00, 0x00, 0x00, 0xaa, 0x42,
    0xcd, 0xcc, 0xcc, 0xc0, 0x71, 0x3d, 0xaa, 0x3f, 0x00, 0x00, 0x00, 0x58,
    0x42, 0x00, 0x00, 0x80, 0x40, 0x9a, 0x99, 0x59, 0x3f, 0x00, 0x00, 0x48,
    0xb1, 0x45, 0x66, 0x66, 0x26, 0x40, 0xec, 0x51, 0x38, 0x3e, 0x00, 0x00,
    0x00, 0x8c, 0x43, 0x66, 0x66, 0x26, 0xc0, 0x29, 0x5c, 0x0f, 0x3f, 0x02,
    0x00, 0x40, 0x1c, 0x46, 0x33, 0x33, 0x13, 0xc0, 0x33, 0x33, 0x33, 0x3f,
    0x00, 0x00, 0x60, 0x70, 0x45, 0x33, 0x33, 0xf3, 0xbf, 0x14, 0xae, 0xa7,
    0x3f, 0x00, 0x00, 0x60, 0x11, 0x45, 0xcd, 0xcc, 0x4c, 0x40, 0xb8, 0x1e,
    0x9d, 0x40, 0x00, 0x00, 0x20, 0x0e, 0x46, 0x00, 0x00, 0x20, 0x40, 0x71,
    0x3d, 0x4a, 0x40, 0x00, 0x00, 0xe8, 0xd4, 0x45, 0x66, 0x66, 0x06, 0x40,
    0x00, 0x00, 0xc0, 0x40, 0x33, 0x33, 0xc3, 0xc0, 0x01, 0x00, 0x00, 0xd2,
    0x42, 0xcd, 0xcc, 0x4c, 0x3e, 0x33, 0x33, 0x33, 0x3f, 0x00, 0x00, 0xf0,
    0x53, 0x45, 0x33, 0x33, 0xc3, 0x40, 0x48, 0xe1, 0xfa, 0x3f, 0x00, 0x00,
    0x00, 0xdc, 0x42, 0x66, 0x66, 0x66, 0xc0, 0x66, 0x66, 0xe6, 0x3f, 0x00,
    0x00, 0x80, 0xbd, 0x43, 0x00, 0x00, 0x00, 0xc0, 0xae, 0x47, 0xe1, 0x3e,
    0x00, 0x00, 0x7c, 0x0b, 0x46, 0x33, 0x33, 0x33, 0x40, 0xcd, 0xcc, 0x1c,
    0x40, 0x02, 0x00, 0x40, 0x1c, 0x46, 0x33, 0x33, 0xb3, 0xc0, 0x33, 0x33,
    0x33, 0x3f, 0x00, 0x00, 0x98, 0xb5, 0x45, 0x66, 0x66, 0x26, 0xc0, 0x00,
    0x00, 0xc0, 0x40, 0x00, 0x00, 0x10, 0x04, 0x45, 0x00, 0x00, 0x80, 0x3f,
    0x85, 0xeb, 0x01, 0x40, 0x00, 0x00, 0x60, 0x91, 0x44, 0x9a, 0x99, 0x99,
    0xbf, 0xb8, 0x1e, 0x85, 0x40, 0x00, 0x00, 0x80, 0x95, 0x43, 0xcd, 0xcc,
    0xcc, 0xbe, 0xae, 0x47, 0x11, 0x40, 0x66, 0x66, 0x46, 0xc0, 0x01, 0x00,
    0x00, 0xd2, 0x42, 0x00, 0x00, 0x60, 0x40, 0x33, 0x33, 0x33, 0x3f, 0x00,
    0x00, 0x00, 0xd2, 0x42, 0x66, 0x66, 0xe6, 0xc0, 0x52, 0xb8, 0x5e, 0x3f,
    0x00, 0x00, 0x40, 0x57, 0x44, 0x9a, 0x99, 0xd9, 0x3f, 0x9a, 0x99, 0xb9,
    0x3f, 0x00, 0x00, 0x38, 0xb8, 0x45, 0x9a, 0x99, 0x79, 0xc0, 0xf6, 0x28,
    0xac, 0x40, 0x00, 0x00, 0x00, 0x2b, 0x43, 0x33, 0x33, 0x83, 0x40, 0xa4,
    0x70, 0x9d, 0x3f, 0x02, 0x00, 0x40, 0x1c, 0x46, 0x66, 0x66, 0xd6, 0xc0,
    0x33, 0x33, 0x33, 0x3f, 0x00, 0x00, 0xe0, 0x7a, 0x45, 0xcd, 0xcc, 0x0c,
    0x40, 0xc3, 0xf5, 0xa8, 0x40, 0x00, 0x00, 0x60, 0x44, 0x45, 0x00, 0x00,
    0xc0, 0xbf, 0xf6, 0x28, 0x9c, 0x40, 0x00, 0x00, 0x00, 0x24, 0x42, 0x00,
    0x00, 0x80, 0xbf, 0x3d, 0x0a, 0x77, 0x40, 0x00, 0x00, 0x00, 0x64, 0x42,
    0x00, 0x00, 0x00, 0x3f, 0xd7, 0xa3, 0x10, 0x40, 0x9a, 0x99, 0x89, 0xc0,
    0x01, 0x00, 0x00, 0xd2, 0x42, 0x33, 0x33, 0x33, 0x3f, 0x33, 0x33, 0x33,
    0x3f, 0x00, 0x00, 0x00, 0xd8, 0x42, 0x00, 0x00, 0x60, 0xc0, 0x71, 0x3d,
    0x4a, 0x3f, 0x00, 0x00, 0x80, 0xf8, 0x45, 0x33, 0x33, 0x73, 0x40, 0xae,
    0x47, 0x81, 0x3f, 0x00, 0x00, 0x40, 0x62, 0x45, 0x66, 0x66, 0x96, 0x40,
    0x52, 0xb8, 0xde, 0x3f, 0x00, 0x00, 0x80, 0xa9, 0x45, 0x33, 0x33, 0xe3,
    0xc0, 0x71, 0x3d, 0x2a, 0x40, 0x02, 0x00, 0x40, 0x1c, 0x46, 0x66, 0x66,
    0xc6, 0xc0, 0x33, 0x33, 0x33, 0x3f, 0x00, 0x00, 0xa0, 0x94, 0x44, 0x66,
    0x66, 0xe6, 0xbf, 0x85, 0xeb, 0x41, 0x40, 0x00, 0x00, 0x00, 0x96, 0x43,
    0xcd, 0xcc, 0x8c, 0xbf, 0x66, 0x66, 0xa6, 0x3f, 0x00, 0x00, 0x00, 0x37,
    0x43, 0xcd, 0xcc, 0xcc, 0x3f, 0xb8, 0x1e, 0x45, 0x40, 0x00, 0x00, 0x00,
    0xf7, 0x44, 0x33, 0x33, 0xb3, 0x3f, 0x52, 0xb8, 0x3e, 0x40, 0x9a, 0x99,
    0xa9, 0xc0, 0x01, 0x00, 0x00, 0xd2, 0x42, 0xcd, 0xcc, 0xcc, 0x3f, 0x33,
    0x33, 0x33, 0x3f, 0x00, 0x00, 0x00, 0x24, 0x43, 0x00, 0x00, 0xc0, 0xc0,
    0x0a, 0xd7, 0x23, 0x3f, 0x00, 0x00, 0xb0, 0x7a, 0x45, 0x00, 0x00, 0x80,
    0x40, 0x5c, 0x8f, 0x42, 0x40, 0x00, 0x00, 0xc0, 0xc5, 0x44, 0x66, 0x66,
    0x26, 0x40, 0xb8, 0x1e, 0x85, 0x3e, 0x00, 0x00, 0xf0, 0xb2, 0x45, 0x9a,
    0x99, 0xa9, 0xc0, 0xc3, 0xf5, 0x68, 0x40, 0x02, 0x00, 0x40, 0x1c, 0x46,
    0xcd, 0xcc, 0xbc, 0xc0, 0x33, 0x33, 0x33, 0x3f, 0x00, 0x00, 0x00, 0x82,
    0x42, 0x33, 0x33, 0x33, 0x3f, 0x00, 0x00, 0x60, 0x40, 0x00, 0x00, 0x00,
    0xba, 0x42, 0x00, 0x00, 0x00, 0xbf, 0x0a, 0xd7, 0x13, 0x40, 0x00, 0x00,
    0x40, 0x4c, 0x44, 0x00, 0x00, 0x00, 0xbf, 0xd7, 0xa3, 0x40, 0x40, 0x00,
    0x00, 0x00, 0x05, 0x44, 0x9a, 0x99, 0x99, 0x3e, 0x52, 0xb8, 0x0e, 0x40,
    0x00, 0x00, 0x90, 0xc0, 0x01, 0x00, 0x00, 0xd2, 0x42, 0x33, 0x33, 0x33,
    0xbf, 0x33, 0x33, 0x33, 0x3f, 0x00, 0x00, 0x80, 0x8b, 0x43, 0x00, 0x00,
    0x40, 0xc0, 0xcd, 0xcc, 0xac, 0x3f, 0x00, 0x00, 0x20, 0x14, 0x45, 0x9a,
    0x99, 0xa9, 0x40, 0x7b, 0x14, 0xae, 0x3f, 0x00, 0x00, 0x80, 0x8b, 0x44,
    0x66, 0x66, 0x26, 0xc0, 0xae, 0x47, 0x61, 0x3f, 0x00, 0x00, 0x54, 0x0a,
    0x46, 0x33, 0x33, 0x53, 0x40, 0x00, 0x00, 0x30, 0x40, 0x02, 0x00, 0x40,
    0x1c, 0x46, 0x9a, 0x99, 0x89, 0xc0, 0x33, 0x33, 0x33, 0x3f, 0x00, 0x00,
    0x00, 0xc8, 0x42, 0x66, 0x66, 0x26, 0xc0, 0x00, 0x00, 0x00, 0x40, 0x00,
    0x00, 0x00, 0x13, 0x43, 0x66, 0x66, 0x26, 0x40, 0x48, 0xe1, 0x5a, 0x40,
    0x00, 0x00, 0xf0, 0xaf, 0x45, 0xcd, 0xcc, 0x6c, 0xc0, 0xe1, 0x7a, 0xbc,
    0x40, 0x00, 0x00, 0xd0, 0x6d, 0x45, 0x9a, 0x99, 0x39, 0x40, 0x00, 0x00,
    0xc0, 0x40, 0x9a, 0x99, 0x79, 0xc0, 0x01, 0x00, 0x00, 0xd2, 0x42, 0xcd,
    0xcc, 0x4c, 0x3f, 0x33, 0x33, 0x33, 0x3f, 0x00, 0x00, 0xc0, 0x43, 0x44,
    0x00, 0x00, 0x20, 0xc0, 0x71, 0x3d, 0x8a, 0x3e, 0x00, 0x00, 0x10, 0x2b,
    0x45, 0xcd, 0xcc, 0xac, 0x40, 0x52, 0xb8, 0x5e, 0x3f, 0x00, 0x00, 0x18,
    0xb4, 0x45, 0x33, 0x33, 0xa3, 0xc0, 0x85, 0xeb, 0x91, 0x40, 0x00, 0x00,
    0xc8, 0x04, 0x46, 0x00, 0x00, 0xc0, 0x3f, 0x1f, 0x85, 0xeb, 0x3f, 0x02,
    0x00, 0x40, 0x1c, 0x46, 0x00, 0x00, 0x80, 0xc0, 0x33, 0x33, 0x33, 0x3f,
    0x00, 0x00, 0x00, 0x82, 0x42, 0x66, 0x66, 0x66, 0x3f, 0xae, 0x47, 0x41,
    0x40, 0x00, 0x00, 0x00, 0xb4, 0x42, 0x00, 0x00, 0x00, 0xbf, 0x3d, 0x0a,
    0x27, 0x40, 0x00, 0x00, 0x00, 0x9a, 0x44, 0x33, 0x33, 0x33, 0xbf, 0xec,
    0x51, 0x98, 0x40, 0x00, 0x00, 0x00, 0x27, 0x44, 0x00, 0x00, 0x00, 0x3f,
    0xb8, 0x1e, 0x45, 0x40, 0x33, 0x33, 0xc3, 0xc0, 0x01, 0x00, 0x00, 0xd2,
    0x42, 0x33, 0x33, 0xf3, 0x3f, 0x33, 0x33, 0x33, 0x3f, 0x00, 0x00, 0x00,
    0x1a, 0x43, 0x9a, 0x99, 0xd9, 0xc0, 0xb8, 0x1e, 0x05, 0x3f, 0x00, 0x00,
    0x00, 0x23, 0x45, 0x00, 0x00, 0xb0, 0x40, 0x85, 0xeb, 0x91, 0x3f, 0x00,
    0x00, 0xe4, 0x0a, 0x46, 0x00, 0x00, 0x60, 0x40, 0x33, 0x33, 0x23, 0x40,
    0x00, 0x00, 0x40, 0x6e, 0x45, 0x00, 0x00, 0x40, 0x40, 0xe1, 0x7a, 0x74,
    0x40, 0x02, 0x00, 0x40, 0x1c, 0x46, 0x00, 0x00, 0x40, 0xc0, 0x33, 0x33,
    0x33, 0x3f, 0x00, 0x00, 0xe0, 0xb6, 0x45, 0x9a, 0x99, 0x79, 0xc0, 0x00,
    0x00, 0xc0, 0x40, 0x00, 0x00, 0xf8, 0xdb, 0x45, 0xcd, 0xcc, 0x4c, 0x40,
    0x5c, 0x8f, 0xb2, 0x40, 0x00, 0x00, 0x60, 0xad, 0x44, 0x66, 0x66, 0xa6,
    0x3f, 0x71, 0x3d, 0x7a, 0x40, 0x00, 0x00, 0xc0, 0x69, 0x44, 0x00, 0x00,
    0x00, 0xbf, 0x1f, 0x85, 0x0b, 0x40, 0xcd, 0xcc, 0x8c, 0xc0, 0x01, 0x00,
    0x00, 0xd2, 0x42, 0x33, 0x33, 0x33, 0x3f, 0x33, 0x33, 0x33, 0x3f, 0x00,
    0x00, 0x30, 0x05, 0x45, 0xcd, 0xcc, 0x8c, 0x40, 0xb8, 0x1e, 0x25, 0x40,
    0x00, 0x00, 0x80, 0x9d, 0x43, 0x66, 0x66, 0xe6, 0xbf, 0x1f, 0x85, 0x6b,
    0x3f, 0x00, 0x00, 0x00, 0xd6, 0x42, 0x33, 0x33, 0x33, 0xc0, 0x5c, 0x8f,
    0x82, 0x3f, 0x00, 0x00, 0x00, 0x36, 0x43, 0x00, 0x00, 0xc0, 0x3f, 0xd7,
    0xa3, 0x20, 0x40, 0x02, 0x00, 0x40, 0x1c, 0x46, 0x33, 0x33, 0xd3, 0xc0,
    0x33, 0x33, 0x33, 0x3f, 0x00, 0x00, 0x34, 0x14, 0x46, 0x9a, 0x99, 0x79,
    0x40, 0xe1, 0x7a, 0x04, 0x40, 0x00, 0x00, 0x20, 0xaf, 0x45, 0x00, 0x00,
    0x40, 0xc0, 0x8f, 0xc2, 0xbd, 0x40, 0x00, 0x00, 0xa0, 0x85, 0x44, 0xcd,
    0xcc, 0x8c, 0x3f, 0xec, 0x51, 0x90, 0x40, 0x00, 0x00, 0x00, 0xd2, 0x45,
    0x66, 0x66, 0x06, 0x40, 0xe1, 0x7a, 0xbc, 0x40, 0x33, 0x33, 0x93, 0xc0,
    0x01, 0x00, 0x00, 0xd2, 0x42, 0x33, 0x33, 0x33, 0x40, 0x33, 0x33, 0x33,
    0x3f, 0x00, 0x00, 0x00, 0x13, 0x43, 0x33, 0x33, 0xb3, 0xc0, 0x85, 0xeb,
    0x11, 0x3f, 0x00, 0x00, 0xe0, 0x37, 0x45, 0x66, 0x66, 0x46, 0x40, 0xb8,
    0x1e, 0x85, 0x3e, 0x00, 0x00, 0x88, 0xb1, 0x45, 0xcd, 0xcc, 0x8c, 0xc0,
    0x33, 0x33, 0x43, 0x40, 0x00, 0x00, 0x00, 0xe0, 0x41, 0x9a, 0x99, 0x19,
    0x40, 0x33, 0x33, 0x03, 0x40, 0x02, 0x00, 0x40, 0x1c, 0x46, 0xcd, 0xcc,
    0xac, 0xc0, 0x33, 0x33, 0x33, 0x3f, 0x00, 0x00, 0x10, 0x4e, 0x45, 0xcd,
    0xcc, 0x8c, 0x3f, 0x29, 0x5c, 0x9f, 0x40, 0x00, 0x00, 0x40, 0x48, 0x44,
    0xcd, 0xcc, 0xcc, 0xbe, 0xc3, 0xf5, 0x08, 0x40, 0x00, 0x00, 0x80, 0xd1,
    0x43, 0x33, 0x33, 0x33, 0x3f, 0x52, 0xb8, 0xde, 0x3f, 0x00, 0x00, 0x00,
    0x7e, 0x43, 0x00, 0x00, 0x00, 0xbf, 0x52, 0xb8, 0xfe, 0x3f, 0x00, 0x00,
    0x80, 0xbf, 0x01, 0x00, 0x00, 0xd2, 0x42, 0xcd, 0xcc, 0x4c, 0xbe, 0x33,
    0x33, 0x33, 0x3f, 0x00, 0x00, 0x00, 0x99, 0x44, 0xcd, 0xcc, 0x8c, 0x3f,
    0x52, 0xb8, 0x5e, 0x3f, 0x00, 0x00, 0xb0, 0x27, 0x45, 0x00, 0x00, 0x00,
    0xc0, 0x8f, 0xc2, 0x55, 0x40, 0x00, 0x00, 0x80, 0xeb, 0x43, 0x9a, 0x99,
    0x19, 0xbf, 0xd7, 0xa3, 0x00, 0x40, 0x00, 0x00, 0x00, 0xb6, 0x42, 0x00,
    0x00, 0x00, 0xbf, 0x3d, 0x0a, 0x17, 0x40, 0x02, 0x00, 0x40, 0x1c, 0x46,
    0x66, 0x66, 0xe6, 0xbf, 0x33, 0x33, 0x33, 0x3f, 0x00, 0x00, 0x00, 0x27,
    0x43, 0xcd, 0xcc, 0x4c, 0x3f, 0x7b, 0x14, 0x2e, 0x40, 0x00, 0x00, 0xb0,
    0x78, 0x45, 0x9a, 0x99, 0x19, 0xbf, 0xc3, 0xf5, 0x88, 0x40, 0x00, 0x00,
    0xa8, 0xb6, 0x45, 0xcd, 0xcc, 0x8c, 0xbf, 0x00, 0x00, 0xc0, 0x40, 0x00,
    0x00, 0x00, 0xe0, 0x42, 0x9a, 0x99, 0x99, 0xbe, 0x85, 0xeb, 0x21, 0x40,
    0x66, 0x66, 0x46, 0xc0, 0x01, 0x00, 0x00, 0xd2, 0x42, 0x66, 0x66, 0xa6,
    0xbf, 0x33, 0x33, 0x33, 0x3f, 0x00, 0x00, 0x00, 0x09, 0x43, 0x9a, 0x99,
    0x59, 0xc0, 0x33, 0x33, 0x73, 0x3f, 0x00, 0x00, 0x70, 0xf9, 0x45, 0x00,
    0x00, 0x40, 0x40, 0xd7, 0xa3, 0x10, 0x40, 0x00, 0x00, 0x00, 0x9c, 0x43,
    0x66, 0x66, 0x66, 0x3f, 0x8f, 0xc2, 0xf5, 0x3e, 0x00, 0x00, 0x00, 0x78,
    0x42, 0x66, 0x66, 0xe6, 0x3f, 0x8f, 0xc2, 0xb5, 0x3f, 0x02, 0x00, 0x40,
    0x1c, 0x46, 0x00, 0x00, 0x00, 0x80, 0x33, 0x33, 0x33, 0x3f, 0x00, 0x00,
    0xa0, 0x3c, 0x45, 0x33, 0x33, 0x13, 0xc0, 0xb8, 0x1e, 0x45, 0x40, 0x00,
    0x00, 0x20, 0xf7, 0x44, 0x33, 0x33, 0xb3, 0x3f, 0xae, 0x47, 0x01, 0x40,
    0x00, 0x00, 0x08, 0xab, 0x45, 0xcd, 0xcc, 0x0c, 0xc0, 0x00, 0x00, 0xc0,
    0x40, 0x00, 0x00, 0x58, 0xc8, 0x45, 0x66, 0x66, 0xe6, 0x3f, 0x00, 0x00,
    0xc0, 0x40, 0x9a, 0x99, 0xc9, 0xc0, 0x01, 0x00, 0x00, 0xd2, 0x42, 0x9a,
    0x99, 0x59, 0x40, 0x33, 0x33, 0x33, 0x3f, 0x00, 0x00, 0x00, 0x36, 0x43,
    0x00, 0x00, 0x80, 0xc0, 0x52, 0xb8, 0x1e, 0x3f, 0x00, 0x00, 0xd4, 0x0c,
    0x46, 0xcd, 0xcc, 0xcc, 0x40, 0x9a, 0x99, 0x29, 0x40, 0x00, 0x00, 0x00,
    0x71, 0x45, 0x66, 0x66, 0xc6, 0x40, 0xe1, 0x7a, 0x14, 0x40, 0x00, 0x00,
    0x60, 0x8b, 0x44, 0x00, 0x00, 0x00, 0xc0, 0x52, 0xb8, 0xfe, 0x3f, 0x02,
    0x00, 0x40, 0x1c, 0x46, 0xcd, 0xcc, 0xcc, 0xbf, 0x33, 0x33, 0x33, 0x3f,
    0x00, 0x00, 0xd0, 0x04, 0x45, 0x66, 0x66, 0xa6, 0x3f, 0x52, 0xb8, 0x2e,
    0x40, 0x00, 0x00, 0x68, 0xc7, 0x45, 0xcd, 0xcc, 0x2c, 0xc0, 0x00, 0x00,
    0xc0, 0x40, 0x00, 0x00, 0xe8, 0xe9, 0x45, 0x66, 0x66, 0x06, 0x40, 0x9a,
    0x99, 0xa9, 0x40, 0x00, 0x00, 0xe0, 0xc2, 0x44, 0x33, 0x33, 0x33, 0xbf,
    0xa4, 0x70, 0x4d, 0x40, 0x9a, 0x99, 0xc9, 0xc0, 0x01, 0x00, 0x00, 0xd2,
    0x42, 0x9a, 0x99, 0x89, 0x40, 0x33, 0x33, 0x33, 0x3f, 0x00, 0x00, 0x90,
    0x53, 0x45, 0x9a, 0x99, 0x89, 0xc0, 0x14, 0xae, 0x07, 0x40, 0x00, 0x00,
    0xd4, 0x03, 0x46, 0x33, 0x33, 0xf3, 0x3f, 0x5c, 0x8f, 0xe2, 0x3f, 0x00,
    0x00, 0x00, 0x04, 0x43, 0x66, 0x66, 0x26, 0x40, 0x9a, 0x99, 0x39, 0x40,
    0x00, 0x00, 0x00, 0x54, 0x42, 0xcd, 0xcc, 0x0c, 0x40, 0x48, 0xe1, 0x9a,
    0x3f, 0x02, 0x00, 0x40, 0x1c, 0x46, 0xcd, 0xcc, 0xcc, 0x3d, 0x33, 0x33,
    0x33, 0x3f, 0x00, 0x00, 0x80, 0x84, 0x43, 0x00, 0x00, 0xc0, 0xbf, 0x48,
    0xe1, 0xda, 0x3f, 0x00, 0x00, 0x00, 0x85, 0x44, 0x9a, 0x99, 0x99, 0xbf,
    0xcd, 0xcc, 0x7c, 0x40, 0x00, 0x00, 0xe0, 0x00, 0x45, 0x66, 0x66, 0xa6,
    0x3f, 0x85, 0xeb, 0xa9, 0x40, 0x00, 0x00, 0x00, 0x27, 0x43, 0x00, 0x00,
    0x80, 0x3f, 0xcd, 0xcc, 0x84, 0x40, 0x66, 0x66, 0xc6, 0xc0, 0x01, 0x00,
    0x00, 0xd2, 0x42, 0x66, 0x66, 0x06, 0x40, 0x33, 0x33, 0x33, 0x3f, 0x00,
    0x00, 0xe8, 0x80, 0x45, 0xcd, 0xcc, 0xcc, 0x40, 0x33, 0x33, 0xb3, 0x3f,
    0x00, 0x00, 0xc0, 0x6a, 0x44, 0x33, 0x33, 0x53, 0xc0, 0x14, 0xae, 0x87,
    0x3f, 0x00, 0x00, 0x80, 0x82, 0x43, 0xcd, 0xcc, 0x4c, 0xc0, 0x71, 0x3d,
    0xea, 0x3f, 0x00, 0x00, 0x00, 0xb6, 0x42, 0x00, 0x00, 0x20, 0xc0, 0x85,
    0xeb, 0x01, 0x40, 0x02, 0x00, 0x40, 0x1c, 0x46, 0x66, 0x66, 0xa6, 0x3f,
    0x33, 0x33, 0x33, 0x3f, 0x00, 0x00, 0x00, 0x20, 0x42, 0xcd, 0xcc, 0x4c,
    0x40, 0x85, 0xeb, 0xa1, 0x40, 0x00, 0x00, 0x00, 0x40, 0x42, 0x66, 0x66,
    0x06, 0xc0, 0x00, 0x00, 0xc0, 0x40, 0x00, 0x00, 0x40, 0x00, 0x44, 0x9a,
    0x99, 0x19, 0x3f, 0x9a, 0x99, 0x59, 0x40, 0x00, 0x00, 0x00, 0xc2, 0x45,
    0x9a, 0x99, 0xd9, 0xbf, 0x00, 0x00, 0xc0, 0x40, 0x9a, 0x99, 0x99, 0xc0,
    0x01, 0x00, 0x00, 0xd2, 0x42, 0xcd, 0xcc, 0xcc, 0x3e, 0x33, 0x33, 0x33,
    0x3f, 0x00, 0x00, 0x80, 0xc5, 0x43, 0x33, 0x33, 0xf3, 0xbf, 0x71, 0x3d,
    0x0a, 0x3f, 0x00, 0x00, 0xe0, 0x06, 0x45, 0x33, 0x33, 0xa3, 0x40, 0x1f,
    0x85, 0xcb, 0x3f, 0x00, 0x00, 0xa0, 0x8d, 0x44, 0x66, 0x66, 0xe6, 0xbf,
    0xc3, 0xf5, 0xc8, 0x3f, 0x00, 0x00, 0xfc, 0x1b, 0x46, 0x33, 0x33, 0xf3,
    0x3f, 0xec, 0x51, 0xf8, 0x3f, 0x02, 0x00, 0x40, 0x1c, 0x46, 0x66, 0x66,
    0xb6, 0xc0, 0x33, 0x33, 0x33, 0x3f, 0x00, 0x00, 0x00, 0x82, 0x42, 0x00,
    0x00, 0xc0, 0x3f, 0x7b, 0x14, 0x1e, 0x40, 0x00, 0x00, 0x00, 0xcc, 0x42,
    0x9a, 0x99, 0xd9, 0xbf, 0x0a, 0xd7, 0x43, 0x40, 0x00, 0x00, 0xb8, 0xb5,
    0x45, 0x9a, 0x99, 0x99, 0xc0, 0xe1, 0x7a, 0xbc, 0x40, 0x00, 0x00, 0x20,
    0x14, 0x46, 0x9a, 0x99, 0x19, 0x40, 0xcd, 0xcc, 0x0c, 0x3f, 0xcd, 0xcc,
    0x9c, 0xc0, 0x01, 0x00, 0x00, 0xd2, 0x42, 0x00, 0x00, 0x60, 0x40, 0x33,
    0x33, 0x33, 0x3f, 0x00, 0x00, 0xe0, 0x9b, 0x44, 0x9a, 0x99, 0x79, 0xc0,
    0x5c, 0x8f, 0x82, 0x3f, 0x00, 0x00, 0x80, 0xaa, 0x43, 0x00, 0x00, 0xc0,
    0xbf, 0x0a, 0xd7, 0x23, 0x3f, 0x00, 0x00, 0x00, 0x44, 0x42, 0xcd, 0xcc,
    0xcc, 0x3f, 0x00, 0x00, 0x80, 0x3f, 0x00, 0x00, 0xa0, 0x83, 0x45, 0xcd,
    0xcc, 0x0c, 0x40, 0xec, 0x51, 0x38, 0x3e, 0x02, 0x00, 0x40, 0x1c, 0x46,
    0x9a, 0x99, 0xd9, 0x3f, 0x33, 0x33, 0x33, 0x3f, 0x00, 0x00, 0x98, 0xb3,
    0x45, 0x66, 0x66, 0x06, 0xc0, 0xa4, 0x70, 0xad, 0x40, 0x00, 0x00, 0xb0,
    0x57, 0x45, 0x66, 0x66, 0x06, 0x40, 0x00, 0x00, 0xc0, 0x40, 0x00, 0x00,
    0x60, 0x41, 0x45, 0x66, 0x66, 0x26, 0xc0, 0x14, 0xae, 0xbf, 0x40, 0x00,
    0x00, 0x60, 0x2d, 0x45, 0x66, 0x66, 0xe6, 0x3f, 0x00, 0x00, 0xc0, 0x40,
    0x9a, 0x99, 0xd9, 0xc0, 0x01, 0x00, 0x00, 0xd2, 0x42, 0x00, 0x00, 0xc0,
    0x40, 0x33, 0x33, 0x33, 0x3f, 0x00, 0x00, 0x00, 0x02, 0x43, 0x66, 0x66,
    0xb6, 0xc0, 0xcd, 0xcc, 0xcc, 0x3e, 0x00, 0x00, 0x40, 0x7f, 0x45, 0x00,
    0x00, 0xd0, 0x40, 0x71, 0x3d, 0x3a, 0x40, 0x00, 0x00, 0x00, 0xf2, 0x43,
    0x33, 0x33, 0x73, 0x40, 0x52, 0xb8, 0x1e, 0x40, 0x00, 0x00, 0x40, 0xa7,
    0x44, 0xcd, 0xcc, 0x0c, 0x40, 0x52, 0xb8, 0x0e, 0x40, 0x02, 0x00, 0x40,
    0x1c, 0x46, 0xcd, 0xcc, 0x4c, 0x40, 0x33, 0x33, 0x33, 0x3f, 0x00, 0x00,
    0x50, 0xc8, 0x45, 0xcd, 0xcc, 0x6c, 0xc0, 0x29, 0x5c, 0x97, 0x40, 0x00,
    0x00, 0xd4, 0x0c, 0x46, 0x66, 0x66, 0x66, 0xc0, 0xb8, 0x1e, 0x25, 0x40,
    0x00, 0x00, 0x10, 0x97, 0x45, 0x00, 0x00, 0x00, 0x40, 0x00, 0x00, 0xa0,
    0x40, 0x00, 0x00, 0x00, 0x18, 0x42, 0x66, 0x66, 0x06, 0x40, 0x00, 0x00,
    0xc0, 0x40, 0x66, 0x66, 0xa6, 0xc0, 0x01, 0x00, 0x00, 0xd2, 0x42, 0x00,
    0x00, 0x60, 0x40, 0x33, 0x33, 0x33, 0x3f, 0x00, 0x00, 0x00, 0x32, 0x43,
    0xcd, 0xcc, 0xac, 0xc0, 0x52, 0xb8, 0x1e, 0x3f, 0x00, 0x00, 0xe0, 0xe4,
    0x44, 0x9a, 0x99, 0xa9, 0x40, 0xae, 0x47, 0x81, 0x3f, 0x00, 0x00, 0x80,
    0xb3, 0x45, 0x00, 0x00, 0xe0, 0xc0, 0x0a, 0xd7, 0xbb, 0x40, 0x00, 0x00,
    0xb8, 0x8c, 0x45, 0x66, 0x66, 0x66, 0x40, 0x8f, 0xc2, 0x75, 0x40, 0x02,
    0x00, 0x40, 0x1c, 0x46, 0x9a, 0x99, 0x99, 0xbe, 0x33, 0x33, 0x33, 0x3f,
    0x00, 0x00, 0x30, 0x47, 0x45, 0x66, 0x66, 0x06, 0xc0, 0x00, 0x00, 0xc0,
    0x40, 0x00, 0x00, 0x40, 0x3e, 0x44, 0x33, 0x33, 0x33, 0x3f, 0x3d, 0x0a,
    0x27, 0x40, 0x00, 0x00, 0x60, 0x20, 0x45, 0x9a, 0x99, 0x99, 0x3f, 0x1f,
    0x85, 0xab, 0x40, 0x00, 0x00, 0x80, 0x8b, 0x44, 0x00, 0x00, 0x80, 0xbf,
    0x52, 0xb8, 0xae, 0x40, 0x33, 0x33, 0x53, 0xc0, 0x01, 0x00, 0x00, 0xd2,
    0x42, 0x9a, 0x99, 0x99, 0xbe, 0x33, 0x33, 0x33, 0x3f, 0x00, 0x00, 0x00,
    0xe8, 0x42, 0x66, 0x66, 0xe6, 0xbf, 0x48, 0xe1, 0xda, 0x3f, 0x00, 0x00,
    0xd0, 0xa4, 0x45, 0xcd, 0xcc, 0x6c, 0x40, 0x5c, 0x8f, 0x42, 0x3f, 0x00,
    0x00, 0x40, 0x96, 0x45, 0x9a, 0x99, 0xc9, 0xc0, 0x33, 0x33, 0x43, 0x40,
    0x00, 0x00, 0x90, 0x05, 0x45, 0x66, 0x66, 0x46, 0xc0, 0x71, 0x3d, 0x5a,
    0x40, 0x02, 0x00, 0x40, 0x1c, 0x46, 0x9a, 0x99, 0x89, 0xc0, 0x33, 0x33,
    0x33, 0x3f, 0x00, 0x00, 0xc0, 0x18, 0x44, 0x33, 0x33, 0xb3, 0x3f, 0x48,
    0xe1, 0x2a, 0x40, 0x00, 0x00, 0x00, 0x93, 0x43, 0x9a, 0x99, 0x19, 0xbf,
    0xec, 0x51, 0xf8, 0x3f, 0x00, 0x00, 0x00, 0x78, 0x42, 0x9a, 0x99, 0x19,
    0x3f, 0x29, 0x5c, 0x2f, 0x40, 0x00, 0x00, 0x48, 0xce, 0x45, 0x9a, 0x99,
    0xd9, 0x3f, 0x00, 0x00, 0xc0, 0x40, 0x66, 0x66, 0x66, 0xbf, 0x01, 0x00,
    0x00, 0xd2, 0x42, 0x33, 0x33, 0x13, 0xc0, 0x33, 0x33, 0x33, 0x3f, 0x00,
    0x00, 0x80, 0x71, 0x44, 0xcd, 0xcc, 0x8c, 0xbf, 0x33, 0x33, 0xf3, 0x3f,
    0x00, 0x00, 0x00, 0xe6, 0x42, 0x66, 0x66, 0x66, 0xbf, 0xa4, 0x70, 0x2d,
    0x40, 0x00, 0x00, 0xe0, 0x7c, 0x45, 0x00, 0x00, 0x80, 0x3f, 0x66, 0x66,
    0x66, 0x40, 0x00, 0x00, 0x00, 0x68, 0x42, 0x33, 0x33, 0xb3, 0x3f, 0xec,
    0x51, 0xd8, 0x3f, 0x02, 0x00, 0x40, 0x1c, 0x46, 0xcd, 0xcc, 0xcc, 0x3e,
    0x33, 0x33, 0x33, 0x3f, 0x00, 0x00, 0x80, 0xa5, 0x45, 0x00, 0x00, 0xc0,
    0xbf, 0x00, 0x00, 0xc0, 0x40, 0x00, 0x00, 0x00, 0x33, 0x43, 0xcd, 0xcc,
    0x4c, 0x3f, 0x29, 0x5c, 0x7f, 0x40, 0x00, 0x00, 0x30, 0x05, 0x45, 0xcd,
    0xcc, 0xcc, 0x3e, 0xd7, 0xa3, 0x60, 0x40, 0x00, 0x00, 0x80, 0x82, 0x43,
    0xcd, 0xcc, 0xcc, 0xbe, 0x14, 0xae, 0x37, 0x40, 0x66, 0x66, 0x46, 0xc0,
    0x01, 0x00, 0x00, 0xd2, 0x42, 0x33, 0x33, 0xa3, 0x40, 0x33, 0x33, 0x33,
    0x3f, 0x00, 0x00, 0x00, 0xac, 0x42, 0x66, 0x66, 0x96, 0xc0, 0x1f, 0x85,
    0x6b, 0x3e, 0x00, 0x00, 0x48, 0x0b, 0x46, 0x00, 0x00, 0x20, 0x40, 0x0a,
    0xd7, 0x33, 0x40, 0x00, 0x00, 0xd0, 0x10, 0x45, 0x66, 0x66, 0x46, 0x40,
    0x5c, 0x8f, 0xe2, 0x3f, 0x00, 0x00, 0x80, 0xca, 0x43, 0x66, 0x66, 0x66,
    0x40, 0xcd, 0xcc, 0x0c, 0x40, 0x02, 0x00, 0x40, 0x1c, 0x46, 0x9a, 0x99,
    0x19, 0xbf, 0x33, 0x33, 0x33, 0x3f, 0x00, 0x00, 0x50, 0xa9, 0x45, 0x00,
    0x00, 0x80, 0xc0, 0xa4, 0x70, 0x9d, 0x40, 0x00, 0x00, 0x20, 0x99, 0x44,
    0x00, 0x00, 0x00, 0x40, 0x00, 0x00, 0xc0, 0x40, 0x00, 0x00, 0xd0, 0xd1,
    0x45, 0xcd, 0xcc, 0x0c, 0x40, 0xec, 0x51, 0xa0, 0x40, 0x00, 0x00, 0x00,
    0x20, 0x42, 0x00, 0x00, 0x00, 0xbf, 0x0a, 0xd7, 0x03, 0x40, 0x33, 0x33,
    0xc3, 0xc0, 0x01, 0x00, 0x00, 0xd2, 0x42, 0x00, 0x00, 0x80, 0x3f, 0x33,
    0x33, 0x33, 0x3f, 0x00, 0x00, 0xc0, 0x63, 0x44, 0x33, 0x33, 0x73, 0xc0,
    0x85, 0xeb, 0x91, 0x3f, 0x00, 0x00, 0x50, 0x07, 0x45, 0x00, 0x00, 0xd0,
    0x40, 0xf6, 0x28, 0x0c, 0x40, 0x00, 0x00, 0x00, 0x1a, 0x43, 0x33, 0x33,
    0x13, 0xc0, 0x8f, 0xc2, 0x75, 0x3f, 0x00, 0x00, 0x80, 0x72, 0x45, 0xcd,
    0xcc, 0x2c, 0x40, 0x1f, 0x85, 0x6b, 0x40, 0x02, 0x00, 0x40, 0x1c, 0x46,
    0xcd, 0xcc, 0xbc, 0xc0, 0x33, 0x33, 0x33, 0x3f, 0x00, 0x00, 0x40, 0x1c,
    0x46, 0xcd, 0xcc, 0x9c, 0x40, 0xe1, 0x7a, 0x94, 0x3f, 0x00, 0x00, 0x48,
    0xad, 0x45, 0x33, 0x33, 0xa3, 0xc0, 0x33, 0x33, 0xb3, 0x40, 0x00, 0x00,
    0x80, 0xbb, 0x43, 0x00, 0x00, 0x80, 0x3f, 0x8f, 0xc2, 0x55, 0x40, 0x00,
    0x00, 0x00, 0x30, 0x42, 0x9a, 0x99, 0x19, 0xbf, 0xc3, 0xf5, 0x18, 0x40,
    0x66, 0x66, 0xc6, 0xc0, 0x01, 0x00, 0x00, 0xd2, 0x42, 0x33, 0x33, 0xb3,
    0x3f, 0x33, 0x33, 0x33, 0x3f, 0x00, 0x00, 0x00, 0x3e, 0x43, 0x33, 0x33,
    0x73, 0xc0, 0xb8, 0x1e, 0x45, 0x3f, 0x00, 0x00, 0x00, 0x08, 0x45, 0x33,
    0x33, 0xd3, 0x40, 0x52, 0xb8, 0xfe, 0x3f, 0x00, 0x00, 0x80, 0x81, 0x44,
    0xcd, 0xcc, 0x2c, 0xc0, 0x3d, 0x0a, 0xb7, 0x3f, 0x00, 0x00, 0x00, 0xd2,
    0x43, 0x66, 0x66, 0x06, 0x40, 0xec, 0x51, 0x08, 0x40, 0x02, 0x00, 0x40,
    0x1c, 0x46, 0x9a, 0x99, 0x59, 0xc0, 0x33, 0x33, 0x33, 0x3f, 0x00, 0x00,
    0xa0, 0xdb, 0x45, 0x00, 0x00, 0x60, 0x40, 0x14, 0xae, 0xc7, 0x3f, 0x00,
    0x00, 0x60, 0xa9, 0x45, 0x9a, 0x99, 0xc9, 0xc0, 0x48, 0xe1, 0x5a, 0x40,
    0x00, 0x00, 0xe8, 0x86, 0x45, 0x33, 0x33, 0xf3, 0x3f, 0xec, 0x51, 0xb8,
    0x40, 0x00, 0x00, 0x00, 0x28, 0x42, 0xcd, 0xcc, 0xcc, 0xbe, 0xc3, 0xf5,
    0x18, 0x40, 0x9a, 0x99, 0x59, 0xc0, 0x01, 0x00, 0x00, 0xd2, 0x42, 0xcd,
    0xcc, 0x8c, 0x40, 0x33, 0x33, 0x33, 0x3f, 0x00, 0x00, 0x00, 0x63, 0x45,
    0x9a, 0x99, 0x59, 0x40, 0x9a, 0x99, 0xf9, 0x3f, 0x00, 0x00, 0x00, 0x28,
    0x42, 0x00, 0x00, 0xe0, 0xc0, 0x14, 0xae, 0x07, 0x3f, 0x00, 0x00, 0x00,
    0x71, 0x44, 0x66, 0x66, 0xa6, 0x3f, 0x66, 0x66, 0x36, 0x40, 0x00, 0x00,
    0x20, 0xe6, 0x44, 0x66, 0x66, 0xa6, 0xbf, 0x5c, 0x8f, 0xe2, 0x3f, 0x02,
    0x00, 0x40, 0x1c, 0x46, 0x33, 0x33, 0xb3, 0xc0, 0x33, 0x33, 0x33, 0x3f,
    0x00, 0x00, 0x40, 0xd6, 0x45, 0x33, 0x33, 0x33, 0xc0, 0xae, 0x47, 0x81,
    0x40, 0x00, 0x00, 0x78, 0x98, 0x45, 0x66, 0x66, 0x26, 0x40, 0xd7, 0xa3,
    0x98, 0x40, 0x00, 0x00, 0x40, 0x95, 0x44, 0xcd, 0xcc, 0x4c, 0x3e, 0x85,
    0xeb, 0x41, 0x40, 0x00, 0x00, 0x40, 0x1c, 0x46, 0xcd, 0xcc, 0x4c, 0xbf,
    0x00, 0x00, 0x90, 0x40, 0x33, 0x33, 0xb3, 0xc0, 0x01, 0x00, 0x00, 0xd2,
    0x42, 0x66, 0x66, 0x4e, 0x41, 0x33, 0x33, 0x33, 0x3f, 0x00, 0x00, 0x00,
    0x40, 0x42, 0x00, 0x00, 0x50, 0xc1, 0xae, 0x47, 0xe1, 0x3e, 0x00, 0x00,
    0x90, 0x2c, 0x45, 0x33, 0x33, 0x73, 0x40, 0xec, 0x51, 0x18, 0x40, 0x00,
    0x00, 0xc0, 0x53, 0x44, 0xcd, 0xcc, 0x0c, 0xc0, 0x5c, 0x8f, 0xa2, 0x3f,
    0x00, 0x00, 0x00, 0xcd, 0x43, 0x33, 0x33, 0x13, 0x40, 0x5c, 0x8f, 0xc2,
    0x3f, 0x02, 0x00, 0x40, 0x1c, 0x46, 0x33, 0x33, 0x33, 0xc0, 0x33, 0x33,
    0x33, 0x3f, 0x00, 0x00, 0xac, 0x14, 0x46, 0x66, 0x66, 0x66, 0x40, 0x9a,
    0x99, 0xf9, 0x3f, 0x00, 0x00, 0x88, 0xac, 0x45, 0xcd, 0xcc, 0x9c, 0xc0,
    0x85, 0xeb, 0x71, 0x40, 0x00, 0x00, 0xf8, 0xe2, 0x45, 0x33, 0x33, 0xf3,
    0x3f, 0xe1, 0x7a, 0xbc, 0x40, 0x00, 0x00, 0xb0, 0x66, 0x45, 0xcd, 0xcc,
    0xcc, 0x3f, 0x00, 0x00, 0xc0, 0x40, 0x33, 0x33, 0x93, 0xc0, 0x01, 0x00,
    0x00, 0xd2, 0x42, 0xcd, 0xcc, 0xcc, 0xbe, 0x33, 0x33, 0x33, 0x3f, 0x00,
    0x00, 0x00, 0x5e, 0x43, 0x00, 0x00, 0xa0, 0xc0, 0x0a, 0xd7, 0x83, 0x3f,
    0x00, 0x00, 0x68, 0x02, 0x46, 0xcd, 0xcc, 0xbc, 0x40, 0x3d, 0x0a, 0x57,
    0x3f, 0x00, 0x00, 0x80, 0x9d, 0x44, 0x66, 0x66, 0x26, 0xc0, 0x52, 0xb8,
    0xfe, 0x3f, 0x00, 0x00, 0xb0, 0x0f, 0x45, 0x33, 0x33, 0x83, 0x40, 0xa4,
    0x70, 0x95, 0x40, 0x02, 0x00, 0x40, 0x1c, 0x46, 0xcd, 0xcc, 0xcc, 0xc0,
    0x33, 0x33, 0x33, 0x3f, 0x00, 0x00, 0xa8, 0x8b, 0x45, 0x9a, 0x99, 0x39,
    0x40, 0x1f, 0x85, 0x83, 0x40, 0x00, 0x00, 0x78, 0xa8, 0x45, 0x33, 0x33,
    0x13, 0xc0, 0x00, 0x00, 0xc0, 0x40, 0x00, 0x00, 0x80, 0x1e, 0x44, 0x33,
    0x33, 0x33, 0x3f, 0xf6, 0x28, 0x2c, 0x40, 0x00, 0x00, 0x30, 0x3d, 0x45,
    0x66, 0x66, 0xa6, 0xbf, 0xd7, 0xa3, 0xa8, 0x40, 0x00, 0x00, 0x90, 0xc0,
    0x01, 0x00, 0x00, 0xd2, 0x42, 0x33, 0x33, 0x33, 0x3f, 0x33, 0x33, 0x33,
    0x3f, 0x00, 0x00, 0x00, 0x6a, 0x43, 0x00, 0x00, 0x90, 0xc0, 0x7b, 0x14,
    0x6e, 0x3f, 0x00, 0x00, 0x2c, 0x05, 0x46, 0x00, 0x00, 0xc0, 0x40, 0x29,
    0x5c, 0x4f, 0x3f, 0x00, 0x00, 0x60, 0x9e, 0x44, 0x00, 0x00, 0x40, 0xc0,
    0x1f, 0x85, 0xeb, 0x3f, 0x00, 0x00, 0x10, 0x10, 0x45, 0x66, 0x66, 0x86,
    0x40, 0x1f, 0x85, 0x93, 0x40, 0x02, 0x00, 0x40, 0x1c, 0x46, 0x9a, 0x99,
    0xd9, 0xc0, 0x33, 0x33, 0x33, 0x3f, 0x00, 0x00, 0xb0, 0x87, 0x45, 0x00,
    0x00, 0x40, 0x40, 0xcd, 0xcc, 0x84, 0x40, 0x00, 0x00, 0xd0, 0xa5, 0x45,
    0x00, 0x00, 0x20, 0xc0, 0x00, 0x00, 0xc0, 0x40, 0x00, 0x00, 0x00, 0x22,
    0x44, 0x9a, 0x99, 0x19, 0x3f, 0x33, 0x33, 0x33, 0x40, 0x00, 0x00, 0x50,
    0x3c, 0x45, 0x9a, 0x99, 0x99, 0xbf, 0x8f, 0xc2, 0xb5, 0x40, 0x33, 0x33,
    0xc3, 0xc0, 0x01, 0x00, 0x00, 0xd2, 0x42, 0x33, 0x33, 0x33, 0x3f, 0x33,
    0x33, 0x33, 0x3f, 0x00, 0x00, 0x00, 0x64, 0x43, 0x33, 0x33, 0x93, 0xc0,
    0xae, 0x47, 0x61, 0x3f, 0x00, 0x00, 0x14, 0x06, 0x46, 0x33, 0x33, 0x93,
    0x40, 0x33, 0x33, 0xb3, 0x3e, 0x00, 0x00, 0x40, 0x9b, 0x44, 0x9a, 0x99,
    0x59, 0xc0, 0xcd, 0xcc, 0x0c, 0x40, 0x00, 0x00, 0x40, 0x1c, 0x46, 0x66,
    0x66, 0x26, 0x40, 0xa4, 0x70, 0x3d, 0x40, 0x02, 0x00, 0x40, 0x1c, 0x46,
    0x00, 0x00, 0x10, 0xc1, 0x33, 0x33, 0x33, 0x3f, 0x00, 0x00, 0xc4, 0x02,
    0x46, 0x33, 0x33, 0x53, 0x40, 0xec, 0x51, 0x38, 0x3f, 0x00, 0x00, 0xe0,
    0x12, 0x45, 0x9a, 0x99, 0x59, 0x40, 0x71, 0x3d, 0xb2, 0x40, 0x00, 0x00,
    0xc0, 0x3f, 0x45, 0x33, 0x33, 0x53, 0xc0, 0x29, 0x5c, 0x6f, 0x40, 0x00,
    0x00, 0x18, 0xae, 0x45, 0x00, 0x00, 0x80, 0xc0, 0x29, 0x5c, 0xbf, 0x40,
    0x9a, 0x99, 0xc9, 0xc0, 0x01, 0x00, 0x00, 0xd2, 0x42, 0x66, 0x66, 0x66,
    0x40, 0x33, 0x33, 0x33, 0x3f, 0x00, 0x00, 0x00, 0xc0, 0x42, 0x00, 0x00,
    0xe0, 0xc0, 0x0a, 0xd7, 0x23, 0x3f, 0x00, 0x00, 0x80, 0xc4, 0x43, 0x00,
    0x00, 0xc0, 0x40, 0xec, 0x51, 0xf8, 0x3f, 0x00, 0x00, 0x00, 0xae, 0x45,
    0x33, 0x33, 0xd3, 0x40, 0x7b, 0x14, 0x1e, 0x40, 0x00, 0x00, 0xf8, 0x0f,
    0x46, 0xcd, 0xcc, 0xfc, 0xc0, 0xc3, 0xf5, 0x48, 0x40, 0x02, 0x00, 0x40,
    0x1c, 0x46, 0x66, 0x66, 0x46, 0x40, 0x33, 0x33, 0x33, 0x3f, 0x00, 0x00,
    0xf0, 0x44, 0x45, 0x33, 0x33, 0x53, 0xc0, 0xb8, 0x1e, 0x05, 0x40, 0x00,
    0x00, 0x68, 0x8b, 0x45, 0x00, 0x00, 0x60, 0x40, 0x48, 0xe1, 0xa2, 0x40,
    0x00, 0x00, 0xa0, 0xe5, 0x44, 0x66, 0x66, 0x66, 0xbf, 0x85, 0xeb, 0xd1,
    0x3f, 0x00, 0x00, 0x80, 0x4e, 0x44, 0x33, 0x33, 0x33, 0xbf, 0xa4, 0x70,
    0x0d, 0x40, 0x66, 0x66, 0xd6, 0xc0, 0x01, 0x00, 0x00, 0xd2, 0x42, 0x00,
    0x00, 0xb0, 0x40, 0x33, 0x33, 0x33, 0x3f, 0x00, 0x00, 0x00, 0x01, 0x43,
    0xcd, 0xcc, 0x8c, 0xc0, 0x1f, 0x85, 0x6b, 0x3e, 0x00, 0x00, 0xe0, 0x46,
    0x45, 0x9a, 0x99, 0x89, 0x40, 0xc3, 0xf5, 0x48, 0x40, 0x00, 0x00, 0xa0,
    0xc7, 0x44, 0x9a, 0x99, 0x59, 0x40, 0x29, 0x5c, 0xaf, 0x3f, 0x00, 0x00,
    0xd0, 0xbd, 0x45, 0xcd, 0xcc, 0x9c, 0x40, 0xec, 0x51, 0x58, 0x40, 0x02,
    0x00, 0x40, 0x1c, 0x46, 0x33, 0x33, 0x13, 0xc0, 0x33, 0x33, 0x33, 0x3f,
    0x00, 0x00, 0x4c, 0x12, 0x46, 0x9a, 0x99, 0x39, 0x40, 0xae, 0x47, 0x31,
    0x40, 0x00, 0x00, 0x00, 0x58, 0x42, 0x00, 0x00, 0xc0, 0xbf, 0xd7, 0xa3,
    0xd0, 0x3f, 0x00, 0x00, 0x00, 0x11, 0x43, 0x66, 0x66, 0x66, 0x3f, 0x71,
    0x3d, 0xaa, 0x3f, 0x00, 0x00, 0x00, 0xb8, 0x41, 0x66, 0x66, 0x46, 0x40,
    0x33, 0x33, 0xb3, 0x40, 0x66, 0x66, 0xe6, 0xc0, 0x01, 0x00, 0x00, 0xd2,
    0x42, 0x33, 0x33, 0xf3, 0xc0, 0x33, 0x33, 0x33, 0x3f, 0x00, 0x00, 0x10,
    0x55, 0x45, 0x66, 0x66, 0xe6, 0x40, 0x66, 0x66, 0x26, 0x40, 0x00, 0x00,
    0x00, 0x70, 0x42, 0x33, 0x33, 0xe3, 0x40, 0x0a, 0xd7, 0x83, 0x3f, 0x00,
    0x00, 0xc0, 0x74, 0x44, 0x00, 0x00, 0x00, 0xc0, 0xcd, 0xcc, 0xac, 0x3f,
    0x00, 0x00, 0x00, 0x72, 0x43, 0x66, 0x66, 0xe6, 0xbf, 0xb8, 0x1e, 0x85,
    0x3f, 0x02, 0x00, 0x40, 0x1c, 0x46, 0x66, 0x66, 0x66, 0x3f, 0x33, 0x33,
    0x33, 0x3f, 0x00, 0x00, 0x68, 0xc8, 0x45, 0x66, 0x66, 0x86, 0xc0, 0x85,
    0xeb, 0xa1, 0x40, 0x00, 0x00, 0xa0, 0xfe, 0x44, 0x00, 0x00, 0x20, 0xc0,
    0x85, 0xeb, 0x99, 0x40, 0x00, 0x00, 0xc0, 0xc7, 0x44, 0x66, 0x66, 0xa6,
    0x3f, 0xec, 0x51, 0x88, 0x40, 0x00, 0x00, 0xd0, 0x2f, 0x45, 0xcd, 0xcc,
    0xcc, 0x3f, 0x8f, 0xc2, 0xb5, 0x40, 0x9a, 0x99, 0x89, 0xc0, 0x01, 0x00,
    0x00, 0xd2, 0x42, 0xcd, 0xcc, 0x2c, 0xc0, 0x33, 0x33, 0x33, 0x3f, 0x00,
    0x00, 0x00, 0x1b, 0x43, 0x9a, 0x99, 0x59, 0xc0, 0xf6, 0x28, 0xbc, 0x3f,
    0x00, 0x00, 0x50, 0xf6, 0x45, 0x00, 0x00, 0x90, 0x40, 0x52, 0xb8, 0xfe,
    0x3f, 0x00, 0x00, 0xb0, 0x6f, 0x45, 0x33, 0x33, 0x93, 0x40, 0x5c, 0x8f,
    0x62, 0x40, 0x00, 0x00, 0xb8, 0xa5, 0x45, 0x33, 0x33, 0xb3, 0xc0, 0x85,
    0xeb, 0x91, 0x40, 0x02, 0x00, 0x40, 0x1c, 0x46, 0x66, 0x66, 0x46, 0xc0,
    0x33, 0x33, 0x33, 0x3f, 0x00, 0x00, 0xe0, 0xd8, 0x44, 0x33, 0x33, 0xf3,
    0xbf, 0x29, 0x5c, 0x4f, 0x40, 0x00, 0x00, 0x00, 0x74, 0x42, 0x66, 0x66,
    0x66, 0x3f, 0x7b, 0x14, 0x0e, 0x40, 0x00, 0x00, 0xc0, 0x10, 0x44, 0xcd,
    0xcc, 0x4c, 0x3f, 0x0a, 0xd7, 0xe3, 0x3f, 0x00, 0x00, 0x00, 0x6f, 0x43,
    0x00, 0x00, 0x00, 0xbf, 0x8f, 0xc2, 0x25, 0x40, 0x33, 0x33, 0x83, 0xc0,
    0x01, 0x00, 0x00, 0xd2, 0x42, 0x66, 0x66, 0x86, 0x40, 0x33, 0x33, 0x33,
    0x3f, 0x00, 0x00, 0x00, 0x22, 0x43, 0x00, 0x00, 0xc0, 0xbf, 0xec, 0x51,
    0x38, 0x3e, 0x00, 0x00, 0x40, 0xe3, 0x44, 0x66, 0x66, 0x96, 0x40, 0x85,
    0xeb, 0x01, 0x40, 0x00, 0x00, 0xf0, 0x2f, 0x45, 0x9a, 0x99, 0x79, 0xc0,
    0xb8, 0x1e, 0x65, 0x40, 0x00, 0x00, 0x7c, 0x0f, 0x46, 0x9a, 0x99, 0xd9,
    0x3f, 0x14, 0xae, 0x27, 0x40, 0x02, 0x00, 0x40, 0x1c, 0x46, 0x33, 0x33,
    0xb3, 0xbf, 0x33, 0x33, 0x33, 0x3f, 0x00, 0x00, 0x18, 0xb3, 0x45, 0x00,
    0x00, 0x20, 0xc0, 0xa4, 0x70, 0xbd, 0x40, 0x00, 0x00, 0x00, 0x0c, 0x42,
    0x9a, 0x99, 0x19, 0xbf, 0x3d, 0x0a, 0x17, 0x40, 0x00, 0x00, 0x00, 0xc8,
    0x42, 0x9a, 0x99, 0x99, 0x3e, 0x0a, 0xd7, 0xc3, 0x3f, 0x00, 0x00, 0xf0,
    0x6f, 0x45, 0x9a, 0x99, 0xd9, 0x3f, 0x00, 0x00, 0xc0, 0x40, 0xcd, 0xcc,
    0x4c, 0xc0, 0x01, 0x00, 0x00, 0xd2, 0x42, 0x00, 0x00, 0x80, 0x40, 0x33,
    0x33, 0x33, 0x3f, 0x00, 0x00, 0x00, 0xdc, 0x42, 0x9a, 0x99, 0x39, 0xc0,
    0x52, 0xb8, 0x9e, 0x3e, 0x00, 0x00, 0xc0, 0x36, 0x44, 0x33, 0x33, 0xf3,
    0x3f, 0xec, 0x51, 0xb8, 0x3f, 0x00, 0x00, 0x30, 0x66, 0x45, 0x33, 0x33,
    0x13, 0x40, 0xa4, 0x70, 0x8d, 0x40, 0x00, 0x00, 0xa0, 0xc7, 0x45, 0x9a,
    0x99, 0x39, 0x40, 0x00, 0x00, 0xc0, 0x40, 0x02, 0x00, 0x40, 0x1c, 0x46,
    0x33, 0x33, 0xf3, 0xbf, 0x33, 0x33, 0x33, 0x3f, 0x00, 0x00, 0xc0, 0xf5,
    0x44, 0x00, 0x00, 0xc0, 0x3f, 0xae, 0x47, 0x61, 0x40, 0x00, 0x00, 0x20,
    0x9d, 0x45, 0x9a, 0x99, 0xd9, 0xbf, 0x00, 0x00, 0xc0, 0x40, 0x00, 0x00,
    0xc0, 0xa1, 0x44, 0x33, 0x33, 0x33, 0xbf, 0xa4, 0x70, 0x3d, 0x40, 0x00,
    0x00, 0x90, 0x05, 0x46, 0x66, 0x66, 0xa6, 0x3f, 0x66, 0x66, 0x8e, 0x40,
    0x66, 0x66, 0x26, 0xc0, 0x01, 0x00, 0x00, 0xd2, 0x42, 0x9a, 0x99, 0xd9,
    0x3f, 0x33, 0x33, 0x33, 0x3f, 0x00, 0x00, 0x00, 0x37, 0x43, 0x33, 0x33,
    0x83, 0xc0, 0x3d, 0x0a, 0xd7, 0x3e, 0x00, 0x00, 0x80, 0x0a, 0x44, 0x9a,
    0x99, 0x89, 0x40, 0x8f, 0xc2, 0x35, 0x3f, 0x00, 0x00, 0xa0, 0x9b, 0x44,
    0x33, 0x33, 0x13, 0xc0, 0x66, 0x66, 0x16, 0x40, 0x00, 0x00, 0xc0, 0xd4,
    0x45, 0x33, 0x33, 0x13, 0x40, 0xc3, 0xf5, 0x58, 0x40, 0x02, 0x00, 0x40,
    0x1c, 0x46, 0xcd, 0xcc, 0x8c, 0xbf, 0x33, 0x33, 0x33, 0x3f, 0x00, 0x00,
    0x00, 0x61, 0x45, 0xcd, 0xcc, 0x2c, 0x40, 0xa4, 0x70, 0x7d, 0x40, 0x00,
    0x00, 0x98, 0x9c, 0x45, 0x9a, 0x99, 0xd9, 0xbf, 0x52, 0xb8, 0x8e, 0x40,
    0x00, 0x00, 0x1c, 0x0c, 0x46, 0x00, 0x00, 0x80, 0x3f, 0xf6, 0x28, 0x3c,
    0x40, 0x00, 0x00, 0x60, 0x2a, 0x45, 0x00, 0x00, 0x00, 0xbf, 0xc3, 0xf5,
    0x38, 0x40, 0x33, 0x33, 0xa3, 0xc0, 0x01, 0x00, 0x00, 0xd2, 0x42, 0x66,
    0x66, 0xa6, 0x40, 0x33, 0x33, 0x33, 0x3f, 0x00, 0x00, 0x00, 0x87, 0x43,
    0x33, 0x33, 0x93, 0xc0, 0x71, 0x3d, 0x4a, 0x3f, 0x00, 0x00, 0x20, 0xa8,
    0x44, 0xcd, 0xcc, 0x6c, 0x40, 0xb8, 0x1e, 0x85, 0x3f, 0x00, 0x00, 0x60,
    0x86, 0x45, 0x33, 0x33, 0x93, 0x40, 0xd7, 0xa3, 0x50, 0x40, 0x00, 0x00,
    0x00, 0x90, 0x42, 0x66, 0x66, 0x26, 0xc0, 0x52, 0xb8, 0x5e, 0x3f, 0x02,
    0x00, 0x40, 0x1c, 0x46, 0x9a, 0x99, 0x59, 0xc0, 0x33, 0x33, 0x33, 0x3f,
    0x00, 0x00, 0x98, 0xbc, 0x45, 0xcd, 0xcc, 0x0c, 0xc0, 0x00, 0x00, 0xc0,
    0x40, 0x00, 0x00, 0xc0, 0xa6, 0x45, 0x33, 0x33, 0xf3, 0x3f, 0x00, 0x00,
    0xc0, 0x40, 0x00, 0x00, 0x70, 0x32, 0x45, 0x00, 0x00, 0x80, 0xbf, 0xc3,
    0xf5, 0x80, 0x40, 0x00, 0x00, 0x70, 0x5d, 0x45, 0x9a, 0x99, 0x19, 0x3f,
    0x9a, 0x99, 0x59, 0x40, 0xcd, 0xcc, 0xbc, 0xc0, 0x01, 0x00, 0x00, 0xd2,
    0x42, 0x9a, 0x99, 0x99, 0x40, 0x33, 0x33, 0x33, 0x3f, 0x00, 0x00, 0x00,
    0x87, 0x43, 0x9a, 0x99, 0x89, 0xc0, 0x66, 0x66, 0x26, 0x3f, 0x00, 0x00,
    0x60, 0xb7, 0x44, 0x66, 0x66, 0x96, 0x40, 0x0a, 0xd7, 0xa3, 0x3f, 0x00,
    0x00, 0x88, 0x88, 0x45, 0xcd, 0xcc, 0xac, 0x40, 0x52, 0xb8, 0x4e, 0x40,
    0x00, 0x00, 0x00, 0x92, 0x42, 0x00, 0x00, 0x00, 0xc0, 0x85, 0xeb, 0x91,
    0x3f, 0x02, 0x00, 0x40, 0x1c, 0x46, 0xcd, 0xcc, 0x2c, 0xc0, 0x33, 0x33,
    0x33, 0x3f, 0x00, 0x00, 0xa0, 0xbb, 0x45, 0x66, 0x66, 0x46, 0xc0, 0x00,
    0x00, 0xc0, 0x40, 0x00, 0x00, 0xb8, 0xa5, 0x45, 0x9a, 0x99, 0x39, 0x40,
    0x00, 0x00, 0xc0, 0x40, 0x00, 0x00, 0xd8, 0xff, 0x45, 0xcd, 0xcc, 0x4c,
    0xbf, 0x3d, 0x0a, 0x77, 0x40, 0x00, 0x00, 0x90, 0x2d, 0x45, 0x9a, 0x99,
    0x19, 0xbf, 0xf6, 0x28, 0x84, 0x40, 0xcd, 0xcc, 0xdc, 0xc0, 0x01, 0x00,
    0x00, 0xd2, 0x42, 0x9a, 0x99, 0xe9, 0x40, 0x33, 0x33, 0x33, 0x3f, 0x00,
    0x00, 0x70, 0x21, 0x45, 0x33, 0x33, 0xe3, 0x40, 0x0a, 0xd7, 0x13, 0x40,
    0x00, 0x00, 0x00, 0xa6, 0x42, 0x9a, 0x99, 0x59, 0xc0, 0xc3, 0xf5, 0xa8,
    0x3e, 0x00, 0x00, 0x00, 0x8f, 0x44, 0x33, 0x33, 0x33, 0xc0, 0x14, 0xae,
    0xc7, 0x3f, 0x00, 0x00, 0x00, 0xf9, 0x43, 0x66, 0x66, 0x06, 0x40, 0x29,
    0x5c, 0x0f, 0x40, 0x02, 0x00, 0x40, 0x1c, 0x46, 0x66, 0x66, 0xa6, 0xc0,
    0x33, 0x33, 0x33, 0x3f, 0x00, 0x00, 0x38, 0xad, 0x45, 0xcd, 0xcc, 0x2c,
    0xc0, 0x14, 0xae, 0xbf, 0x40, 0x00, 0x00, 0x00, 0x5c, 0x42, 0xcd, 0xcc,
    0xcc, 0xbe, 0xd7, 0xa3, 0xf0, 0x3f, 0x00, 0x00, 0x00, 0xee, 0x42, 0x9a,
    0x99, 0x99, 0x3e, 0xf6, 0x28, 0xdc, 0x3f, 0x00, 0x00, 0x40, 0xf5, 0x44,
    0xcd, 0xcc, 0x4c, 0x3f, 0x8f, 0xc2, 0xa5, 0x40, 0x33, 0x33, 0xb3, 0xc0,
    0x01, 0x00, 0x00, 0xd2, 0x42, 0xcd, 0xcc, 0x8c, 0x3f, 0x33, 0x33, 0x33,
    0x3f, 0x00, 0x00, 0xc0, 0x47, 0x45, 0x9a, 0x99, 0xf9, 0xc0, 0x3d, 0x0a,
    0x27, 0x40, 0x00, 0x00, 0xa0, 0xd5, 0x44, 0x9a, 0x99, 0xc9, 0x40, 0x3d,
    0x0a, 0x27, 0x40, 0x00, 0x00, 0x00, 0x9c, 0x42, 0x33, 0x33, 0xc3, 0xc0,
    0x85, 0xeb, 0xf1, 0x3f, 0x00, 0x00, 0x00, 0x44, 0x42, 0xcd, 0xcc, 0x2c,
    0x40, 0x3d, 0x0a, 0xd7, 0x3f, 0x02, 0x00, 0x40, 0x1c, 0x46, 0x33, 0x33,
    0x93, 0xc0, 0x33, 0x33, 0x33, 0x3f, 0x00, 0x00, 0xc0, 0x49, 0x44, 0x33,
    0x33, 0x83, 0xc0, 0x33, 0x33, 0x43, 0x40, 0x00, 0x00, 0x80, 0xff, 0x43,
    0x66, 0x66, 0x26, 0x40, 0xd7, 0xa3, 0xf0, 0x3f, 0x00, 0x00, 0x68, 0xe3,
    0x45, 0x66, 0x66, 0x46, 0x40, 0xc3, 0xf5, 0x98, 0x40, 0x00, 0x00, 0x00,
    0x30, 0x43, 0x9a, 0x99, 0x99, 0x3f, 0xd7, 0xa3, 0x30, 0x40, 0x00, 0x00,
    0xb0, 0xc0, 0x01, 0x00, 0x00, 0xd2, 0x42, 0x00, 0x00, 0x60, 0x40, 0x33,
    0x33, 0x33, 0x3f, 0x00, 0x00, 0x00, 0x94, 0x42, 0x9a, 0x99, 0xc9, 0xc0,
    0x5c, 0x8f, 0x02, 0x3f, 0x00, 0x00, 0x50, 0x7b, 0x45, 0x9a, 0x99, 0x19,
    0x40, 0x85, 0xeb, 0x31, 0x40, 0x00, 0x00, 0x50, 0x0c, 0x45, 0x33, 0x33,
    0x13, 0x40, 0x00, 0x00, 0x40, 0x40, 0x00, 0x00, 0x60, 0x86, 0x44, 0x66,
    0x66, 0xa6, 0xbf, 0xd7, 0xa3, 0xd0, 0x3f, 0x02, 0x00, 0x40, 0x1c, 0x46,
    0x00, 0x00, 0xb0, 0x40, 0x33, 0x33, 0x33, 0x3f, 0x00, 0x00, 0x60, 0xd9,
    0x45, 0x33, 0x33, 0x73, 0x40, 0x52, 0xb8, 0xde, 0x3f, 0x00, 0x00, 0xe8,
    0xac, 0x45, 0x66, 0x66, 0xa6, 0xc0, 0x0a, 0xd7, 0x93, 0x40, 0x00, 0x00,
    0x80, 0xc0, 0x43, 0x00, 0x00, 0x80, 0x3f, 0xb8, 0x1e, 0x05, 0x40, 0x00,
    0x00, 0x00, 0x5e, 0x43, 0x00, 0x00, 0x00, 0xbf, 0x14, 0xae, 0x27, 0x40,
    0x9a, 0x99, 0x79, 0xc0, 0x01, 0x00, 0x00, 0xd2, 0x42, 0x66, 0x66, 0x46,
    0xc0, 0x33, 0x33, 0x33, 0x3f, 0x00, 0x00, 0x00, 0x39, 0x43, 0x66, 0x66,
    0xa6, 0xbf, 0x14, 0xae, 0x47, 0x3f, 0x00, 0x00, 0x34, 0x11, 0x46, 0x00,
    0x00, 0x20, 0x40, 0xe1, 0x7a, 0xd4, 0x3f, 0x00, 0x00, 0x20, 0x97, 0x45,
    0x9a, 0x99, 0x79, 0x40, 0x29, 0x5c, 0x3f, 0x40, 0x00, 0x00, 0x40, 0x58,
    0x45, 0x33, 0x33, 0x33, 0xc0, 0x29, 0x5c, 0x7f, 0x40, 0x02, 0x00, 0x40,
    0x1c, 0x46, 0x33, 0x33, 0x33, 0xbf, 0x33, 0x33, 0x33, 0x3f, 0x00, 0x00,
    0x60, 0xa6, 0x44, 0x00, 0x00, 0xc0, 0x3f, 0x7b, 0x14, 0xce, 0x3f, 0x00,
    0x00, 0xc0, 0x01, 0x44, 0x9a, 0x99, 0x19, 0xbf, 0x00, 0x00, 0x00, 0x40,
    0x00, 0x00, 0x00, 0x94, 0x42, 0x33, 0x33, 0x33, 0x3f, 0x3d, 0x0a, 0x27,
    0x40, 0x00, 0x00, 0x00, 0x1c, 0x42, 0xcd, 0xcc, 0xcc, 0xbe, 0xb8, 0x1e,
    0xc5, 0x3f, 0x9a, 0x99, 0x79, 0xc0, 0x01, 0x00, 0x00, 0xd2, 0x42, 0x9a,
    0x99, 0x99, 0xbe, 0x33, 0x33, 0x33, 0x3f, 0x00, 0x00, 0x80, 0x20, 0x44,
    0x00, 0x00, 0x60, 0xc0, 0x8f, 0xc2, 0x75, 0x3e, 0x00, 0x00, 0xc0, 0x4f,
    0x44, 0x33, 0x33, 0xe3, 0x40, 0x52, 0xb8, 0xfe, 0x3f, 0x00, 0x00, 0xe8,
    0x81, 0x45, 0x66, 0x66, 0x66, 0x40, 0x8f, 0xc2, 0xd5, 0x3f, 0x00, 0x00,
    0x90, 0x08, 0x45, 0x9a, 0x99, 0x89, 0x40, 0x85, 0xeb, 0x41, 0x40, 0x02,
    0x00, 0x40, 0x1c, 0x46, 0x33, 0x33, 0x33, 0x3f, 0x33, 0x33, 0x33, 0x3f,
    0x00, 0x00, 0x00, 0xac, 0x42, 0x9a, 0x99, 0x99, 0xbe, 0x8f, 0xc2, 0x75,
    0x3f, 0x00, 0x00, 0x00, 0x47, 0x43, 0x00, 0x00, 0x00, 0x3f, 0x0a, 0xd7,
    0xe3, 0x3f, 0x00, 0x00, 0x30, 0x3b, 0x45, 0x9a, 0x99, 0x19, 0xbf, 0x48,
    0xe1, 0x82, 0x40, 0x00, 0x00, 0x80, 0xbe, 0x43, 0xcd, 0xcc, 0xcc, 0xbe,
    0x85, 0xeb, 0x21, 0x40, 0x33, 0x33, 0xb3, 0xc0, 0x01, 0x00, 0x00, 0xd2,
    0x42, 0x9a, 0x99, 0x99, 0xbe, 0x33, 0x33, 0x33, 0x3f, 0x00, 0x00, 0x00,
    0x96, 0x44, 0x00, 0x00, 0x20, 0xc0, 0xcd, 0xcc, 0x4c, 0x3f, 0x00, 0x00,
    0x00, 0x7e, 0x45, 0xcd, 0xcc, 0xac, 0x40, 0xe1, 0x7a, 0x64, 0x40, 0x00,
    0x00, 0xb0, 0x01, 0x46, 0x66, 0x66, 0x66, 0x40, 0xa4, 0x70, 0x9d, 0x3f,
    0x00, 0x00, 0x00, 0xd0, 0x42, 0xcd, 0xcc, 0x4c, 0xc0, 0x00, 0x00, 0x00,
    0x40, 0x02, 0x00, 0x40, 0x1c, 0x46, 0x66, 0x66, 0xa6, 0xbf, 0x33, 0x33,
    0x33, 0x3f, 0x00, 0x00, 0x00, 0x5f, 0x43, 0xcd, 0xcc, 0x4c, 0x3f, 0xec,
    0x51, 0xb8, 0x3f, 0x00, 0x00, 0x00, 0x38, 0x42, 0xcd, 0xcc, 0x4c, 0x3f,
    0x9a, 0x99, 0x39, 0x40, 0x00, 0x00, 0x00, 0x0e, 0x43, 0x00, 0x00, 0x80,
    0xbf, 0x9a, 0x99, 0x69, 0x40, 0x00, 0x00, 0x90, 0x0b, 0x45, 0x66, 0x66,
    0xa6, 0x3f, 0x00, 0x00, 0xc0, 0x40, 0x9a, 0x99, 0xb9, 0xc0, 0x01, 0x00,
    0x00, 0xd2, 0x42, 0x9a, 0x99, 0xe9, 0x40, 0x33, 0x33, 0x33, 0x3f, 0x00,
    0x00, 0x54, 0x09, 0x46, 0x00, 0x00, 0x90, 0x40, 0xa4, 0x70, 0xbd, 0x3f,
    0x00, 0x00, 0x80, 0x9a, 0x44, 0x33, 0x33, 0x73, 0xc0, 0xd7, 0xa3, 0x10,
    0x40, 0x00, 0x00, 0x00, 0x92, 0x42, 0x66, 0x66, 0x66, 0xc0, 0xec, 0x51,
    0xb8, 0x3e, 0x00, 0x00, 0x68, 0x8e, 0x45, 0x33, 0x33, 0x73, 0x40, 0xe1,
    0x7a, 0x84, 0x40, 0x02, 0x00, 0x40, 0x1c, 0x46, 0xcd, 0xcc, 0xcc, 0xbf,
    0x33, 0x33, 0x33, 0x3f, 0x00, 0x00, 0xb0, 0x0a, 0x45, 0x00, 0x00, 0x00,
    0x40, 0xb8, 0x1e, 0x55, 0x40, 0x00, 0x00, 0x00, 0x44, 0x45, 0xcd, 0xcc,
    0x8c, 0xbf, 0xb8, 0x1e, 0x55, 0x40, 0x00, 0x00, 0x60, 0xc3, 0x44, 0x66,
    0x66, 0x66, 0xbf, 0x52, 0xb8, 0x96, 0x40, 0x00, 0x00, 0x70, 0xb9, 0x45,
    0xcd, 0xcc, 0x4c, 0xbf, 0x00, 0x00, 0xc0, 0x40, 0x9a, 0x99, 0xd9, 0xc0,
    0x01, 0x00, 0x00, 0xd2, 0x42, 0xcd, 0xcc, 0xbc, 0x40, 0x33, 0x33, 0x33,
    0x3f, 0x00, 0x00, 0x04, 0x07, 0x46, 0x9a, 0x99, 0xc9, 0x40, 0x8f, 0xc2,
    0x95, 0x3f, 0x00, 0x00, 0xc0, 0x95, 0x44, 0x00, 0x00, 0x80, 0xc0, 0xa4,
    0x70, 0xdd, 0x3f, 0x00, 0x00, 0x00, 0xbc, 0x42, 0x66, 0x66, 0x86, 0xc0,
    0x9a, 0x99, 0x99, 0x3e, 0x00, 0x00, 0x90, 0x8d, 0x45, 0x00, 0x00, 0xb0,
    0x40, 0x9a, 0x99, 0x49, 0x40, 0x02, 0x00, 0x40, 0x1c, 0x46, 0x9a, 0x99,
    0x59, 0xc0, 0x33, 0x33, 0x33, 0x3f, 0x00, 0x00, 0xf0, 0x0a, 0x45, 0x9a,
    0x99, 0xd9, 0x3f, 0xae, 0x47, 0x89, 0x40, 0x00, 0x00, 0xc0, 0x47, 0x45,
    0x9a, 0x99, 0xd9, 0xbf, 0xae, 0x47, 0x41, 0x40, 0x00, 0x00, 0x78, 0xe5,
    0x45, 0x00, 0x00, 0xc0, 0x3f, 0x66, 0x66, 0xbe, 0x40, 0x00, 0x00, 0x20,
    0x79, 0x45, 0x33, 0x33, 0xb3, 0x3f, 0x00, 0x00, 0xc0, 0x40, 0x33, 0x33,
    0xd3, 0xc0, 0x01, 0x00, 0x00, 0xd2, 0x42, 0x66, 0x66, 0xd6, 0x40, 0x33,
    0x33, 0x33, 0x3f, 0x00, 0x00, 0x00, 0xb2, 0x42, 0x00, 0x00, 0x80, 0xc0,
    0x9a, 0x99, 0x99, 0x3e, 0x00, 0x00, 0xe8, 0x05, 0x46, 0x33, 0x33, 0x93,
    0x40, 0xd7, 0xa3, 0xd0, 0x3f, 0x00, 0x00, 0x68, 0x8b, 0x45, 0x66, 0x66,
    0xc6, 0x40, 0x33, 0x33, 0x43, 0x40, 0x00, 0x00, 0x80, 0x99, 0x44, 0x9a,
    0x99, 0x19, 0xc0, 0xb8, 0x1e, 0xe5, 0x3f, 0x02, 0x00, 0x40, 0x1c, 0x46,
    0xcd, 0xcc, 0x0c, 0xc0, 0x33, 0x33, 0x33, 0x3f, 0x00, 0x00, 0xc0, 0x06,
    0x45, 0x00, 0x00, 0xc0, 0x3f, 0x8f, 0xc2, 0x85, 0x40, 0x00, 0x00, 0xb0,
    0x32, 0x45, 0x00, 0x00, 0x80, 0xbf, 0x14, 0xae, 0x77, 0x40, 0x00, 0x00,
    0x40, 0xbf, 0x45, 0x66, 0x66, 0xe6, 0xbf, 0x00, 0x00, 0xc0, 0x40, 0x00,
    0x00, 0x50, 0xdf, 0x45, 0x66, 0x66, 0x06, 0x40, 0x8f, 0xc2, 0xbd, 0x40,
    0x66, 0x66, 0xc6, 0xc0, 0x01, 0x00, 0x00, 0xd2, 0x42, 0x66, 0x66, 0x26,
    0x40, 0x33, 0x33, 0x33, 0x3f, 0x00, 0x00, 0xe0, 0x90, 0x44, 0x66, 0x66,
    0x06, 0xc0, 0x00, 0x00, 0x80, 0x3f, 0x00, 0x00, 0x18, 0x0f, 0x46, 0x9a,
    0x99, 0x99, 0x40, 0xd7, 0xa3, 0x00, 0x40, 0x00, 0x00, 0x40, 0x6c, 0x45,
    0xcd, 0xcc, 0xcc, 0x40, 0xd7, 0xa3, 0x10, 0x40, 0x00, 0x00, 0x80, 0x85,
    0x43, 0x66, 0x66, 0xe6, 0xbf, 0x3d, 0x0a, 0x57, 0x3e, 0x02, 0x00, 0x40,
    0x1c, 0x46, 0x00, 0x00, 0x80, 0xbf, 0x33, 0x33, 0x33, 0x3f, 0x00, 0x00,
    0x00, 0x1c, 0x43, 0x00, 0x00, 0xc0, 0x3f, 0x52, 0xb8, 0x2e, 0x40, 0x00,
    0x00, 0x00, 0xb2, 0x42, 0xcd, 0xcc, 0x8c, 0xbf, 0x3d, 0x0a, 0x17, 0x40,
    0x00, 0x00, 0xa0, 0x0a, 0x45, 0x00, 0x00, 0x00, 0x40, 0x9a, 0x99, 0xb9,
    0x40, 0x00, 0x00, 0x58, 0xad, 0x45, 0x9a, 0x99, 0x19, 0xc0, 0x00, 0x00,
    0xc0, 0x40, 0xcd, 0xcc, 0xcc, 0xc0, 0x01, 0x00, 0x00, 0xd2, 0x42, 0xcd,
    0xcc, 0xfc, 0x40, 0x33, 0x33, 0x33, 0x3f, 0x00, 0x00, 0x00, 0x8a, 0x42,
    0x66, 0x66, 0x86, 0xc0, 0x3d, 0x0a, 0xd7, 0x3e, 0x00, 0x00, 0xc0, 0xa7,
    0x44, 0x00, 0x00, 0x60, 0xc0, 0xf6, 0x28, 0xdc, 0x3f, 0x00, 0x00, 0x10,
    0x0b, 0x45, 0x33, 0x33, 0x13, 0x40, 0x1f, 0x85, 0x0b, 0x40, 0x00, 0x00,
    0x48, 0x19, 0x46, 0x00, 0x00, 0xb0, 0x40, 0xec, 0x51, 0xb8, 0x3f, 0x02,
    0x00, 0x40, 0x1c, 0x46, 0x00, 0x00, 0xc0, 0xbf, 0x33, 0x33, 0x33, 0x3f,
    0x00, 0x00, 0xc8, 0x86, 0x45, 0x9a, 0x99, 0x39, 0x40, 0xd7, 0xa3, 0xb0,
    0x40, 0x00, 0x00, 0xf8, 0xb7, 0x45, 0x00, 0x00, 0x80, 0xc0, 0x00, 0x00,
    0xc0, 0x40, 0x00, 0x00, 0x00, 0xff, 0x43, 0xcd, 0xcc, 0xcc, 0x3e, 0x29,
    0x5c, 0xef, 0x3f, 0x00, 0x00, 0xf0, 0xd2, 0x45, 0x9a, 0x99, 0x19, 0x40,
    0xec, 0x51, 0xb8, 0x40, 0x9a, 0x99, 0x59, 0xc0, 0x01, 0x00, 0x00, 0xd2,
    0x42, 0x9a, 0x99, 0xc9, 0x40, 0x33, 0x33, 0x33, 0x3f, 0x00, 0x00, 0x00,
    0x54, 0x42, 0xcd, 0xcc, 0xcc, 0xc0, 0x00, 0x00, 0x00, 0x3f, 0x00, 0x00,
    0x00, 0xd8, 0x43, 0x00, 0x00, 0xc0, 0x3f, 0xcd, 0xcc, 0x1c, 0x40, 0x00,
    0x00, 0x80, 0x14, 0x45, 0x66, 0x66, 0x46, 0x40, 0x5c, 0x8f, 0x42, 0x40,
    0x00, 0x00, 0x50, 0x5e, 0x45, 0x00, 0x00, 0x60, 0xc0, 0x0a, 0xd7, 0x8b,
    0x40, 0x02, 0x00, 0x40, 0x1c, 0x46, 0xcd, 0xcc, 0xcc, 0x3e, 0x33, 0x33,
    0x33, 0x3f, 0x00, 0x00, 0xe0, 0x88, 0x44, 0x66, 0x66, 0x66, 0xbf, 0xa4,
    0x70, 0x0d, 0x40, 0x00, 0x00, 0x30, 0x9c, 0x45, 0x00, 0x00, 0x00, 0x40,
    0x71, 0x3d, 0xa2, 0x40, 0x00, 0x00, 0x68, 0xbf, 0x45, 0xcd, 0xcc, 0x0c,
    0xc0, 0x00, 0x00, 0xc0, 0x40, 0x00, 0x00, 0x80, 0x23, 0x44, 0x00, 0x00,
    0x00, 0x3f, 0x0a, 0xd7, 0x23, 0x40, 0x00, 0x00, 0xa0, 0xc0, 0x01, 0x00,
    0x00, 0xd2, 0x42, 0x9a, 0x99, 0x19, 0x3f, 0x33, 0x33, 0x33, 0x3f, 0x00,
    0x00, 0x00, 0xec, 0x42, 0x00, 0x00, 0x80, 0xc0, 0x1f, 0x85, 0xab, 0x3f,
    0x00, 0x00, 0xa8, 0x83, 0x45, 0xcd, 0xcc, 0x8c, 0x40, 0xb8, 0x1e, 0x8d,
    0x40, 0x00, 0x00, 0xa0, 0x0a, 0x46, 0x00, 0x00, 0x40, 0x40, 0xb8, 0x1e,
    0x45, 0x3f, 0x00, 0x00, 0xc0, 0x96, 0x44, 0x00, 0x00, 0x80, 0xbf, 0x48,
    0xe1, 0x3a, 0x3f, 0x02, 0x00, 0x40, 0x1c, 0x46, 0xcd, 0xcc, 0x4c, 0xc0,
    0x33, 0x33, 0x33, 0x3f, 0x00, 0x00, 0x00, 0x68, 0x42, 0xcd, 0xcc, 0x8c,
    0x3f, 0x8f, 0xc2, 0x85, 0x40, 0x00, 0x00, 0x80, 0x33, 0x45, 0x33, 0x33,
    0xb3, 0xbf, 0x14, 0xae, 0xbf, 0x40, 0x00, 0x00, 0x00, 0xa2, 0x42, 0x33,
    0x33, 0x33, 0xbf, 0xa4, 0x70, 0x5d, 0x40, 0x00, 0x00, 0x60, 0x0e, 0x45,
    0x00, 0x00, 0x80, 0x3f, 0x00, 0x00, 0xc0, 0x40, 0xcd, 0xcc, 0x4c, 0xc0,
    0x01, 0x00, 0x00, 0xd2, 0x42, 0x66, 0x66, 0x26, 0x40, 0x33, 0x33, 0x33,
    0x3f, 0x00, 0x00, 0x00, 0x08, 0x44, 0x9a, 0x99, 0x59, 0xc0, 0x85, 0xeb,
    0xd1, 0x3e, 0x00, 0x00, 0xd0, 0x08, 0x45, 0x33, 0x33, 0x83, 0x40, 0xd7,
    0xa3, 0x30, 0x3f, 0x00, 0x00, 0x98, 0xe8, 0x45, 0x66, 0x66, 0x26, 0x40,
    0x1f, 0x85, 0x93, 0x40, 0x00, 0x00, 0x00, 0xce, 0x42, 0x9a, 0x99, 0x99,
    0xbf, 0x5c, 0x8f, 0xc2, 0x3f, 0x02, 0x00, 0x40, 0x1c, 0x46, 0xcd, 0xcc,
    0x4c, 0xbf, 0x33, 0x33, 0x33, 0x3f, 0x00, 0x00, 0x50, 0x8c, 0x45, 0xcd,
    0xcc, 0xcc, 0x3f, 0x9a, 0x99, 0xa1, 0x40, 0x00, 0x00, 0xd0, 0x72, 0x45,
    0x33, 0x33, 0xb3, 0xbf, 0x33, 0x33, 0x83, 0x40, 0x00, 0x00, 0x18, 0x9e,
    0x45, 0x00, 0x00, 0x80, 0x3f, 0x85, 0xeb, 0x91, 0x40, 0x00, 0x00, 0x38,
    0xbf, 0x45, 0xcd, 0xcc, 0x8c, 0xbf, 0x00, 0x00, 0xc0, 0x40, 0x00, 0x00,
    0xb0, 0xc0, 0x01, 0x00, 0x00, 0xd2, 0x42, 0x9a, 0x99, 0x19, 0xbf, 0x33,
    0x33, 0x33, 0x3f, 0x00, 0x00, 0x24, 0x1b, 0x46, 0x33, 0x33, 0x73, 0x40,
    0xec, 0x51, 0x38, 0x3e, 0x00, 0x00, 0x00, 0xd4, 0x42, 0xcd, 0xcc, 0xbc,
    0xc0, 0xf6, 0x28, 0x9c, 0x3f, 0x00, 0x00, 0x40, 0xd5, 0x44, 0x9a, 0x99,
    0x59, 0xc0, 0x0a, 0xd7, 0x83, 0x3f, 0x00, 0x00, 0x00, 0x44, 0x42, 0xcd,
    0xcc, 0x2c, 0x40, 0x5c, 0x8f, 0x82, 0x3f, 0x02, 0x00, 0x40, 0x1c, 0x46,
    0x9a, 0x99, 0x99, 0xbe, 0x33, 0x33, 0x33, 0x3f, 0x00, 0x00, 0x80, 0x94,
    0x43, 0x66, 0x66, 0xa6, 0x3f, 0x29, 0x5c, 0xcf, 0x3f, 0x00, 0x00, 0x38,
    0xbc, 0x45, 0x33, 0x33, 0x53, 0xc0, 0xc3, 0xf5, 0xb0, 0x40, 0x00, 0x00,
    0x60, 0x85, 0x45, 0x66, 0x66, 0x46, 0x40, 0x00, 0x00, 0xc0, 0x40, 0x00,
    0x00, 0x00, 0x24, 0x43, 0x66, 0x66, 0x66, 0xbf, 0xb8, 0x1e, 0x25, 0x40,
    0xcd, 0xcc, 0xcc, 0xc0, 0x01, 0x00, 0x00, 0xd2, 0x42, 0x00, 0x00, 0x08,
    0x41, 0x33, 0x33, 0x33, 0x3f, 0x00, 0x00, 0x30, 0x0c, 0x46, 0xcd, 0xcc,
    0xac, 0x40, 0x7b, 0x14, 0xce, 0x3f, 0x00, 0x00, 0x00, 0x88, 0x42, 0x00,
    0x00, 0xa0, 0xc0, 0xa4, 0x70, 0xbd, 0x3e, 0x00, 0x00, 0xa0, 0x9b, 0x44,
    0x9a, 0x99, 0x39, 0xc0, 0x8f, 0xc2, 0x05, 0x40, 0x00, 0x00, 0x40, 0xf3,
    0x44, 0x9a, 0x99, 0x59, 0x40, 0x1f, 0x85, 0x6b, 0x40, 0x02, 0x00, 0x40,
    0x1c, 0x46, 0x00, 0x00, 0x00, 0xc0, 0x33, 0x33, 0x33, 0x3f, 0x00, 0x00,
    0x78, 0xb8, 0x45, 0x66, 0x66, 0x46, 0xc0, 0x00, 0x00, 0xc0, 0x40, 0x00,
    0x00, 0x68, 0xd3, 0x45, 0x66, 0x66, 0x26, 0x40, 0xe1, 0x7a, 0xbc, 0x40,
    0x00, 0x00, 0xa0, 0x29, 0x45, 0x9a, 0x99, 0xd9, 0xbf, 0xcd, 0xcc, 0xbc,
    0x40, 0x00, 0x00, 0x50, 0x5e, 0x45, 0x33, 0x33, 0xf3, 0x3f, 0x14, 0xae,
    0xbf, 0x40, 0x00, 0x00, 0xd0, 0xc0, 0x01, 0x00, 0x00, 0xd2, 0x42, 0x00,
    0x00, 0xb0, 0x40, 0x33, 0x33, 0x33, 0x3f, 0x00, 0x00, 0x00, 0xb4, 0x42,
    0x33, 0x33, 0xa3, 0xc0, 0x29, 0x5c, 0x8f, 0x3e, 0x00, 0x00, 0x98, 0x09,
    0x46, 0xcd, 0xcc, 0xcc, 0x40, 0x0a, 0xd7, 0x63, 0x3f, 0x00, 0x00, 0x00,
    0x80, 0x44, 0x00, 0x00, 0x20, 0xc0, 0x3d, 0x0a, 0xd7, 0x3f, 0x00, 0x00,
    0x00, 0xee, 0x44, 0x9a, 0x99, 0x99, 0x40, 0x00, 0x00, 0x70, 0x40, 0x02,
    0x00, 0x40, 0x1c, 0x46, 0x9a, 0x99, 0x39, 0xc0, 0x33, 0x33, 0x33, 0x3f,
    0x00, 0x00, 0x60, 0x61, 0x45, 0x00, 0x00, 0x80, 0x40, 0xec, 0x51, 0x98,
    0x40, 0x00, 0x00, 0x80, 0x2a, 0x45, 0x00, 0x00, 0x20, 0xc0, 0x3d, 0x0a,
    0xa7, 0x40, 0x00, 0x00, 0x00, 0xb0, 0x45, 0xcd, 0xcc, 0x6c, 0xc0, 0x3d,
    0x0a, 0xbf, 0x40, 0x00, 0x00, 0xe8, 0xd0, 0x45, 0x66, 0x66, 0x26, 0x40,
    0x1f, 0x85, 0xb3, 0x40, 0xcd, 0xcc, 0xcc, 0xc0, 0x01, 0x00, 0x00, 0xd2,
    0x42, 0x33, 0x33, 0xa3, 0x40, 0x33, 0x33, 0x33, 0x3f, 0x00, 0x00, 0x00,
    0xc0, 0x42, 0x66, 0x66, 0xa6, 0xc0, 0xb8, 0x1e, 0x85, 0x3e, 0x00, 0x00,
    0x78, 0x05, 0x46, 0x66, 0x66, 0xd6, 0x40, 0xcd, 0xcc, 0xcc, 0x3f, 0x00,
    0x00, 0xa0, 0x6f, 0x45, 0x9a, 0x99, 0x99, 0x40, 0x33, 0x33, 0x53, 0x40,
    0x00, 0x00, 0x60, 0x8c, 0x44, 0x9a, 0x99, 0x39, 0xc0, 0x52, 0xb8, 0x5e,
    0x40, 0x02, 0x00, 0x40, 0x1c, 0x46, 0x9a, 0x99, 0x99, 0xbf, 0x33, 0x33,
    0x33, 0x3f, 0x00, 0x00, 0x00, 0xf5, 0x44, 0xcd, 0xcc, 0x8c, 0x40, 0x8f,
    0xc2, 0x65, 0x40, 0x00, 0x00, 0x10, 0x26, 0x45, 0x66, 0x66, 0x26, 0xc0,
    0xb8, 0x1e, 0x85, 0x40, 0x00, 0x00, 0x80, 0xac, 0x44, 0x66, 0x66, 0x06,
    0xc0, 0x3d, 0x0a, 0x8f, 0x40, 0x00, 0x00, 0x20, 0xe5, 0x44, 0x66, 0x66,
    0x66, 0x3f, 0xb8, 0x1e, 0x35, 0x40, 0x9a, 0x99, 0xc9, 0xc0, 0x01, 0x00,
    0x00, 0xd2, 0x42, 0x9a, 0x99, 0x11, 0x41, 0x33, 0x33, 0x33, 0x3f, 0x00,
    0x00, 0x00, 0x82, 0x42, 0xcd, 0xcc, 0xac, 0xc0, 0xc3, 0xf5, 0xa8, 0x3e,
    0x00, 0x00, 0x60, 0x99, 0x44, 0x66, 0x66, 0x46, 0xc0, 0x8f, 0xc2, 0xf5,
    0x3f, 0x00, 0x00, 0x40, 0x1c, 0x46, 0x9a, 0x99, 0xc9, 0x40, 0x52, 0xb8,
    0x5e, 0x3f, 0x00, 0x00, 0x80, 0xf7, 0x44, 0x9a, 0x99, 0x39, 0x40, 0x33,
    0x33, 0x53, 0x40, 0x02, 0x00, 0x40, 0x1c, 0x46, 0x66, 0x66, 0x46, 0xc0,
    0x33, 0x33, 0x33, 0x3f, 0x00, 0x00, 0xd0, 0x9c, 0x45, 0x9a, 0x99, 0x39,
    0x40, 0xa4, 0x70, 0x8d, 0x40, 0x00, 0x00, 0xa0, 0xba, 0x45, 0xcd, 0xcc,
    0x4c, 0xc0, 0x00, 0x00, 0xc0, 0x40, 0x00, 0x00, 0x80, 0x3b, 0x45, 0x9a,
    0x99, 0xd9, 0xbf, 0xb8, 0x1e, 0x8d, 0x40, 0x00, 0x00, 0xa0, 0x5f, 0x45,
    0x00, 0x00, 0xc0, 0x3f, 0x00, 0x00, 0xc0, 0x40, 0x33, 0x33, 0xd3, 0xc0,
    0x01, 0x00, 0x00, 0xd2, 0x42, 0x9a, 0x99, 0xe9, 0x40, 0x33, 0x33, 0x33,
    0x3f, 0x00, 0x00, 0xd8, 0xa9, 0x45, 0x33, 0x33, 0x1b, 0xc1, 0xcd, 0xcc,
    0x6c, 0x40, 0x00, 0x00, 0x20, 0x68, 0x45, 0x9a, 0x99, 0xa9, 0x40, 0xec,
    0x51, 0xf8, 0x3f, 0x00, 0x00, 0x00, 0xb4, 0x42, 0x66, 0x66, 0x06, 0xc0,
    0xa4, 0x70, 0xbd, 0x3e, 0x00, 0x00, 0x00, 0x88, 0x42, 0x33, 0x33, 0x33,
    0xc0, 0xe1, 0x7a, 0x24, 0x40, 0x02, 0x00, 0x40, 0x1c, 0x46, 0xcd, 0xcc,
    0x0c, 0xc0, 0x33, 0x33, 0x33, 0x3f, 0x00, 0x00, 0x40, 0x91, 0x44, 0x9a,
    0x99, 0xd9, 0xbf, 0x3d, 0x0a, 0xd7, 0x3f, 0x00, 0x00, 0xa0, 0xe5, 0x44,
    0x00, 0x00, 0xc0, 0x3f, 0x66, 0x66, 0x26, 0x40, 0x00, 0x00, 0x80, 0xad,
    0x43, 0x66, 0x66, 0x06, 0x40, 0xcd, 0xcc, 0x3c, 0x40, 0x00, 0x00, 0x80,
    0xfe, 0x43, 0x33, 0x33, 0xf3, 0xbf, 0x5c, 0x8f, 0x42, 0x40, 0x66, 0x66,
    0xc6, 0xc0, 0x01, 0x00, 0x00, 0xd2, 0x42, 0x66, 0x66, 0xd6, 0x40, 0x33,
    0x33, 0x33, 0x3f, 0x00, 0x00, 0x00, 0xc5, 0x43, 0xcd, 0xcc, 0xec, 0xc0,
    0x3d, 0x0a, 0x57, 0x3e, 0x00, 0x00, 0x90, 0x00, 0x45, 0x9a, 0x99, 0xd9,
    0x40, 0xec, 0x51, 0x78, 0x3f, 0x00, 0x00, 0xbc, 0x14, 0x46, 0x33, 0x33,
    0x93, 0x40, 0xc3, 0xf5, 0x08, 0x40, 0x00, 0x00, 0x40, 0x12, 0x44, 0x00,
    0x00, 0x20, 0x41, 0x48, 0xe1, 0x9a, 0x3f, 0x02, 0x00, 0x40, 0x1c, 0x46,
    0x9a, 0x99, 0x19, 0xc0, 0x33, 0x33, 0x33, 0x3f, 0x00, 0x00, 0x00, 0x84,
    0x44, 0x66, 0x66, 0xa6, 0xbf, 0x9a, 0x99, 0x29, 0x40, 0x00, 0x00, 0xc0,
    0xa8, 0x44, 0x66, 0x66, 0x66, 0x3f, 0xe1, 0x7a, 0x24, 0x40, 0x00, 0x00,
    0x80, 0xb2, 0x43, 0x9a, 0x99, 0x99, 0x3f, 0xcd, 0xcc, 0x8c, 0x40, 0x00,
    0x00, 0x78, 0x84, 0x45, 0xcd, 0xcc, 0xcc, 0x3f, 0x00, 0x00, 0xc0, 0x40,
    0x66, 0x66, 0x96, 0xc0, 0x01, 0x00, 0x00, 0xd2, 0x42, 0x33, 0x33, 0xf3,
    0x40, 0x33, 0x33, 0x33, 0x3f, 0x00, 0x00, 0x00, 0x68, 0x42, 0xcd, 0xcc,
    0x04, 0xc1, 0x33, 0x33, 0xb3, 0x3e, 0x00, 0x00, 0xe0, 0xf3, 0x44, 0x66,
    0x66, 0x96, 0x40, 0x0a, 0xd7, 0xa3, 0x3f, 0x00, 0x00, 0x00, 0x57, 0x44,
    0x9a, 0x99, 0x19, 0xc0, 0x00, 0x00, 0xc0, 0x3f, 0x00, 0x00, 0xa0, 0x98,
    0x45, 0xcd, 0xcc, 0x2c, 0x40, 0x29, 0x5c, 0xaf, 0x3f, 0x02, 0x00, 0x40,
    0x1c, 0x46, 0xcd, 0xcc, 0x4c, 0x3e, 0x33, 0x33, 0x33, 0x3f, 0x00, 0x00,
    0x00, 0xe7, 0x43, 0x33, 0x33, 0xb3, 0x3f, 0x29, 0x5c, 0x4f, 0x40, 0x00,
    0x00, 0x40, 0x11, 0x44, 0x9a, 0x99, 0x99, 0xbf, 0x66, 0x66, 0x96, 0x40,
    0x00, 0x00, 0x00, 0x49, 0x43, 0x00, 0x00, 0x00, 0xbf, 0x71, 0x3d, 0x5a,
    0x40, 0x00, 0x00, 0x00, 0xe4, 0x42, 0x9a, 0x99, 0x99, 0x3e, 0xec, 0x51,
    0x48, 0x40, 0x66, 0x66, 0x96, 0xc0, 0x01, 0x00, 0x00, 0xd2, 0x42, 0x00,
    0x00, 0x60, 0x40, 0x33, 0x33, 0x33, 0x3f, 0x00, 0x00, 0x60, 0x7b, 0x45,
    0x66, 0x66, 0xa6, 0x40, 0xb8, 0x1e, 0x25, 0x40, 0x00, 0x00, 0x00, 0x70,
    0x44, 0x33, 0x33, 0xf3, 0xbf, 0xc3, 0xf5, 0xa8, 0x3f, 0x00, 0x00, 0x30,
    0xb5, 0x45, 0xcd, 0xcc, 0x9c, 0xc0, 0xf6, 0x28, 0xa4, 0x40, 0x00, 0x00,
    0xf0, 0x12, 0x45, 0x00, 0x00, 0x00, 0xc0, 0x85, 0xeb, 0x31, 0x40, 0x02,
    0x00, 0x40, 0x1c, 0x46, 0x9a, 0x99, 0x99, 0xbf, 0x33, 0x33, 0x33, 0x3f,
    0x00, 0x00, 0x00, 0x4a, 0x43, 0x66, 0x66, 0x66, 0xbf, 0x1f, 0x85, 0xeb,
    0x3f, 0x00, 0x00, 0x00, 0xdc, 0x43, 0xcd, 0xcc, 0x4c, 0x3f, 0x33, 0x33,
    0xd3, 0x3f, 0x00, 0x00, 0x00, 0x5c, 0x42, 0x9a, 0x99, 0x99, 0xbe, 0xe1,
    0x7a, 0xb4, 0x3f, 0x00, 0x00, 0xc0, 0x28, 0x44, 0x00, 0x00, 0x80, 0xbf,
    0x00, 0x00, 0xc0, 0x40, 0xcd, 0xcc, 0xdc, 0xc0, 0x01, 0x00, 0x00, 0xd2,
    0x42, 0x00, 0x00, 0x20, 0x40, 0x33, 0x33, 0x33, 0x3f, 0x00, 0x00, 0x20,
    0xbb, 0x44, 0x00, 0x00, 0x90, 0xc0, 0xec, 0x51, 0x38, 0x3e, 0x00, 0x00,
    0xa0, 0x6b, 0x45, 0x00, 0x00, 0x28, 0x41, 0x14, 0xae, 0xe7, 0x3f, 0x00,
    0x00, 0x00, 0xd2, 0x43, 0x33, 0x33, 0xa3, 0x40, 0xb8, 0x1e, 0xa5, 0x3f,
    0x00, 0x00, 0xe0, 0x22, 0x45, 0x00, 0x00, 0x00, 0x00, 0x48, 0xe1, 0x1a,
    0x40, 0x02, 0x00, 0x40, 0x1c, 0x46, 0x9a, 0x99, 0x99, 0xbe, 0x33, 0x33,
    0x33, 0x3f, 0x00, 0x00, 0x00, 0x68, 0x42, 0xcd, 0xcc, 0x8c, 0xbf, 0x71,
    0x3d, 0xea, 0x3f, 0x00, 0x00, 0x00, 0xbd, 0x45, 0x9a, 0x99, 0x19, 0xc0,
    0x14, 0xae, 0xbf, 0x40, 0x00, 0x00, 0xb0, 0x8f, 0x45, 0x33, 0x33, 0xb3,
    0x3f, 0xe1, 0x7a, 0xa4, 0x40, 0x00, 0x00, 0x00, 0x43, 0x44, 0xcd, 0xcc,
    0x8c, 0xbf, 0xf6, 0x28, 0xac, 0x40, 0x9a, 0x99, 0xc9, 0xc0, 0x01, 0x00,
    0x00, 0xd2, 0x42, 0x66, 0x66, 0x26, 0x41, 0x33, 0x33, 0x33, 0x3f, 0x00,
    0x00, 0x00, 0x3c, 0x42, 0x9a, 0x99, 0x21, 0xc1, 0xf6, 0x28, 0xdc, 0x3e,
    0x00, 0x00, 0xa0, 0x5f, 0x45, 0x66, 0x66, 0x06, 0x41, 0x0a, 0xd7, 0x13,
    0x40, 0x00, 0x00, 0xe0, 0xa6, 0x44, 0x66, 0x66, 0x46, 0xc0, 0xec, 0x51,
    0x38, 0x3e, 0x00, 0x00, 0x40, 0x20, 0x44, 0x66, 0x66, 0xa6, 0x40, 0x71,
    0x3d, 0x8a, 0x3f, 0x02, 0x00, 0x40, 0x1c, 0x46, 0x33, 0x33, 0x73, 0xc0,
    0x33, 0x33, 0x33, 0x3f, 0x00, 0x00, 0xc0, 0xb1, 0x45, 0xcd, 0xcc, 0x0c,
    0xc0, 0x29, 0x5c, 0xa7, 0x40, 0x00, 0x00, 0x20, 0xee, 0x45, 0x33, 0x33,
    0xf3, 0x3f, 0xf6, 0x28, 0x5c, 0x3f, 0x00, 0x00, 0xe8, 0xa6, 0x45, 0xcd,
    0xcc, 0xcc, 0xbf, 0xf6, 0x28, 0x6c, 0x40, 0x00, 0x00, 0x00, 0xcc, 0x44,
    0x9a, 0x99, 0x99, 0x3e, 0xae, 0x47, 0x11, 0x40, 0x00, 0x00, 0xd0, 0xc0,
    0x01, 0x00, 0x00, 0xd2, 0x42, 0x33, 0x33, 0xe3, 0x40, 0x33, 0x33, 0x33,
    0x3f, 0x00, 0x00, 0x00, 0x20, 0x43, 0x66, 0x66, 0xc6, 0xc0, 0x33, 0x33,
    0xb3, 0x3e, 0x00, 0x00, 0x80, 0x48, 0x45, 0x33, 0x33, 0xb3, 0x40, 0x8f,
    0xc2, 0x95, 0x3f, 0x00, 0x00, 0x38, 0xe7, 0x45, 0xcd, 0xcc, 0x8c, 0x40,
    0x33, 0x33, 0xd3, 0x3f, 0x00, 0x00, 0x00, 0x8a, 0x42, 0x9a, 0x99, 0x89,
    0x40, 0x5c, 0x8f, 0xc2, 0x3f, 0x02, 0x00, 0x40, 0x1c, 0x46, 0x9a, 0x99,
    0x99, 0x3f, 0x33, 0x33, 0x33, 0x3f, 0x00, 0x00, 0x60, 0x86, 0x44, 0x33,
    0x33, 0x33, 0xc0, 0x52, 0xb8, 0x0e, 0x40, 0x00, 0x00, 0x00, 0xc6, 0x44,
    0x66, 0x66, 0x26, 0x40, 0x0a, 0xd7, 0x73, 0x40, 0x00, 0x00, 0x00, 0xbd,
    0x43, 0x66, 0x66, 0xa6, 0x3f, 0xa4, 0x70, 0x0d, 0x40, 0x00, 0x00, 0x00,
    0x1a, 0x43, 0x00, 0x00, 0x00, 0xbf, 0xf6, 0x28, 0xfc, 0x3f, 0x9a, 0x99,
    0xa9, 0xc0, 0x01, 0x00, 0x00, 0xd2, 0x42, 0xcd, 0xcc, 0xbc, 0x40, 0x33,
    0x33, 0x33, 0x3f, 0x00, 0x00, 0xd8, 0x9d, 0x45, 0x00, 0x00, 0x20, 0xc1,
    0xb8, 0x1e, 0xe5, 0x3f, 0x00, 0x00, 0x18, 0xeb, 0x45, 0x66, 0x66, 0x96,
    0x40, 0x14, 0xae, 0xa7, 0x3f, 0x00, 0x00, 0x00, 0x80, 0x42, 0x9a, 0x99,
    0x19, 0xc0, 0x3d, 0x0a, 0x17, 0x3f, 0x00, 0x00, 0x30, 0x2b, 0x45, 0x33,
    0x33, 0x53, 0x40, 0xa4, 0x70, 0xfd, 0x3f, 0x02, 0x00, 0x40, 0x1c, 0x46,
    0x00, 0x00, 0xd0, 0xc0, 0x33, 0x33, 0x33, 0x3f, 0x00, 0x00, 0x80, 0xc1,
    0x43, 0x66, 0x66, 0xa6, 0x3f, 0xb8, 0x1e, 0xc5, 0x3f, 0x00, 0x00, 0xa0,
    0x8c, 0x44, 0x9a, 0x99, 0x99, 0xbf, 0xe1, 0x7a, 0x24, 0x40, 0x00, 0x00,
    0x00, 0x33, 0x43, 0xcd, 0xcc, 0xcc, 0xbe, 0xf6, 0x28, 0x9c, 0x3f, 0x00,
    0x00, 0xc0, 0xe2, 0x44, 0x00, 0x00, 0x80, 0x3f, 0xc3, 0xf5, 0x80, 0x40,
    0xcd, 0xcc, 0x9c, 0xc0, 0x01, 0x00, 0x00, 0xd2, 0x42, 0xcd, 0xcc, 0xcc,
    0xbd, 0x33, 0x33, 0x33, 0x3f, 0x00, 0x00, 0x00, 0x3d, 0x43, 0x66, 0x66,
    0x66, 0xc0, 0xec, 0x51, 0x38, 0x3e, 0x00, 0x00, 0xc0, 0x13, 0x45, 0x00,
    0x00, 0xb0, 0x40, 0xb8, 0x1e, 0xc5, 0x3f, 0x00, 0x00, 0x38, 0xa7, 0x45,
    0x66, 0x66, 0x06, 0xc1, 0x66, 0x66, 0x96, 0x40, 0x00, 0x00, 0x00, 0xe3,
    0x43, 0x9a, 0x99, 0xa9, 0x40, 0x8f, 0xc2, 0x95, 0x3f, 0x02, 0x00, 0x40,
    0x1c, 0x46, 0x33, 0x33, 0x73, 0xc0, 0x33, 0x33, 0x33, 0x3f, 0x00, 0x00,
    0x00, 0xa2, 0x42, 0x00, 0x00, 0x00, 0x3f, 0xb8, 0x1e, 0x15, 0x40, 0x00,
    0x00, 0x00, 0x1c, 0x42, 0x9a, 0x99, 0x99, 0xbe, 0xd7, 0xa3, 0xb0, 0x3f,
    0x00, 0x00, 0x00, 0x44, 0x43, 0x9a, 0x99, 0x99, 0xbe, 0xc3, 0xf5, 0xc8,
    0x3f, 0x00, 0x00, 0x00, 0x92, 0x43, 0x9a, 0x99, 0x99, 0x3e, 0xc3, 0xf5,
    0x28, 0x40, 0x33, 0x33, 0x73, 0xc0, 0x01, 0x00, 0x00, 0xd2, 0x42, 0xcd,
    0xcc, 0x2c, 0x40, 0x33, 0x33, 0x33, 0x3f, 0x00, 0x00, 0x50, 0x20, 0x45,
    0xcd, 0xcc, 0x9c, 0x40, 0x1f, 0x85, 0x6b, 0x3f, 0x00, 0x00, 0x80, 0x96,
    0x43, 0x33, 0x33, 0x73, 0xc0, 0xec, 0x51, 0x38, 0x3e, 0x00, 0x00, 0xd0,
    0xa9, 0x45, 0xcd, 0xcc, 0xfc, 0xc0, 0x66, 0x66, 0x96, 0x40, 0x00, 0x00,
    0x80, 0xcb, 0x43, 0x00, 0x00, 0x90, 0x40, 0x1f, 0x85, 0x6b, 0x3f, 0x02,
    0x00, 0x40, 0x1c, 0x46, 0x9a, 0x99, 0xb9, 0xc0, 0x33, 0x33, 0x33, 0x3f,
    0x00, 0x00, 0x00, 0x02, 0x43, 0xcd, 0xcc, 0x4c, 0x3e, 0xa4, 0x70, 0xdd,
    0x3f, 0x00, 0x00, 0x00, 0x44, 0x42, 0x9a, 0x99, 0x99, 0xbe, 0x8f, 0xc2,
    0x15, 0x40, 0x00, 0x00, 0x40, 0x6c, 0x44, 0x00, 0x00, 0x00, 0xbf, 0x00,
    0x00, 0x60, 0x40, 0x00, 0x00, 0x80, 0x48, 0x44, 0x33, 0x33, 0x33, 0x3f,
    0x00, 0x00, 0xc0, 0x40, 0x9a, 0x99, 0x99, 0xc0, 0x01, 0x00, 0x00, 0xd2,
    0x42, 0xcd, 0xcc, 0xcc, 0xbe, 0x33, 0x33, 0x33, 0x3f, 0x00, 0x00, 0x00,
    0x98, 0x43, 0x33, 0x33, 0x83, 0xc0, 0x66, 0x66, 0xe6, 0x3e, 0x00, 0x00,
    0x40, 0xb2, 0x44, 0x66, 0x66, 0x86, 0x40, 0x71, 0x3d, 0x0a, 0x3f, 0x00,
    0x00, 0xb0, 0xae, 0x45, 0x66, 0x66, 0xc6, 0xc0, 0x85, 0xeb, 0x89, 0x40,
    0x00, 0x00, 0x50, 0x0d, 0x46, 0xcd, 0xcc, 0x4c, 0x40, 0x14, 0xae, 0xc7,
    0x3f, 0x02, 0x00, 0x40, 0x1c, 0x46, 0x33, 0x33, 0x83, 0xc0, 0x33, 0x33,
    0x33, 0x3f, 0x00, 0x00, 0x50, 0x1e, 0x45, 0x00, 0x00, 0x00, 0x40, 0xd7,
    0xa3, 0x88, 0x40, 0x00, 0x00, 0xb0, 0x52, 0x45, 0x9a, 0x99, 0x19, 0xc0,
    0x9a, 0x99, 0x99, 0x40, 0x00, 0x00, 0x00, 0xd4, 0x44, 0x00, 0x00, 0x80,
    0xbf, 0xa4, 0x70, 0x5d, 0x40, 0x00, 0x00, 0xc0, 0x0f, 0x45, 0x9a, 0x99,
    0x19, 0x3f, 0x33, 0x33, 0x53, 0x40, 0x00, 0x00, 0xc0, 0xc0, 0x01, 0x00,
    0x00, 0xd2, 0x42, 0xcd, 0xcc, 0xdc, 0x40, 0x33, 0x33, 0x33, 0x3f, 0x00,
    0x00, 0x40, 0x79, 0x44, 0x33, 0x33, 0x93, 0xc0, 0x5c, 0x8f, 0xc2, 0x3f,
    0x00, 0x00, 0x10, 0x34, 0x45, 0x9a, 0x99, 0x79, 0x40, 0x52, 0xb8, 0x9e,
    0x3f, 0x00, 0x00, 0x00, 0xc6, 0x42, 0x66, 0x66, 0x46, 0xc0, 0xc3, 0xf5,
    0xa8, 0x3e, 0x00, 0x00, 0x20, 0x01, 0x46, 0xcd, 0xcc, 0x8c, 0x40, 0xcd,
    0xcc, 0x1c, 0x40, 0x02, 0x00, 0x40, 0x1c, 0x46, 0x33, 0x33, 0x83, 0xc0,
    0x33, 0x33, 0x33, 0x3f, 0x00, 0x00, 0x18, 0xa4, 0x45, 0xcd, 0xcc, 0x8c,
    0xc0, 0x8f, 0xc2, 0x9d, 0x40, 0x00, 0x00, 0xd0, 0x70, 0x45, 0x00, 0x00,
    0x20, 0x40, 0x66, 0x66, 0x56, 0x40, 0x00, 0x00, 0xf0, 0xdc, 0x45, 0x9a,
    0x99, 0x39, 0x40, 0xc3, 0xf5, 0xb8, 0x40, 0x00, 0x00, 0x90, 0x32, 0x45,
    0x00, 0x00, 0x80, 0xbf, 0x7b, 0x14, 0x6e, 0x40, 0x00, 0x00, 0xe0, 0xc0,
    0x01, 0x00, 0x00, 0xd2, 0x42, 0x00, 0x00, 0x98, 0x41, 0x33, 0x33, 0x33,
    0x3f, 0x00, 0x00, 0x00, 0x34, 0x42, 0x66, 0x66, 0x8a, 0xc1, 0xc3, 0xf5,
    0xa8, 0x3e, 0x00, 0x00, 0xa0, 0xb2, 0x44, 0x9a, 0x99, 0xb9, 0x40, 0x52,
    0xb8, 0x1e, 0x3f, 0x00, 0x00, 0x20, 0x50, 0x45, 0xcd, 0xcc, 0xcc, 0x40,
    0xe1, 0x7a, 0x34, 0x40, 0x00, 0x00, 0xa0, 0x01, 0x45, 0x66, 0x66, 0x2e,
    0xc1, 0x3d, 0x0a, 0x07, 0x40, 0x02, 0x00, 0x40, 0x1c, 0x46, 0x66, 0x66,
    0x46, 0xc0, 0x33, 0x33, 0x33, 0x3f, 0x00, 0x00, 0x00, 0x36, 0x43, 0x9a,
    0x99, 0x99, 0xbf, 0x48, 0xe1, 0x1a, 0x40, 0x00, 0x00, 0x00, 0x9d, 0x43,
    0x66, 0x66, 0x66, 0x3f, 0x33, 0x33, 0xb3, 0x3f, 0x00, 0x00, 0x00, 0x55,
    0x43, 0xcd, 0xcc, 0x4c, 0xbf, 0xb8, 0x1e, 0x25, 0x40, 0x00, 0x00, 0x00,
    0xd8, 0x42, 0xcd, 0xcc, 0x4c, 0x3f, 0x66, 0x66, 0x16, 0x40, 0x00, 0x00,
    0xd0, 0xc0, 0x01, 0x00, 0x00, 0xd2, 0x42, 0x66, 0x66, 0xd6, 0x40, 0x33,
    0x33, 0x33, 0x3f, 0x00, 0x00, 0x98, 0xb4, 0x45, 0x9a, 0x99, 0xb9, 0x40,
    0xb8, 0x1e, 0x45, 0x40, 0x00, 0x00, 0x00, 0xce, 0x42, 0x00, 0x00, 0x40,
    0xc0, 0xae, 0x47, 0x21, 0x3f, 0x00, 0x00, 0x90, 0x09, 0x45, 0x66, 0x66,
    0xb6, 0xc0, 0x9a, 0x99, 0x79, 0x40, 0x00, 0x00, 0xd0, 0x4e, 0x45, 0x00,
    0x00, 0x80, 0x40, 0x7b, 0x14, 0x96, 0x40, 0x02, 0x00, 0x40, 0x1c, 0x46,
    0x00, 0x00, 0x00, 0x3f, 0x33, 0x33, 0x33, 0x3f, 0x00, 0x00, 0xc0, 0x1c,
    0x44, 0x00, 0x00, 0x00, 0x3f, 0x0a, 0xd7, 0xc3, 0x3f, 0x00, 0x00, 0x00,
    0x8a, 0x43, 0x00, 0x00, 0x80, 0xbf, 0xc3, 0xf5, 0x88, 0x40, 0x00, 0x00,
    0x58, 0x84, 0x45, 0x00, 0x00, 0xc0, 0xbf, 0x00, 0x00, 0xc0, 0x40, 0x00,
    0x00, 0x00, 0x34, 0x42, 0x33, 0x33, 0x33, 0x3f, 0xb8, 0x1e, 0x85, 0x40,
    0xcd, 0xcc, 0xdc, 0xc0, 0x01, 0x00, 0x00, 0xd2, 0x42, 0x9a, 0x99, 0x01,
    0x41, 0x33, 0x33, 0x33, 0x3f, 0x00, 0x00, 0x00, 0xaa, 0x42, 0xcd, 0xcc,
    0xbc, 0xc0, 0xb8, 0x1e, 0x05, 0x3f, 0x00, 0x00, 0xf0, 0xc0, 0x45, 0x66,
    0x66, 0x96, 0x40, 0xcd, 0xcc, 0x1c, 0x40, 0x00, 0x00, 0x80, 0x51, 0x45,
    0xcd, 0xcc, 0xac, 0x40, 0xe1, 0x7a, 0x64, 0x40, 0x00, 0x00, 0x50, 0x04,
    0x45, 0x66, 0x66, 0xa6, 0xc0, 0xd7, 0xa3, 0xa8, 0x40, 0x02, 0x00, 0x40,
    0x1c, 0x46, 0x33, 0x33, 0x13, 0xc0, 0x33, 0x33, 0x33, 0x3f, 0x00, 0x00,
    0x04, 0x07, 0x46, 0x66, 0x66, 0x06, 0x40, 0x33, 0x33, 0x63, 0x40, 0x00,
    0x00, 0x90, 0x8d, 0x45, 0x66, 0x66, 0xe6, 0xbf, 0x00, 0x00, 0xc0, 0x40,
    0x00, 0x00, 0x00, 0x1c, 0x42, 0x33, 0x33, 0xb3, 0x3f, 0x52, 0xb8, 0x7e,
    0x40, 0x00, 0x00, 0x00, 0x5c, 0x42, 0x9a, 0x99, 0x19, 0xbf, 0x29, 0x5c,
    0xef, 0x3f, 0x33, 0x33, 0xc3, 0xc0, 0x01, 0x00, 0x00, 0xd2, 0x42, 0xcd,
    0xcc, 0xac, 0x40, 0x33, 0x33, 0x33, 0x3f, 0x00, 0x00, 0x20, 0xfa, 0x44,
    0xcd, 0xcc, 0xfc, 0xc0, 0xae, 0x47, 0x41, 0x40, 0x00, 0x00, 0xa0, 0xf2,
    0x44, 0x33, 0x33, 0x13, 0x40, 0x71, 0x3d, 0x8a, 0x3e, 0x00, 0x00, 0xe0,
    0x0e, 0x45, 0x33, 0x33, 0x33, 0xc0, 0xec, 0x51, 0x38, 0x40, 0x00, 0x00,
    0xe0, 0x98, 0x45, 0x33, 0x33, 0x83, 0xc0, 0x52, 0xb8, 0x5e, 0x40, 0x02,
    0x00, 0x40, 0x1c, 0x46, 0xcd, 0xcc, 0x4c, 0xbf, 0x33, 0x33, 0x33, 0x3f,
    0x00, 0x00, 0x00, 0x9e, 0x42, 0x00, 0x00, 0x20, 0xc0, 0xf6, 0x28, 0x9c,
    0x3f, 0x00, 0x00, 0x40, 0x5e, 0x45, 0x9a, 0x99, 0xd9, 0x3f, 0x00, 0x00,
    0xc0, 0x40, 0x00, 0x00, 0x00, 0x3c, 0x42, 0x66, 0x66, 0xa6, 0x3f, 0x14,
    0xae, 0x07, 0x3f, 0x00, 0x00, 0x20, 0x85, 0x44, 0x33, 0x33, 0x33, 0xbf,
    0x14, 0xae, 0x57, 0x40, 0x33, 0x33, 0xc3, 0xc0, 0x01, 0x00, 0x00, 0xd2,
    0x42, 0x9a, 0x99, 0xb9, 0x40, 0x33, 0x33, 0x33, 0x3f, 0x00, 0x00, 0x60,
    0x00, 0x45, 0x00, 0x00, 0x18, 0xc1, 0x33, 0x33, 0x33, 0x40, 0x00, 0x00,
    0xc0, 0x90, 0x44, 0x00, 0x00, 0x00, 0x40, 0x52, 0xb8, 0x9e, 0x3e, 0x00,
    0x00, 0x60, 0x88, 0x45, 0x66, 0x66, 0xb6, 0xc0, 0x8f, 0xc2, 0xb5, 0x40,
    0x00, 0x00, 0x00, 0x58, 0x42, 0xcd, 0xcc, 0x4c, 0x3f, 0x7b, 0x14, 0x7e,
    0x40, 0x02, 0x00, 0x40, 0x1c, 0x46, 0x66, 0x66, 0x66, 0xc0, 0x33, 0x33,
    0x33, 0x3f, 0x00, 0x00, 0x00, 0xd2, 0x42, 0x9a, 0x99, 0x19, 0xbf, 0xd7,
    0xa3, 0xd0, 0x3f, 0x00, 0x00, 0x44, 0x07, 0x46, 0x66, 0x66, 0xa6, 0x3f,
    0x52, 0xb8, 0x5e, 0x40, 0x00, 0x00, 0x80, 0xfa, 0x43, 0xcd, 0xcc, 0xcc,
    0x3e, 0xe1, 0x7a, 0xd4, 0x3f, 0x00, 0x00, 0xc0, 0x6a, 0x44, 0xcd, 0xcc,
    0xcc, 0xbe, 0xe1, 0x7a, 0x24, 0x40, 0x33, 0x33, 0xc3, 0xc0, 0x01, 0x00,
    0x00, 0xd2, 0x42, 0xcd, 0xcc, 0x0c, 0x41, 0x33, 0x33, 0x33, 0x3f, 0x00,
    0x00, 0x00, 0x94, 0x42, 0x66, 0x66, 0xb6, 0xc0, 0x52, 0xb8, 0x9e, 0x3e,
    0x00, 0x00, 0x18, 0xd2, 0x45, 0xcd, 0xcc, 0x9c, 0x40, 0x7b, 0x14, 0xee,
    0x3f, 0x00, 0x00, 0x80, 0x3a, 0x44, 0x66, 0x66, 0x66, 0xc0, 0x1f, 0x85,
    0x83, 0x40, 0x00, 0x00, 0x20, 0x0c, 0x46, 0x33, 0x33, 0x73, 0x40, 0x0a,
    0xd7, 0x33, 0x40, 0x02, 0x00, 0x40, 0x1c, 0x46, 0xcd, 0xcc, 0xac, 0xc0,
    0x33, 0x33, 0x33, 0x3f, 0x00, 0x00, 0xa0, 0xfa, 0x44, 0x66, 0x66, 0x66,
    0x40, 0x1f, 0x85, 0x83, 0x40, 0x00, 0x00, 0x80, 0xdd, 0x43, 0xcd, 0xcc,
    0xcc, 0x3f, 0x8f, 0xc2, 0x25, 0x40, 0x00, 0x00, 0x00, 0x87, 0x43, 0xcd,
    0xcc, 0xcc, 0xbf, 0x1f, 0x85, 0xeb, 0x3f, 0x00, 0x00, 0x00, 0x04, 0x43,
    0x00, 0x00, 0x80, 0x3f, 0xd7, 0xa3, 0xf0, 0x3f, 0x00, 0x00, 0xc0, 0xc0,
    0x01, 0x00, 0x00, 0xd2, 0x42, 0x33, 0x33, 0xe3, 0x40, 0x33, 0x33, 0x33,
    0x3f, 0x00, 0x00, 0x00, 0xfc, 0x42, 0x66, 0x66, 0x66, 0xc0, 0xb8, 0x1e,
    0x85, 0x3e, 0x00, 0x00, 0xd0, 0xd8, 0x45, 0x33, 0x33, 0xb3, 0x40, 0x1f,
    0x85, 0xab, 0x3f, 0x00, 0x00, 0xc0, 0x88, 0x44, 0x33, 0x33, 0x33, 0xc0,
    0x14, 0xae, 0x47, 0x40, 0x00, 0x00, 0xe0, 0x11, 0x46, 0x00, 0x00, 0x40,
    0x40, 0x14, 0xae, 0x27, 0x40, 0x02, 0x00, 0x40, 0x1c, 0x46, 0xcd, 0xcc,
    0x8c, 0xc0, 0x33, 0x33, 0x33, 0x3f, 0x00, 0x00, 0x80, 0x05, 0x45, 0x66,
    0x66, 0x46, 0x40, 0x0a, 0xd7, 0x13, 0x40, 0x00, 0x00, 0x20, 0xb4, 0x44,
    0x33, 0x33, 0xb3, 0xbf, 0x0a, 0xd7, 0x53, 0x40, 0x00, 0x00, 0x70, 0x48,
    0x45, 0x66, 0x66, 0xe6, 0xbf, 0x52, 0xb8, 0xae, 0x40, 0x00, 0x00, 0x00,
    0x03, 0x43, 0xcd, 0xcc, 0xcc, 0x3e, 0x5c, 0x8f, 0x02, 0x40, 0x33, 0x33,
    0xb3, 0xc0, 0x01, 0x00, 0x00, 0xd2, 0x42, 0xcd, 0xcc, 0xcc, 0x40, 0x33,
    0x33, 0x33, 0x3f, 0x00, 0x00, 0x60, 0xdb, 0x44, 0x00, 0x00, 0xa0, 0x40,
    0xb8, 0x1e, 0xa5, 0x3f, 0x00, 0x00, 0x00, 0xe8, 0x42, 0x66, 0x66, 0x26,
    0xc0, 0x71, 0x3d, 0x8a, 0x3e, 0x00, 0x00, 0xb0, 0x43, 0x45, 0xcd, 0xcc,
    0x6c, 0xc0, 0x71, 0x3d, 0x0a, 0x40, 0x00, 0x00, 0x40, 0x6c, 0x44, 0x66,
    0x66, 0x06, 0xc0, 0xe1, 0x7a, 0x64, 0x40, 0x02, 0x00, 0x40, 0x1c, 0x46,
    0x00, 0x00, 0xc0, 0xbf, 0x33, 0x33, 0x33, 0x3f, 0x00, 0x00, 0x00, 0x0f,
    0x44, 0xcd, 0xcc, 0xcc, 0xbe, 0xec, 0x51, 0x38, 0x40, 0x00, 0x00, 0xf0,
    0xac, 0x45, 0x33, 0x33, 0xf3, 0x3f, 0x29, 0x5c, 0xbf, 0x40, 0x00, 0x00,
    0xc0, 0x8b, 0x45, 0x33, 0x33, 0x33, 0xbf, 0xc3, 0xf5, 0x58, 0x40, 0x00,
    0x00, 0x00, 0x86, 0x42, 0x00, 0x00, 0x00, 0xbf, 0x85, 0xeb, 0x31, 0x40,
    0x9a, 0x99, 0x79, 0xc0, 0x01, 0x00, 0x00, 0xd2, 0x42, 0x33, 0x33, 0x83,
    0x40, 0x33, 0x33, 0x33, 0x3f, 0x00, 0x00, 0x80, 0xeb, 0x44, 0x9a, 0x99,
    0x39, 0x40, 0x00, 0x00, 0x00, 0x40, 0x00, 0x00, 0x00, 0xa8, 0x42, 0xcd,
    0xcc, 0x0c, 0xc0, 0x14, 0xae, 0x87, 0x3f, 0x00, 0x00, 0x80, 0xab, 0x43,
    0x33, 0x33, 0x33, 0xbf, 0x66, 0x66, 0xa6, 0x3f, 0x00, 0x00, 0xe0, 0x35,
    0x45, 0x66, 0x66, 0xe6, 0xbf, 0xe1, 0x7a, 0x44, 0x40, 0x02, 0x00, 0x40,
    0x1c, 0x46, 0x00, 0x00, 0xd0, 0xc0, 0x33, 0x33, 0x33, 0x3f, 0x00, 0x00,
    0x40, 0x72, 0x44, 0x00, 0x00, 0x80, 0xbf, 0x85, 0xeb, 0x81, 0x40, 0x00,
    0x00, 0x00, 0x2a, 0x43, 0x00, 0x00, 0x80, 0x3f, 0x3d, 0x0a, 0x77, 0x40,
    0x00, 0x00, 0x00, 0x01, 0x43, 0x33, 0x33, 0x33, 0xbf, 0x9a, 0x99, 0x69,
    0x40, 0x00, 0x00, 0x00, 0x3c, 0x44, 0x66, 0x66, 0x66, 0x3f, 0x48, 0xe1,
    0xa2, 0x40, 0x33, 0x33, 0x93, 0xc0, 0x01, 0x00, 0x00, 0xd2, 0x42, 0x66,
    0x66, 0xb6, 0x40, 0x33, 0x33, 0x33, 0x3f, 0x00, 0x00, 0x00, 0xa8, 0x42,
    0xcd, 0xcc, 0x2c, 0xc0, 0x0a, 0xd7, 0xa3, 0x3e, 0x00, 0x00, 0x80, 0xff,
    0x44, 0x33, 0x33, 0x83, 0x40, 0x00, 0x00, 0x00, 0x40, 0x00, 0x00, 0x80,
    0x3f, 0x45, 0x33, 0x33, 0x53, 0xc0, 0xae, 0x47, 0x01, 0x40, 0x00, 0x00,
    0x80, 0xb2, 0x44, 0x00, 0x00, 0x00, 0x40, 0xf6, 0x28, 0x4c, 0x40, 0x02,
    0x00, 0x40, 0x1c, 0x46, 0x66, 0x66, 0x96, 0xc0, 0x33, 0x33, 0x33, 0x3f,
    0x00, 0x00, 0xb8, 0xc2, 0x45, 0x00, 0x00, 0x00, 0xc0, 0x00, 0x00, 0xc0,
    0x40, 0x00, 0x00, 0xf0, 0xa7, 0x45, 0x66, 0x66, 0x06, 0x40, 0x00, 0x00,
    0xc0, 0x40, 0x00, 0x00, 0x40, 0x71, 0x44, 0xcd, 0xcc, 0x8c, 0xbf, 0x14,
    0xae, 0xbf, 0x40, 0x00, 0x00, 0x00, 0xee, 0x42, 0x9a, 0x99, 0x99, 0x3e,
    0xf6, 0x28, 0x1c, 0x40, 0x00, 0x00, 0xa0, 0xc0, 0x01, 0x00, 0x00, 0xd2,
    0x42, 0x66, 0x66, 0xa6, 0x40, 0x33, 0x33, 0x33, 0x3f, 0x00, 0x00, 0x20,
    0xd8, 0x44, 0x00, 0x00, 0xa0, 0x40, 0xf6, 0x28, 0xbc, 0x3f, 0x00, 0x00,
    0x00, 0x37, 0x43, 0x33, 0x33, 0xf3, 0xbf, 0xec, 0x51, 0xb8, 0x3e, 0x00,
    0x00, 0xe0, 0x2f, 0x45, 0x9a, 0x99, 0x39, 0xc0, 0xc3, 0xf5, 0x28, 0x40,
    0x00, 0x00, 0x80, 0x92, 0x45, 0x33, 0x33, 0x53, 0xc0, 0x85, 0xeb, 0x91,
    0x40, 0x02, 0x00, 0x40, 0x1c, 0x46, 0xcd, 0xcc, 0xcc, 0xbf, 0x33, 0x33,
    0x33, 0x3f, 0x00, 0x00, 0x00, 0xf3, 0x43, 0x33, 0x33, 0xb3, 0xbf, 0x00,
    0x00, 0xc0, 0x40, 0x00, 0x00, 0xc0, 0x0d, 0x44, 0x9a, 0x99, 0x99, 0x3f,
    0x00, 0x00, 0xc0, 0x40, 0x00, 0x00, 0x48, 0xcb, 0x45, 0x00, 0x00, 0xc0,
    0xbf, 0x3d, 0x0a, 0xbf, 0x40, 0x00, 0x00, 0xb0, 0xb3, 0x45, 0x33, 0x33,
    0xb3, 0x3f, 0x00, 0x00, 0xc0, 0x40, 0xcd, 0xcc, 0x8c, 0xc0, 0x01, 0x00,
    0x00, 0xd2, 0x42, 0x9a, 0x99, 0x89, 0x40, 0x33, 0x33, 0x33, 0x3f, 0x00,
    0x00, 0x40, 0xe9, 0x44, 0x66, 0x66, 0xc6, 0x40, 0x00, 0x00, 0xe0, 0x3f,
    0x00, 0x00, 0x00, 0xb2, 0x42, 0x66, 0x66, 0x26, 0xc0, 0x85, 0xeb, 0x51,
    0x3f, 0x00, 0x00, 0xa0, 0x40, 0x45, 0x33, 0x33, 0x33, 0xc0, 0x7b, 0x14,
    0x2e, 0x3f, 0x00, 0x00, 0x00, 0xca, 0x43, 0x00, 0x00, 0x00, 0xbf, 0x52,
    0xb8, 0xbe, 0x3f, 0x02, 0x00, 0x40, 0x1c, 0x46, 0xcd, 0xcc, 0xdc, 0xc0,
    0x33, 0x33, 0x33, 0x3f, 0x00, 0x00, 0x00, 0xad, 0x45, 0x66, 0x66, 0x06,
    0x40, 0x00, 0x00, 0xc0, 0x40, 0x00, 0x00, 0x00, 0x39, 0x45, 0x9a, 0x99,
    0x19, 0xbf, 0xe1, 0x7a, 0x94, 0x40, 0x00, 0x00, 0xf0, 0x5e, 0x45, 0x33,
    0x33, 0xb3, 0x3f, 0x3d, 0x0a, 0xbf, 0x40, 0x00, 0x00, 0x50, 0x49, 0x45,
    0x66, 0x66, 0x66, 0xbf, 0x00, 0x00, 0xc0, 0x40, 0x33, 0x33, 0xa3, 0xc0,
    0x01, 0x00, 0x00, 0xd2, 0x42, 0xcd, 0xcc, 0xbc, 0x40, 0x33, 0x33, 0x33,
    0x3f, 0x00, 0x00, 0x20, 0xe4, 0x44, 0x33, 0x33, 0xa3, 0x40, 0x0a, 0xd7,
    0xe3, 0x3f, 0x00, 0x00, 0x00, 0xc6, 0x42, 0x00, 0x00, 0x20, 0xc0, 0x52,
    0xb8, 0x9e, 0x3e, 0x00, 0x00, 0xe0, 0x96, 0x45, 0x9a, 0x99, 0x79, 0xc0,
    0x8f, 0xc2, 0x85, 0x40, 0x00, 0x00, 0x10, 0x3c, 0x45, 0x33, 0x33, 0x33,
    0xc0, 0x5c, 0x8f, 0x52, 0x40, 0x02, 0x00, 0x40, 0x1c, 0x46, 0x66, 0x66,
    0x46, 0xc0, 0x33, 0x33, 0x33, 0x3f, 0x00, 0x00, 0x40, 0x72, 0x44, 0x66,
    0x66, 0xa6, 0xbf, 0x48, 0xe1, 0x4a, 0x40, 0x00, 0x00, 0xa0, 0xab, 0x44,
    0x66, 0x66, 0x66, 0x3f, 0x52, 0xb8, 0x86, 0x40, 0x00, 0x00, 0x00, 0x23,
    0x44, 0xcd, 0xcc, 0x4c, 0x3f, 0x8f, 0xc2, 0x85, 0x40, 0x00, 0x00, 0x00,
    0x16, 0x43, 0xcd, 0xcc, 0x4c, 0x3e, 0x00, 0x00, 0xe0, 0x3f, 0xcd, 0xcc,
    0xcc, 0xc0, 0x01, 0x00, 0x00, 0xd2, 0x42, 0xcd, 0xcc, 0xdc, 0x40, 0x33,
    0x33, 0x33, 0x3f, 0x00, 0x00, 0xc0, 0x66, 0x44, 0x00, 0x00, 0xd0, 0xc0,
    0x33, 0x33, 0x03, 0x40, 0x00, 0x00, 0x80, 0x93, 0x43, 0x00, 0x00, 0x90,
    0x40, 0x48, 0xe1, 0xda, 0x3f, 0x00, 0x00, 0x00, 0x8e, 0x42, 0x9a, 0x99,
    0xb9, 0xc0, 0x14, 0xae, 0x87, 0x3f, 0x00, 0x00, 0x30, 0x63, 0x45, 0x9a,
    0x99, 0x59, 0x40, 0x52, 0xb8, 0x4e, 0x40, 0x02, 0x00, 0x40, 0x1c, 0x46,
    0x66, 0x66, 0x46, 0xc0, 0x33, 0x33, 0x33, 0x3f, 0x00, 0x00, 0x38, 0xba,
    0x45, 0x9a, 0x99, 0x89, 0xc0, 0x00, 0x00, 0xc0, 0x40, 0x00, 0x00, 0xc0,
    0xe9, 0x44, 0x9a, 0x99, 0xd9, 0x3f, 0x33, 0x33, 0x8b, 0x40, 0x00, 0x00,
    0xc0, 0x15, 0x44, 0x00, 0x00, 0x00, 0x40, 0x00, 0x00, 0xc0, 0x40, 0x00,
    0x00, 0xc0, 0x35, 0x44, 0x9a, 0x99, 0xd9, 0xbf, 0x00, 0x00, 0xb8, 0x40,
    0x33, 0x33, 0xc3, 0xc0, 0x01, 0x00, 0x00, 0xd2, 0x42, 0x33, 0x33, 0x53,
    0x40, 0x33, 0x33, 0x33, 0x3f, 0x00, 0x00, 0x00, 0x67, 0x43, 0x00, 0x00,
    0x00, 0xc0, 0xec, 0x51, 0x38, 0x3e, 0x00, 0x00, 0x20, 0x01, 0x45, 0xcd,
    0xcc, 0x4c, 0x40, 0x9a, 0x99, 0xd9, 0x3f, 0x00, 0x00, 0x00, 0xa8, 0x41,
    0x00, 0x00, 0x00, 0x3f, 0xe1, 0x7a, 0x8c, 0x40, 0x00, 0x00, 0x00, 0xe8,
    0x41, 0x9a, 0x99, 0x59, 0x40, 0x1f, 0x85, 0x6b, 0x3f, 0x02, 0x00, 0x40,
    0x1c, 0x46, 0xcd, 0xcc, 0x4c, 0xbf, 0x33, 0x33, 0x33, 0x3f, 0x00, 0x00,
    0x90, 0x00, 0x46, 0x9a, 0x99, 0x59, 0x40, 0x8f, 0xc2, 0x35, 0x3f, 0x00,
    0x00, 0xb0, 0xa2, 0x45, 0x66, 0x66, 0x66, 0xc0, 0x00, 0x00, 0xc0, 0x40,
    0x00, 0x00, 0xd0, 0x41, 0x45, 0x33, 0x33, 0xf3, 0xbf, 0x5c, 0x8f, 0xa2,
    0x40, 0x00, 0x00, 0x80, 0x05, 0x44, 0x9a, 0x99, 0x99, 0x3f, 0xc3, 0xf5,
    0x90, 0x40, 0x9a, 0x99, 0xc9, 0xc0, 0x01, 0x00, 0x00, 0xd2, 0x42, 0x9a,
    0x99, 0xc9, 0x40, 0x33, 0x33, 0x33, 0x3f, 0x00, 0x00, 0x00, 0x66, 0x43,
    0x9a, 0x99, 0x19, 0xc0, 0x0a, 0xd7, 0x63, 0x3f, 0x00, 0x00, 0x80, 0xe4,
    0x44, 0x33, 0x33, 0x73, 0x40, 0xe1, 0x7a, 0xf4, 0x3f, 0x00, 0x00, 0xa0,
    0x86, 0x44, 0x00, 0x00, 0x20, 0xc0, 0xd7, 0xa3, 0x90, 0x3f, 0x00, 0x00,
    0xf8, 0xd3, 0x45, 0x66, 0x66, 0x66, 0x40, 0xcd, 0xcc, 0x5c, 0x40, 0x02,
    0x00, 0x40, 0x1c, 0x46, 0xcd, 0xcc, 0x4c, 0xbf, 0x33, 0x33, 0x33, 0x3f,
    0x00, 0x00, 0x44, 0x16, 0x46, 0x66, 0x66, 0xe6, 0x3f, 0xcd, 0xcc, 0x1c,
    0x40, 0x00, 0x00, 0x00, 0xa5, 0x45, 0x33, 0x33, 0xb3, 0xbf, 0x00, 0x00,
    0xc0, 0x40, 0x00, 0x00, 0x00, 0x82, 0x42, 0x00, 0x00, 0x80, 0x3f, 0x52,
    0xb8, 0x86, 0x40, 0x00, 0x00, 0x00, 0xb4, 0x42, 0x9a, 0x99, 0x99, 0xbe,
    0xa4, 0x70, 0xbd, 0x3f, 0x00, 0x00, 0xd0, 0xc0, 0x01, 0x00, 0x00, 0xd2,
    0x42, 0x9a, 0x99, 0xe9, 0x40, 0x33, 0x33, 0x33, 0x3f, 0x00, 0x00, 0x00,
    0xae, 0x42, 0x33, 0x33, 0x73, 0xc0, 0x48, 0xe1, 0xfa, 0x3e, 0x00, 0x00,
    0xf8, 0xdb, 0x45, 0x66, 0x66, 0x66, 0x40, 0x66, 0x66, 0xa6, 0x3f, 0x00,
    0x00, 0x00, 0xf5, 0x44, 0xcd, 0xcc, 0x9c, 0x40, 0xae, 0x47, 0x31, 0x40,
    0x00, 0x00, 0x00, 0x91, 0x44, 0x66, 0x66, 0x26, 0xc0, 0xd7, 0xa3, 0x70,
    0x3f, 0x02, 0x00, 0x40, 0x1c, 0x46, 0x66, 0x66, 0x66, 0x3f, 0x33, 0x33,
    0x33, 0x3f, 0x00, 0x00, 0x00, 0x9a, 0x43, 0xcd, 0xcc, 0x4c, 0xbf, 0x0a,
    0xd7, 0xc3, 0x3f, 0x00, 0x00, 0x00, 0x0c, 0x43, 0x9a, 0x99, 0x19, 0x3f,
    0xae, 0x47, 0x01, 0x40, 0x00, 0x00, 0x80, 0xdb, 0x43, 0x00, 0x00, 0x80,
    0x3f, 0xb8, 0x1e, 0x85, 0x40, 0x00, 0x00, 0x40, 0xbb, 0x45, 0x9a, 0x99,
    0x99, 0x3f, 0x00, 0x00, 0xc0, 0x40, 0x33, 0x33, 0x93, 0xc0, 0x01, 0x00,
    0x00, 0xd2, 0x42, 0x33, 0x33, 0x93, 0x40, 0x33, 0x33, 0x33, 0x3f, 0x00,
    0x00, 0x00, 0x32, 0x44, 0x33, 0x33, 0xa3, 0x40, 0xc3, 0xf5, 0x88, 0x3f,
    0x00, 0x00, 0xe0, 0x73, 0x45, 0x9a, 0x99, 0xf9, 0xc0, 0xc3, 0xf5, 0x18,
    0x40, 0x00, 0x00, 0xa0, 0x97, 0x44, 0xcd, 0xcc, 0xac, 0xc0, 0x1f, 0x85,
    0xcb, 0x3f, 0x00, 0x00, 0xa0, 0xea, 0x45, 0x33, 0x33, 0x93, 0x40, 0xd7,
    0xa3, 0x60, 0x40, 0x02, 0x00, 0x40, 0x1c, 0x46, 0x66, 0x66, 0xd6, 0xc0,
    0x33, 0x33, 0x33, 0x3f, 0x00, 0x00, 0x00, 0xc8, 0x42, 0x9a, 0x99, 0x99,
    0xbf, 0x5c, 0x8f, 0xa2, 0x3f, 0x00, 0x00, 0xcc, 0x15, 0x46, 0x00, 0x00,
    0x60, 0x40, 0xe1, 0x7a, 0x04, 0x40, 0x00, 0x00, 0x00, 0xae, 0x43, 0xcd,
    0xcc, 0x4c, 0x3f, 0x1f, 0x85, 0x4b, 0x40, 0x00, 0x00, 0x18, 0xaa, 0x45,
    0x33, 0x33, 0xb3, 0xbf, 0x00, 0x00, 0xc0, 0x40, 0xcd, 0xcc, 0xdc, 0xc0,
    0x01, 0x00, 0x00, 0xd2, 0x42, 0x9a, 0x99, 0x29, 0x41, 0x33, 0x33, 0x33,
    0x3f, 0x00, 0x00, 0x00, 0x70, 0x42, 0x9a, 0x99, 0xe9, 0xc0, 0xa4, 0x70,
    0xbd, 0x3e, 0x00, 0x00, 0x60, 0xcd, 0x44, 0x9a, 0x99, 0x19, 0x40, 0x5c,
    0x8f, 0xc2, 0x3e, 0x00, 0x00, 0x58, 0x83, 0x45, 0x9a, 0x99, 0xb9, 0xc0,
    0xa4, 0x70, 0x7d, 0x3f, 0x00, 0x00, 0x68, 0xed, 0x45, 0x00, 0x00, 0xc0,
    0x40, 0xd7, 0xa3, 0xf0, 0x3f, 0x02, 0x00, 0x40, 0x1c, 0x46, 0x9a, 0x99,
    0x89, 0xc0, 0x33, 0x33, 0x33, 0x3f, 0x00, 0x00, 0xc0, 0x86, 0x44, 0x33,
    0x33, 0x33, 0xbf, 0xb8, 0x1e, 0x15, 0x40, 0x00, 0x00, 0x40, 0x24, 0x44,
    0x33, 0x33, 0x33, 0x3f, 0x29, 0x5c, 0x3f, 0x40, 0x00, 0x00, 0x80, 0xf4,
    0x44, 0x00, 0x00, 0x80, 0x3f, 0xe1, 0x7a, 0xac, 0x40, 0x00, 0x00, 0x80,
    0x84, 0x43, 0x00, 0x00, 0x80, 0xbf, 0x8f, 0xc2, 0xb5, 0x40, 0x00, 0x00,
    0xe0, 0xc0, 0x01, 0x00, 0x00, 0xd2, 0x42, 0x00, 0x00, 0x84, 0x41, 0x33,
    0x33, 0x33, 0x3f, 0x00, 0x00, 0x00, 0x28, 0x42, 0x66, 0x66, 0x4e, 0xc1,
    0x33, 0x33, 0xb3, 0x3e, 0x00, 0x00, 0x80, 0x12, 0x45, 0x00, 0x00, 0xe0,
    0x40, 0xb8, 0x1e, 0x05, 0x3f, 0x00, 0x00, 0x00, 0x7c, 0x44, 0x66, 0x66,
    0x86, 0xc0, 0xb8, 0x1e, 0xa5, 0x3f, 0x00, 0x00, 0x20, 0x3e, 0x45, 0x9a,
    0x99, 0xe9, 0xc0, 0xd7, 0xa3, 0xb0, 0x3f, 0x02, 0x00, 0x40, 0x1c, 0x46,
    0xcd, 0xcc, 0x9c, 0x40, 0x33, 0x33, 0x33, 0x3f, 0x00, 0x00, 0xd0, 0xc1,
    0x45, 0x66, 0x66, 0x66, 0xc0, 0x00, 0x00, 0xc0, 0x40, 0x00, 0x00, 0x00,
    0x04, 0x43, 0xcd, 0xcc, 0x4c, 0x3f, 0xc3, 0xf5, 0x18, 0x40, 0x00, 0x00,
    0x00, 0x96, 0x42, 0x00, 0x00, 0x80, 0xbf, 0x66, 0x66, 0x46, 0x40, 0x00,
    0x00, 0x40, 0x8b, 0x44, 0x66, 0x66, 0xa6, 0xbf, 0x00, 0x00, 0xc0, 0x40,
    0x33, 0x33, 0x93, 0xc0, 0x01, 0x00, 0x00, 0xd2, 0x42, 0x33, 0x33, 0x83,
    0x40, 0x33, 0x33, 0x33, 0x3f, 0x00, 0x00, 0x00, 0x58, 0x43, 0xcd, 0xcc,
    0x4c, 0xc0, 0x66, 0x66, 0x26, 0x3f, 0x00, 0x00, 0xa0, 0xf3, 0x44, 0x00,
    0x00, 0xa0, 0x40, 0xec, 0x51, 0xd8, 0x3f, 0x00, 0x00, 0xc0, 0x15, 0x44,
    0xcd, 0xcc, 0x6c, 0xc0, 0x00, 0x00, 0x80, 0x40, 0x00, 0x00, 0x30, 0x32,
    0x45, 0xcd, 0xcc, 0x0c, 0xc0, 0x48, 0xe1, 0x4a, 0x40, 0x02, 0x00, 0x40,
    0x1c, 0x46, 0xcd, 0xcc, 0x4c, 0x40, 0x33, 0x33, 0x33, 0x3f, 0x00, 0x00,
    0x40, 0xa8, 0x45, 0xcd, 0xcc, 0x4c, 0x40, 0x8f, 0xc2, 0xbd, 0x40, 0x00,
    0x00, 0xc0, 0x5d, 0x44, 0x33, 0x33, 0xf3, 0xbf, 0x8f, 0xc2, 0xb5, 0x40,
    0x00, 0x00, 0x00, 0x98, 0x42, 0x00, 0x00, 0x80, 0xbf, 0x8f, 0xc2, 0x25,
    0x40, 0x00, 0x00, 0x00, 0xfc, 0x42, 0x00, 0x00, 0x00, 0x3f, 0xb8, 0x1e,
    0xe5, 0x3f, 0x9a, 0x99, 0x99, 0xc0, 0x01, 0x00, 0x00, 0xd2, 0x42, 0x9a,
    0x99, 0xb9, 0x40, 0x33, 0x33, 0x33, 0x3f, 0x00, 0x00, 0x00, 0xae, 0x42,
    0x33, 0x33, 0x33, 0xc0, 0xc3, 0xf5, 0xa8, 0x3e, 0x00, 0x00, 0x00, 0xed,
    0x44, 0x00, 0x00, 0x80, 0x40, 0x8f, 0xc2, 0xf5, 0x3f, 0x00, 0x00, 0x00,
    0x35, 0x45, 0xcd, 0xcc, 0x6c, 0xc0, 0x3d, 0x0a, 0x47, 0x40, 0x00, 0x00,
    0x80, 0xb1, 0x44, 0x66, 0x66, 0xa6, 0x3f, 0xc3, 0xf5, 0x78, 0x40, 0x02,
    0x00, 0x40, 0x1c, 0x46, 0x9a, 0x99, 0xb9, 0xc0, 0x33, 0x33, 0x33, 0x3f,
    0x00, 0x00, 0x88, 0xae, 0x45, 0x9a, 0x99, 0xd9, 0x3f, 0x00, 0x00, 0xc0,
    0x40, 0x00, 0x00, 0x00, 0x8c, 0x42, 0xcd, 0xcc, 0xcc, 0xbe, 0x14, 0xae,
    0x07, 0x40, 0x00, 0x00, 0x00, 0xde, 0x42, 0xcd, 0xcc, 0xcc, 0x3e, 0x85,
    0xeb, 0xd1, 0x3f, 0x00, 0x00, 0xc0, 0x67, 0x44, 0x66, 0x66, 0x66, 0xbf,
    0x00, 0x00, 0xc0, 0x40, 0x33, 0x33, 0xc3, 0xc0, 0x01, 0x00, 0x00, 0xd2,
    0x42, 0x33, 0x33, 0x53, 0x40, 0x33, 0x33, 0x33, 0x3f, 0x00, 0x00, 0xe0,
    0xdd, 0x44, 0x00, 0x00, 0xd0, 0x40, 0xc3, 0xf5, 0xc8, 0x3f, 0x00, 0x00,
    0x00, 0x45, 0x43, 0x00, 0x00, 0x60, 0xc0, 0xe1, 0x7a, 0x14, 0x3f, 0x00,
    0x00, 0xd0, 0x31, 0x45, 0x33, 0x33, 0x33, 0xc0, 0x7b, 0x14, 0x3e, 0x40,
    0x00, 0x00, 0x80, 0xe9, 0x43, 0x9a, 0x99, 0x39, 0xc0, 0x48, 0xe1, 0x5a,
    0x40, 0x02, 0x00, 0x40, 0x1c, 0x46, 0x9a, 0x99, 0x59, 0x40, 0x33, 0x33,
    0x33, 0x3f, 0x00, 0x00, 0x2c, 0x11, 0x46, 0x00, 0x00, 0x40, 0x40, 0xb8,
    0x1e, 0x15, 0x40, 0x00, 0x00, 0x00, 0x82, 0x44, 0x9a, 0x99, 0x59, 0xc0,
    0xcd, 0xcc, 0xbc, 0x40, 0x00, 0x00, 0xc0, 0x93, 0x44, 0x9a, 0x99, 0x19,
    0x40, 0x00, 0x00, 0xc0, 0x40, 0x00, 0x00, 0x00, 0x5d, 0x43, 0x9a, 0x99,
    0x19, 0xbf, 0x52, 0xb8, 0x5e, 0x40, 0x33, 0x33, 0xc3, 0xc0, 0x01, 0x00,
    0x00, 0xd2, 0x42, 0xcd, 0xcc, 0xbc, 0x40, 0x33, 0x33, 0x33, 0x3f, 0x00,
    0x00, 0x00, 0xfe, 0x42, 0xcd, 0xcc, 0xec, 0xc0, 0xec, 0x51, 0x38, 0x3e,
    0x00, 0x00, 0x20, 0xdc, 0x44, 0x9a, 0x99, 0xd9, 0x40, 0xcd, 0xcc, 0x4c,
    0x3f, 0x00, 0x00, 0x00, 0xe0, 0x43, 0x33, 0x33, 0xd3, 0x40, 0xec, 0x51,
    0xd8, 0x3f, 0x00, 0x00, 0x00, 0x64, 0x42, 0x66, 0x66, 0x46, 0xc0, 0xd7,
    0xa3, 0x30, 0x3f, 0x02, 0x00, 0x40, 0x1c, 0x46, 0x00, 0x00, 0x60, 0xc0,
    0x33, 0x33, 0x33, 0x3f, 0x00, 0x00, 0xb8, 0x83, 0x45, 0x9a, 0x99, 0x59,
    0x40, 0x52, 0xb8, 0x9e, 0x3f, 0x00, 0x00, 0x30, 0x4a, 0x45, 0x00, 0x00,
    0xa0, 0xc0, 0x71, 0x3d, 0x4a, 0x40, 0x00, 0x00, 0x00, 0x81, 0x43, 0xcd,
    0xcc, 0xcc, 0xbf, 0x3d, 0x0a, 0x87, 0x40, 0x00, 0x00, 0x00, 0x4d, 0x43,
    0x9a, 0x99, 0x99, 0x3f, 0xe1, 0x7a, 0x64, 0x40, 0x9a, 0x99, 0xc9, 0xc0,
    0x01, 0x00, 0x00, 0xd2, 0x42, 0x00, 0x00, 0xd0, 0x40, 0x33, 0x33, 0x33,
    0x3f, 0x00, 0x00, 0x00, 0x92, 0x42, 0xcd, 0xcc, 0x2c, 0xc0, 0x33, 0x33,
    0x93, 0x3f, 0x00, 0x00, 0xa0, 0xee, 0x44, 0xcd, 0xcc, 0xac, 0x40, 0x33,
    0x33, 0x13, 0x40, 0x00, 0x00, 0x40, 0x63, 0x44, 0x66, 0x66, 0x26, 0xc0,
    0x00, 0x00, 0x20, 0x40, 0x00, 0x00, 0x00, 0x6c, 0x43, 0x66, 0x66, 0x06,
    0xc0, 0x00, 0x00, 0x40, 0x3f, 0x02, 0x00, 0x40, 0x1c, 0x46, 0x9a, 0x99,
    0x79, 0xc0, 0x33, 0x33, 0x33, 0x3f, 0x00, 0x00, 0x18, 0x85, 0x45, 0x00,
    0x00, 0x20, 0x40, 0x66, 0x66, 0x86, 0x40, 0x00, 0x00, 0x30, 0x3f, 0x45,
    0xcd, 0xcc, 0x8c, 0xbf, 0xec, 0x51, 0x78, 0x40, 0x00, 0x00, 0xd8, 0xa9,
    0x45, 0x66, 0x66, 0x66, 0xbf, 0x33, 0x33, 0xbb, 0x40, 0x00, 0x00, 0xc8,
    0xd3, 0x45, 0x66, 0x66, 0xa6, 0x3f, 0x66, 0x66, 0xbe, 0x40, 0x9a, 0x99,
    0xa9, 0xc0, 0x01, 0x00, 0x00, 0xd2, 0x42, 0x66, 0x66, 0xb6, 0x40, 0x33,
    0x33, 0x33, 0x3f, 0x00, 0x00, 0xe0, 0xeb, 0x44, 0x9a, 0x99, 0xb9, 0x40,
    0x3d, 0x0a, 0x17, 0x40, 0x00, 0x00, 0x00, 0x94, 0x42, 0x9a, 0x99, 0x39,
    0xc0, 0xec, 0x51, 0xb8, 0x3e, 0x00, 0x00, 0x70, 0x35, 0x45, 0x33, 0x33,
    0x83, 0xc0, 0xec, 0x51, 0x58, 0x40, 0x00, 0x00, 0x68, 0xa4, 0x45, 0x9a,
    0x99, 0x19, 0xc0, 0xae, 0x47, 0x89, 0x40, 0x02, 0x00, 0x40, 0x1c, 0x46,
    0x00, 0x00, 0xb0, 0xc0, 0x33, 0x33, 0x33, 0x3f, 0x00, 0x00, 0x80, 0x78,
    0x44, 0xcd, 0xcc, 0x8c, 0xbf, 0x71, 0x3d, 0x3a, 0x40, 0x00, 0x00, 0x80,
    0x21, 0x44, 0x33, 0x33, 0x33, 0x3f, 0x1f, 0x85, 0x1b, 0x40, 0x00, 0x00,
    0x00, 0x74, 0x43, 0xcd, 0xcc, 0xcc, 0xbe, 0x48, 0xe1, 0xda, 0x3f, 0x00,
    0x00, 0x00, 0x07, 0x43, 0x9a, 0x99, 0x99, 0x3e, 0xf6, 0x28, 0xdc, 0x3f,
    0x66, 0x66, 0xa6, 0xc0, 0x01, 0x00, 0x00, 0xd2, 0x42, 0x00, 0x00, 0xb0,
    0x40, 0x33, 0x33, 0x33, 0x3f, 0x00, 0x00, 0x08, 0xb8, 0x45, 0x33, 0x33,
    0x73, 0xc0, 0xa4, 0x70, 0xbd, 0x3f, 0x00, 0x00, 0x80, 0x0a, 0x45, 0x00,
    0x00, 0x40, 0x40, 0x14, 0xae, 0xc7, 0x3e, 0x00, 0x00, 0x10, 0x36, 0x45,
    0xcd, 0xcc, 0xbc, 0xc0, 0xcd, 0xcc, 0x1c, 0x40, 0x00, 0x00, 0x00, 0xdc,
    0x42, 0x33, 0x33, 0xb3, 0xbf, 0x0a, 0xd7, 0xa3, 0x3e, 0x02, 0x00, 0x40,
    0x1c, 0x46, 0x66, 0x66, 0x26, 0xc0, 0x33, 0x33, 0x33, 0x3f, 0x00, 0x00,
    0x20, 0x86, 0x44, 0x66, 0x66, 0x66, 0xbf, 0x48, 0xe1, 0x8a, 0x40, 0x00,
    0x00, 0x20, 0xda, 0x44, 0x00, 0x00, 0x00, 0x3f, 0x9a, 0x99, 0x19, 0x40,
    0x00, 0x00, 0x00, 0x76, 0x43, 0xcd, 0xcc, 0x4c, 0xbf, 0xcd, 0xcc, 0x7c,
    0x40, 0x00, 0x00, 0x00, 0xc2, 0x43, 0xcd, 0xcc, 0x4c, 0x3f, 0xa4, 0x70,
    0x85, 0x40, 0x33, 0x33, 0xd3, 0xc0, 0x01, 0x00, 0x00, 0xd2, 0x42, 0x00,
    0x00, 0x08, 0x41, 0x33, 0x33, 0x33, 0x3f, 0x00, 0x00, 0xe0, 0xe6, 0x44,
    0x66, 0x66, 0xc6, 0x40, 0x1f, 0x85, 0xcb, 0x3f, 0x00, 0x00, 0x00, 0x68,
    0x42, 0x66, 0x66, 0x96, 0xc0, 0x48, 0xe1, 0xfa, 0x3e, 0x00, 0x00, 0x20,
    0x3a, 0x45, 0x33, 0x33, 0x93, 0xc0, 0xd7, 0xa3, 0x30, 0x3f, 0x00, 0x00,
    0xd0, 0x01, 0x45, 0x33, 0x33, 0x13, 0x40, 0xa4, 0x70, 0x0d, 0x40, 0x02,
    0x00, 0x40, 0x1c, 0x46, 0x9a, 0x99, 0xb9, 0xc0, 0x33, 0x33, 0x33, 0x3f,
    0x00, 0x00, 0x00, 0x82, 0x45, 0x33, 0x33, 0xb3, 0x3f, 0x29, 0x5c, 0xaf,
    0x40, 0x00, 0x00, 0x00, 0x2d, 0x44, 0x9a, 0x99, 0x99, 0x3f, 0x00, 0x00,
    0xb8, 0x40, 0x00, 0x00, 0x00, 0x93, 0x43, 0x9a, 0x99, 0x99, 0xbe, 0x5c,
    0x8f, 0x02, 0x40, 0x00, 0x00, 0x60, 0x42, 0x45, 0x33, 0x33, 0x33, 0xbf,
    0xe1, 0x7a, 0x8c, 0x40, 0xcd, 0xcc, 0xcc, 0xc0, 0x01, 0x00, 0x00, 0xd2,
    0x42, 0x33, 0x33, 0xd3, 0x40, 0x33, 0x33, 0x33, 0x3f, 0x00, 0x00, 0xf0,
    0x0b, 0x45, 0xcd, 0xcc, 0xbc, 0x40, 0xec, 0x51, 0xb8, 0x3f, 0x00, 0x00,
    0x60, 0xa1, 0x45, 0x66, 0x66, 0x06, 0xc1, 0x3d, 0x0a, 0x07, 0x40, 0x00,
    0x00, 0x00, 0xb4, 0x42, 0x9a, 0x99, 0x19, 0xc0, 0x66, 0x66, 0x26, 0x3f,
    0x00, 0x00, 0x20, 0x84, 0x44, 0x66, 0x66, 0xa6, 0xbf, 0x71, 0x3d, 0xca,
    0x3f, 0x02, 0x00, 0x40, 0x1c, 0x46, 0x66, 0x66, 0xa6, 0xc0, 0x33, 0x33,
    0x33, 0x3f, 0x00, 0x00, 0x48, 0xe3, 0x45, 0x33, 0x33, 0x13, 0x40, 0xc3,
    0xf5, 0xa0, 0x40, 0x00, 0x00, 0x00, 0xb0, 0x43, 0xcd, 0xcc, 0x4c, 0x3f,
    0x1f, 0x85, 0x0b, 0x40, 0x00, 0x00, 0x00, 0x56, 0x43, 0xcd, 0xcc, 0xcc,
    0xbe, 0xcd, 0xcc, 0x1c, 0x40, 0x00, 0x00, 0x00, 0x6b, 0x43, 0xcd, 0xcc,
    0xcc, 0xbe, 0xd7, 0xa3, 0x40, 0x40, 0x33, 0x33, 0xd3, 0xc0, 0x01, 0x00,
    0x00, 0xd2, 0x42, 0x00, 0x00, 0xa0, 0x41, 0x33, 0x33, 0x33, 0x3f, 0x00,
    0x00, 0x00, 0x2c, 0x42, 0x00, 0x00, 0x94, 0xc1, 0x8f, 0xc2, 0x75, 0x3e,
    0x00, 0x00, 0xe0, 0xb6, 0x44, 0x9a, 0x99, 0x11, 0x41, 0x1f, 0x85, 0x2b,
    0x3f, 0x00, 0x00, 0x00, 0xa2, 0x45, 0x00, 0x00, 0xa0, 0xc1, 0x29, 0x5c,
    0x4f, 0x3f, 0x00, 0x00, 0xa8, 0xe1, 0x45, 0xcd, 0xcc, 0x98, 0x41, 0x66,
    0x66, 0x66, 0x3f, 0x02, 0x00, 0x40, 0x1c, 0x46, 0x66, 0x66, 0x66, 0x40,
    0x33, 0x33, 0x33, 0x3f, 0x00, 0x00, 0xd0, 0x22, 0x45, 0x33, 0x33, 0x13,
    0xc0, 0xc3, 0xf5, 0x78, 0x40, 0x00, 0x00, 0x30, 0x00, 0x45, 0x00, 0x00,
    0x20, 0x40, 0xc3, 0xf5, 0xa8, 0x40, 0x00, 0x00, 0x20, 0xf8, 0x45, 0x00,
    0x00, 0x00, 0xc0, 0xe1, 0x7a, 0xb4, 0x40, 0x00, 0x00, 0x00, 0x70, 0x43,
    0x33, 0x33, 0x33, 0xbf, 0xb8, 0x1e, 0x35, 0x40, 0xcd, 0xcc, 0xcc, 0xc0,
    0x01, 0x00, 0x00, 0xd2, 0x42, 0xcd, 0xcc, 0xdc, 0x40, 0x33, 0x33, 0x33,
    0x3f, 0x00, 0x00, 0x00, 0xc6, 0x42, 0x66, 0x66, 0x26, 0xc0, 0x7b, 0x14,
    0xae, 0x3e, 0x00, 0x00, 0x80, 0xeb, 0x44, 0x33, 0x33, 0x83, 0x40, 0x1f,
    0x85, 0x1b, 0x40, 0x00, 0x00, 0x90, 0x3b, 0x45, 0x66, 0x66, 0x06, 0xc0,
    0x3d, 0x0a, 0x27, 0x40, 0x00, 0x00, 0x00, 0x44, 0x42, 0x33, 0x33, 0xf3,
    0x3f, 0xae, 0x47, 0x31, 0x40, 0x02, 0x00, 0x40, 0x1c, 0x46, 0xcd, 0xcc,
    0x2c, 0xc0, 0x33, 0x33, 0x33, 0x3f, 0x00, 0x00, 0x08, 0xa4, 0x45, 0x00,
    0x00, 0x60, 0x40, 0xd7, 0xa3, 0xb0, 0x40, 0x00, 0x00, 0x40, 0x75, 0x44,
    0x66, 0x66, 0xa6, 0xbf, 0xec, 0x51, 0x48, 0x40, 0x00, 0x00, 0x00, 0x1b,
    0x44, 0x33, 0x33, 0xf3, 0x3f, 0x00, 0x00, 0xc0, 0x40, 0x00, 0x00, 0x90,
    0xcb, 0x45, 0x00, 0x00, 0x00, 0xc0, 0x00, 0x00, 0xc0, 0x40, 0x00, 0x00,
    0xd0, 0xc0, 0x01, 0x00, 0x00, 0xd2, 0x42, 0x00, 0x00, 0xd0, 0x40, 0x33,
    0x33, 0x33, 0x3f, 0x00, 0x00, 0x00, 0xdc, 0x42, 0x33, 0x33, 0x33, 0xc0,
    0x71, 0x3d, 0x8a, 0x3e, 0x00, 0x00, 0x20, 0xfb, 0x44, 0x9a, 0x99, 0xa9,
    0x40, 0xa4, 0x70, 0x2d, 0x40, 0x00, 0x00, 0x68, 0x93, 0x45, 0x33, 0x33,
    0x53, 0x40, 0x85, 0xeb, 0xb9, 0x40, 0x00, 0x00, 0x00, 0x04, 0x42, 0x9a,
    0x99, 0xd9, 0x3f, 0x29, 0x5c, 0x6f, 0x40, 0x02, 0x00, 0x40, 0x1c, 0x46,
    0x33, 0x33, 0x53, 0xc0, 0x33, 0x33, 0x33, 0x3f, 0x00, 0x00, 0x40, 0x66,
    0x44, 0x33, 0x33, 0xb3, 0xbf, 0x66, 0x66, 0x76, 0x40, 0x00, 0x00, 0xc0,
    0x09, 0x44, 0x66, 0x66, 0xe6, 0x3f, 0x48, 0xe1, 0xb2, 0x40, 0x00, 0x00,
    0x00, 0x05, 0x43, 0x00, 0x00, 0x00, 0x3f, 0xd7, 0xa3, 0xf0, 0x3f, 0x00,
    0x00, 0x00, 0x8e, 0x42, 0x33, 0x33, 0x33, 0xbf, 0x14, 0xae, 0x37, 0x40,
    0x00, 0x00, 0xc0, 0xc0, 0x01, 0x00, 0x00, 0xd2, 0x42, 0x66, 0x66, 0xd6,
    0x40, 0x33, 0x33, 0x33, 0x3f, 0x00, 0x00, 0x00, 0xf6, 0x44, 0x33, 0x33,
    0xa3, 0x40, 0x14, 0xae, 0x17, 0x40, 0x00, 0x00, 0x40, 0x57, 0x44, 0x33,
    0x33, 0x13, 0xc0, 0x7b, 0x14, 0xee, 0x3f, 0x00, 0x00, 0x00, 0xca, 0x42,
    0x9a, 0x99, 0x19, 0xc0, 0x0a, 0xd7, 0xa3, 0x3e, 0x00, 0x00, 0x60, 0xca,
    0x44, 0xcd, 0xcc, 0x8c, 0x3f, 0x85, 0xeb, 0x61, 0x40, 0x02, 0x00, 0x40,
    0x1c, 0x46, 0x66, 0x66, 0x26, 0xc0, 0x33, 0x33, 0x33, 0x3f, 0x00, 0x00,
    0x00, 0x0a, 0x43, 0x33, 0x33, 0x33, 0x3f, 0xa4, 0x70, 0xfd, 0x3f, 0x00,
    0x00, 0x00, 0x80, 0x42, 0x33, 0x33, 0x33, 0xbf, 0x9a, 0x99, 0xf9, 0x3f,
    0x00, 0x00, 0x00, 0x7b, 0x43, 0xcd, 0xcc, 0xcc, 0xbe, 0xb8, 0x1e, 0x15,
    0x40, 0x00, 0x00, 0x00, 0xe8, 0x41, 0x00, 0x00, 0x00, 0x3f, 0xec, 0x51,
    0x28, 0x40, 0xcd, 0xcc, 0xcc, 0xc0, 0x01, 0x00, 0x00, 0xd2, 0x42, 0x66,
    0x66, 0xe6, 0x40, 0x33, 0x33, 0x33, 0x3f, 0x00, 0x00, 0x00, 0xb0, 0x42,
    0xcd, 0xcc, 0x2c, 0xc0, 0x14, 0xae, 0xc7, 0x3e, 0x00, 0x00, 0x60, 0xe1,
    0x44, 0xcd, 0xcc, 0x6c, 0x40, 0x29, 0x5c, 0x2f, 0x40, 0x00, 0x00, 0x00,
    0x7d, 0x44, 0x33, 0x33, 0x13, 0xc0, 0x7b, 0x14, 0x2e, 0x40, 0x00, 0x00,
    0x98, 0xa3, 0x45, 0x66, 0x66, 0x66, 0x40, 0xf6, 0x28, 0xac, 0x40, 0x02,
    0x00, 0x40, 0x1c, 0x46, 0x33, 0x33, 0xc3, 0xc0, 0x33, 0x33, 0x33, 0x3f,
    0x00, 0x00, 0x14, 0x14, 0x46, 0x9a, 0x99, 0x79, 0x40, 0x7b, 0x14, 0x0e,
    0x40, 0x00, 0x00, 0xd0, 0x3a, 0x45, 0x33, 0x33, 0xf3, 0xbf, 0xc3, 0xf5,
    0x78, 0x40, 0x00, 0x00, 0x00, 0xf2, 0x42, 0x9a, 0x99, 0x19, 0x3f, 0xd7,
    0xa3, 0x00, 0x40, 0x00, 0x00, 0x00, 0x8c, 0x42, 0x33, 0x33, 0x33, 0xbf,
    0xe1, 0x7a, 0x34, 0x40, 0x33, 0x33, 0xc3, 0xc0, 0x01, 0x00, 0x00, 0xd2,
    0x42, 0x9a, 0x99, 0xa9, 0x40, 0x33, 0x33, 0x33, 0x3f, 0x00, 0x00, 0xc0,
    0xfa, 0x44, 0x33, 0x33, 0xe3, 0x40, 0x14, 0xae, 0xe7, 0x3f, 0x00, 0x00,
    0xa0, 0x71, 0x45, 0x33, 0x33, 0x93, 0xc0, 0xcd, 0xcc, 0xcc, 0x3f, 0x00,
    0x00, 0x00, 0x23, 0x43, 0x33, 0x33, 0xf3, 0xbf, 0x8f, 0xc2, 0x75, 0x3e,
    0x00, 0x00, 0x54, 0x0d, 0x46, 0xcd, 0xcc, 0x8c, 0x3f, 0x00, 0x00, 0x00,
    0x40, 0x02, 0x00, 0x40, 0x1c, 0x46, 0x9a, 0x99, 0xd9, 0xbf, 0x33, 0x33,
    0x33, 0x3f, 0x00, 0x00, 0xc0, 0x62, 0x44, 0xcd, 0xcc, 0x4c, 0xbf, 0x29,
    0x5c, 0x1f, 0x40, 0x00, 0x00, 0x80, 0x1d, 0x44, 0x00, 0x00, 0xc0, 0x3f,
    0x00, 0x00, 0xb8, 0x40, 0x00, 0x00, 0x00, 0x58, 0x43, 0x33, 0x33, 0x33,
    0xbf, 0x7b, 0x14, 0x3e, 0x40, 0x00, 0x00, 0x80, 0x98, 0x43, 0x66, 0x66,
    0x66, 0x3f, 0x33, 0x33, 0x83, 0x40, 0x66, 0x66, 0xc6, 0xc0, 0x01, 0x00,
    0x00, 0xd2, 0x42, 0x9a, 0x99, 0xc9, 0x40, 0x33, 0x33, 0x33, 0x3f, 0x00,
    0x00, 0x00, 0x5a, 0x43, 0x00, 0x00, 0x20, 0xc0, 0xec, 0x51, 0x38, 0x3e,
    0x00, 0x00, 0x80, 0xc8, 0x45, 0x9a, 0x99, 0x39, 0x40, 0x48, 0xe1, 0xfa,
    0x3e, 0x00, 0x00, 0x20, 0x08, 0x45, 0x33, 0x33, 0x13, 0x40, 0x3d, 0x0a,
    0x27, 0x40, 0x00, 0x00, 0xf0, 0xa7, 0x45, 0xcd, 0xcc, 0xac, 0xc0, 0xcd,
    0xcc, 0x94, 0x40, 0x02, 0x00, 0x40, 0x1c, 0x46, 0xcd, 0xcc, 0x4c, 0xc0,
    0x33, 0x33, 0x33, 0x3f, 0x00, 0x00, 0xc0, 0x09, 0x44, 0xcd, 0xcc, 0xcc,
    0x3f, 0x14, 0xae, 0x27, 0x40, 0x00, 0x00, 0x00, 0xa8, 0x42, 0x33, 0x33,
    0xb3, 0xbf, 0x8f, 0xc2, 0x05, 0x40, 0x00, 0x00, 0xe0, 0x9c, 0x44, 0xcd,
    0xcc, 0xcc, 0xbf, 0x71, 0x3d, 0x8a, 0x40, 0x00, 0x00, 0x00, 0x04, 0x42,
    0xcd, 0xcc, 0x8c, 0x3f, 0x8f, 0xc2, 0x35, 0x40, 0x9a, 0x99, 0x89, 0xc0,
    0x01, 0x00, 0x00, 0xd2, 0x42, 0x9a, 0x99, 0x89, 0x40, 0x33, 0x33, 0x33,
    0x3f, 0x00, 0x00, 0x20, 0x02, 0x45, 0x66, 0x66, 0xd6, 0x40, 0x48, 0xe1,
    0xda, 0x3f, 0x00, 0x00, 0x00, 0xab, 0x44, 0xcd, 0xcc, 0x2c, 0xc0, 0x1f,
    0x85, 0xeb, 0x3e, 0x00, 0x00, 0x78, 0x95, 0x45, 0xcd, 0xcc, 0xbc, 0xc0,
    0xcd, 0xcc, 0x1c, 0x40, 0x00, 0x00, 0x50, 0xd1, 0x45, 0x66, 0x66, 0x96,
    0x40, 0x48, 0xe1, 0xfa, 0x3f, 0x02, 0x00, 0x40, 0x1c, 0x46, 0x9a, 0x99,
    0x59, 0xc0, 0x33, 0x33, 0x33, 0x3f, 0x00, 0x00, 0x00, 0x39, 0x43, 0x66,
    0x66, 0x66, 0xbf, 0x9a, 0x99, 0x59, 0x3f, 0x00, 0x00, 0x80, 0x2e, 0x44,
    0xcd, 0xcc, 0x4c, 0x3f, 0x52, 0xb8, 0x5e, 0x3f, 0x00, 0x00, 0x60, 0x80,
    0x44, 0x00, 0x00, 0x80, 0xbf, 0x71, 0x3d, 0x0a, 0x40, 0x00, 0x00, 0x00,
    0x8e, 0x42, 0xcd, 0xcc, 0xcc, 0xbe, 0x71, 0x3d, 0xea, 0x3f, 0x9a, 0x99,
    0xb9, 0xc0, 0x01, 0x00, 0x00, 0xd2, 0x42, 0x00, 0x00, 0xa0, 0x40, 0x33,
    0x33, 0x33, 0x3f, 0x00, 0x00, 0x80, 0x84, 0x43, 0x9a, 0x99, 0xd9, 0xbf,
    0xf6, 0x28, 0xdc, 0x3e, 0x00, 0x00, 0x00, 0xd8, 0x44, 0x9a, 0x99, 0xc9,
    0x40, 0xe1, 0x7a, 0xd4, 0x3f, 0x00, 0x00, 0x30, 0x7a, 0x45, 0x00, 0x00,
    0xb0, 0xc0, 0x14, 0xae, 0x57, 0x40, 0x00, 0x00, 0x00, 0x63, 0x44, 0x33,
    0x33, 0xf3, 0xbf, 0x5c, 0x8f, 0x02, 0x40, 0x02, 0x00, 0x40, 0x1c, 0x46,
    0x33, 0x33, 0xf3, 0xbf, 0x33, 0x33, 0x33, 0x3f, 0x00, 0x00, 0x60, 0x34,
    0x45, 0x00, 0x00, 0xc0, 0xbf, 0xae, 0x47, 0x89, 0x40, 0x00, 0x00, 0x48,
    0xaa, 0x45, 0x9a, 0x99, 0xd9, 0x3f, 0x14, 0xae, 0xbf, 0x40, 0x00, 0x00,
    0x00, 0x7c, 0x42, 0x9a, 0x99, 0x99, 0xbe, 0x48, 0xe1, 0xfa, 0x3f, 0x00,
    0x00, 0xa0, 0x09, 0x45, 0x66, 0x66, 0x66, 0x3f, 0xae, 0x47, 0xa1, 0x40,
    0x00, 0x00, 0xa0, 0xc0, 0x01, 0x00, 0x00, 0xd2, 0x42, 0x66, 0x66, 0xa6,
    0x40, 0x33, 0x33, 0x33, 0x3f, 0x00, 0x00, 0x00, 0xaa, 0x43, 0x00, 0x00,
    0xc0, 0xbf, 0xec, 0x51, 0x38, 0x3e, 0x00, 0x00, 0xc0, 0xed, 0x44, 0x9a,
    0x99, 0xd9, 0x40, 0xcd, 0xcc, 0xcc, 0x3f, 0x00, 0x00, 0xe0, 0x58, 0x45,
    0xcd, 0xcc, 0x6c, 0xc0, 0x66, 0x66, 0x86, 0x3f, 0x00, 0x00, 0x68, 0x0e,
    0x46, 0x9a, 0x99, 0x59, 0x40, 0xe1, 0x7a, 0x04, 0x40, 0x02, 0x00, 0x40,
    0x1c, 0x46, 0x33, 0x33, 0x53, 0xc0, 0x33, 0x33, 0x33, 0x3f, 0x00, 0x00,
    0x80, 0x72, 0x44, 0x00, 0x00, 0x80, 0xbf, 0x5c, 0x8f, 0x8a, 0x40, 0x00,
    0x00, 0x00, 0x78, 0x42, 0xcd, 0xcc, 0xcc, 0xbe, 0x14, 0xae, 0xe7, 0x3f,
    0x00, 0x00, 0x00, 0xee, 0x42, 0x9a, 0x99, 0x99, 0x3e, 0x85, 0xeb, 0xd1,
    0x3f, 0x00, 0x00, 0x40, 0xad, 0x44, 0x9a, 0x99, 0x19, 0x3f, 0x29, 0x5c,
    0x6f, 0x40, 0x9a, 0x99, 0xc9, 0xc0, 0x01, 0x00, 0x00, 0xd2, 0x42, 0x00,
    0x00, 0xd0, 0x40, 0x33, 0x33, 0x33, 0x3f, 0x00, 0x00, 0xb8, 0xb4, 0x45,
    0x33, 0x33, 0x3b, 0x41, 0xf6, 0x28, 0x1c, 0x3f, 0x00, 0x00, 0xf0, 0x52,
    0x45, 0xcd, 0xcc, 0x7c, 0xc1, 0x14, 0xae, 0x07, 0x3f, 0x00, 0x00, 0x00,
    0xc8, 0x42, 0xcd, 0xcc, 0x2c, 0xc0, 0x7b, 0x14, 0x2e, 0x3f, 0x00, 0x00,
    0xc0, 0xfe, 0x44, 0x33, 0x33, 0x2b, 0x41, 0xc3, 0xf5, 0x88, 0x3f, 0x02,
    0x00, 0x40, 0x1c, 0x46, 0xcd, 0xcc, 0xcc, 0xbe, 0x33, 0x33, 0x33, 0x3f,
    0x00, 0x00, 0x08, 0xa9, 0x45, 0xcd, 0xcc, 0xcc, 0x3f, 0x00, 0x00, 0xc0,
    0x40, 0x00, 0x00, 0xf0, 0xc7, 0x45, 0x66, 0x66, 0xa6, 0xbf, 0xd7, 0xa3,
    0xb0, 0x40, 0x00, 0x00, 0x00, 0x60, 0x43, 0x00, 0x00, 0x00, 0xbf, 0xb8,
    0x1e, 0x25, 0x40, 0x00, 0x00, 0x00, 0x15, 0x43, 0x9a, 0x99, 0x99, 0x3e,
    0x48, 0xe1, 0x0a, 0x40, 0x00, 0x00, 0xc0, 0xc0, 0x01, 0x00, 0x00, 0xd2,
    0x42, 0x9a, 0x99, 0xc9, 0x40, 0x33, 0x33, 0x33, 0x3f, 0x00, 0x00, 0xe0,
    0xdd, 0x44, 0x00, 0x00, 0x20, 0x41, 0x1f, 0x85, 0x8b, 0x3f, 0x00, 0x00,
    0x80, 0x51, 0x45, 0x33, 0x33, 0xd3, 0xc0, 0x85, 0xeb, 0xd1, 0x3e, 0x00,
    0x00, 0x00, 0x16, 0x43, 0xcd, 0xcc, 0x8c, 0xbf, 0x29, 0x5c, 0x8f, 0x3e,
    0x00, 0x00, 0xf0, 0x27, 0x45, 0x33, 0x33, 0xa3, 0x40, 0xe1, 0x7a, 0x74,
    0x40, 0x02, 0x00, 0x40, 0x1c, 0x46, 0x66, 0x66, 0xf6, 0xc0, 0x33, 0x33,
    0x33, 0x3f, 0x00, 0x00, 0xb8, 0xb9, 0x45, 0x00, 0x00, 0x40, 0x40, 0x00,
    0x00, 0xc0, 0x40, 0x00, 0x00, 0x14, 0x0f, 0x46, 0x33, 0x33, 0xf3, 0x3f,
    0x29, 0x5c, 0x0f, 0x40, 0x00, 0x00, 0xa0, 0x58, 0x45, 0x9a, 0x99, 0x99,
    0xbf, 0x48, 0xe1, 0xb2, 0x40, 0x00, 0x00, 0x00, 0x9c, 0x42, 0x00, 0x00,
    0x00, 0xbf, 0x1f, 0x85, 0x4b, 0x40, 0x33, 0x33, 0xc3, 0xc0, 0x01, 0x00,
    0x00, 0xd2, 0x42, 0x66, 0x66, 0xd6, 0x40, 0x33, 0x33, 0x33, 0x3f, 0x00,
    0x00, 0x00, 0xe6, 0x42, 0xcd, 0xcc, 0x0c, 0xc0, 0xe1, 0x7a, 0x94, 0x3e,
    0x00, 0x00, 0xa0, 0xeb, 0x44, 0xcd, 0xcc, 0x4c, 0x40, 0x85, 0xeb, 0xf1,
    0x3f, 0x00, 0x00, 0x78, 0x89, 0x45, 0x33, 0x33, 0x13, 0xc0, 0x85, 0xeb,
    0x99, 0x40, 0x00, 0x00, 0x10, 0x41, 0x45, 0xcd, 0xcc, 0x2c, 0xc0, 0x71,
    0x3d, 0x9a, 0x40, 0x02, 0x00, 0x40, 0x1c, 0x46, 0x33, 0x33, 0x73, 0xc0,
    0x33, 0x33, 0x33, 0x3f, 0x00, 0x00, 0x98, 0x0f, 0x46, 0xcd, 0xcc, 0x0c,
    0x40, 0x48, 0xe1, 0x0a, 0x40, 0x00, 0x00, 0xc8, 0xb3, 0x45, 0x33, 0x33,
    0x13, 0x40, 0x00, 0x00, 0xc0, 0x40, 0x00, 0x00, 0x00, 0x98, 0x42, 0x33,
    0x33, 0x33, 0xbf, 0x00, 0x00, 0x40, 0x40, 0x00, 0x00, 0x00, 0x0b, 0x43,
    0x00, 0x00, 0x00, 0x3f, 0x5c, 0x8f, 0x02, 0x40, 0x66, 0x66, 0xa6, 0xc0,
    0x01, 0x00, 0x00, 0xd2, 0x42, 0x9a, 0x99, 0xa9, 0x40, 0x33, 0x33, 0x33,
    0x3f, 0x00, 0x00, 0xc0, 0x94, 0x44, 0x9a, 0x99, 0x99, 0xc0, 0x1f, 0x85,
    0xcb, 0x3f, 0x00, 0x00, 0x50, 0x04, 0x45, 0x33, 0x33, 0x33, 0x40, 0x48,
    0xe1, 0xda, 0x3f, 0x00, 0x00, 0x00, 0x65, 0x43, 0x33, 0x33, 0xb3, 0xbf,
    0xa4, 0x70, 0x3d, 0x3f, 0x00, 0x00, 0x38, 0xfa, 0x45, 0xcd, 0xcc, 0x2c,
    0x40, 0x7b, 0x14, 0xae, 0x3f, 0x02, 0x00, 0x40, 0x1c, 0x46, 0x9a, 0x99,
    0x99, 0xc0, 0x33, 0x33, 0x33, 0x3f, 0x00, 0x00, 0xe0, 0x84, 0x45, 0xcd,
    0xcc, 0x0c, 0x40, 0x9a, 0x99, 0x59, 0x40, 0x00, 0x00, 0x00, 0x3f, 0x45,
    0x66, 0x66, 0x66, 0xbf, 0x3d, 0x0a, 0x67, 0x40, 0x00, 0x00, 0xc0, 0x09,
    0x44, 0x66, 0x66, 0x66, 0x3f, 0xd7, 0xa3, 0x88, 0x40, 0x00, 0x00, 0x40,
    0xaa, 0x45, 0xcd, 0xcc, 0x8c, 0xbf, 0x7b, 0x14, 0x9e, 0x40, 0x33, 0x33,
    0xd3, 0xc0, 0x01, 0x00, 0x00, 0xd2, 0x42, 0x66, 0x66, 0x0e, 0x41, 0x33,
    0x33, 0x33, 0x3f, 0x00, 0x00, 0x00, 0x60, 0x42, 0x00, 0x00, 0x90, 0xc0,
    0xcd, 0xcc, 0xcc, 0x3e, 0x00, 0x00, 0xc0, 0x72, 0x44, 0x66, 0x66, 0xe6,
    0xbf, 0x29, 0x5c, 0xcf, 0x3f, 0x00, 0x00, 0x30, 0x04, 0x45, 0x66, 0x66,
    0x06, 0x40, 0xa4, 0x70, 0x0d, 0x40, 0x00, 0x00, 0x38, 0x01, 0x46, 0x33,
    0x33, 0xb3, 0x3f, 0x8f, 0xc2, 0x75, 0x3f, 0x02, 0x00, 0x40, 0x1c, 0x46,
    0x66, 0x66, 0x46, 0xc0, 0x33, 0x33, 0x33, 0x3f, 0x00, 0x00, 0x00, 0x76,
    0x43, 0x9a, 0x99, 0x19, 0xbf, 0x48, 0xe1, 0x9a, 0x3f, 0x00, 0x00, 0x00,
    0x00, 0x43, 0x33, 0x33, 0x33, 0x3f, 0xec, 0x51, 0xb8, 0x3f, 0x00, 0x00,
    0x00, 0x6c, 0x42, 0x9a, 0x99, 0x19, 0xbf, 0xd7, 0xa3, 0x10, 0x40, 0x00,
    0x00, 0x00, 0x0c, 0x42, 0xcd, 0xcc, 0x4c, 0x3e, 0x14, 0xae, 0xc7, 0x3f,
    0x66, 0x66, 0xa6, 0xc0, 0x01, 0x00, 0x00, 0xd2, 0x42, 0xcd, 0xcc, 0xac,
    0x40, 0x33, 0x33, 0x33, 0x3f, 0x00, 0x00, 0x40, 0xf8, 0x44, 0x9a, 0x99,
    0xd9, 0x40, 0x00, 0x00, 0x00, 0x40, 0x00, 0x00, 0x30, 0x65, 0x45, 0x33,
    0x33, 0x73, 0xc0, 0xcd, 0xcc, 0x8c, 0x3f, 0x00, 0x00, 0x00, 0x50, 0x43,
    0x00, 0x00, 0xc0, 0xbf, 0xec, 0x51, 0x38, 0x3e, 0x00, 0x00, 0xa8, 0xba,
    0x45, 0xcd, 0xcc, 0x8c, 0x40, 0xc3, 0xf5, 0x88, 0x40, 0x02, 0x00, 0x40,
    0x1c, 0x46, 0x33, 0x33, 0x33, 0xc0, 0x33, 0x33, 0x33, 0x3f, 0x00, 0x00,
    0xa0, 0x0f, 0x46, 0x33, 0x33, 0x33, 0x40, 0x33, 0x33, 0x23, 0x40, 0x00,
    0x00, 0xc0, 0x46, 0x44, 0x00, 0x00, 0x80, 0xbf, 0x29, 0x5c, 0x1f, 0x40,
    0x00, 0x00, 0x80, 0xe8, 0x43, 0x9a, 0x99, 0x99, 0x3f, 0xa4, 0x70, 0x2d,
    0x40, 0x00, 0x00, 0x00, 0x8e, 0x42, 0xcd, 0xcc, 0xcc, 0xbe, 0x9a, 0x99,
    0xd9, 0x3f, 0x9a, 0x99, 0xc9, 0xc0, 0x01, 0x00, 0x00, 0xd2, 0x42, 0xcd,
    0xcc, 0x2c, 0x40, 0x33, 0x33, 0x33, 0x3f, 0x00, 0x00, 0x50, 0x72, 0x45,
    0x9a, 0x99, 0xc9, 0x40, 0xae, 0x47, 0x11, 0x40, 0x00, 0x00, 0x60, 0xa4,
    0x44, 0x9a, 0x99, 0x79, 0xc0, 0x85, 0xeb, 0x21, 0x40, 0x00, 0x00, 0x00,
    0x97, 0x43, 0x33, 0x33, 0x83, 0xc0, 0x1f, 0x85, 0x6b, 0x40, 0x00, 0x00,
    0x00, 0xdc, 0x42, 0x00, 0x00, 0x40, 0xc0, 0xa4, 0x70, 0x3d, 0x3f, 0x02,
    0x00, 0x40, 0x1c, 0x46, 0xcd, 0xcc, 0x2c, 0xc0, 0x33, 0x33, 0x33, 0x3f,
    0x00, 0x00, 0xf4, 0x12, 0x46, 0x66, 0x66, 0x86, 0x40, 0xcd, 0xcc, 0x3c,
    0x40, 0x00, 0x00, 0x40, 0x09, 0x44, 0x33, 0x33, 0x73, 0x40, 0x29, 0x5c,
    0x1f, 0x40, 0x00, 0x00, 0x00, 0xb5, 0x43, 0x9a, 0x99, 0xd9, 0xbf, 0x33,
    0x33, 0x83, 0x40, 0x00, 0x00, 0xc0, 0x7d, 0x44, 0xcd, 0xcc, 0xcc, 0xbf,
    0x48, 0xe1, 0x9a, 0x40, 0xcd, 0xcc, 0xbc, 0xc0, 0x01, 0x00, 0x00, 0xd2,
    0x42, 0xcd, 0xcc, 0x4c, 0x40, 0x33, 0x33, 0x33, 0x3f, 0x00, 0x00, 0x80,
    0xd2, 0x43, 0xcd, 0xcc, 0x8c, 0xc0, 0xec, 0x51, 0x38, 0x3e, 0x00, 0x00,
    0xa0, 0xed, 0x45, 0x9a, 0x99, 0xa9, 0x40, 0x71, 0x3d, 0xaa, 0x3f, 0x00,
    0x00, 0xd0, 0x60, 0x45, 0x33, 0x33, 0xc3, 0x40, 0xae, 0x47, 0xe1, 0x3f,
    0x00, 0x00, 0x60, 0xd7, 0x44, 0x9a, 0x99, 0xe9, 0x40, 0x48, 0xe1, 0x2a,
    0x40, 0x02, 0x00, 0x40, 0x1c, 0x46, 0x33, 0x33, 0x73, 0xc0, 0x33, 0x33,
    0x33, 0x3f, 0x00, 0x00, 0x80, 0x64, 0x44, 0x9a, 0x99, 0x99, 0xbf, 0x3d,
    0x0a, 0x37, 0x40, 0x00, 0x00, 0xc0, 0x0b, 0x44, 0xcd, 0xcc, 0x8c, 0x3f,
    0x48, 0xe1, 0x1a, 0x40, 0x00, 0x00, 0x00, 0x4f, 0x43, 0x33, 0x33, 0x33,
    0xbf, 0x48, 0xe1, 0x7a, 0x40, 0x00, 0x00, 0x78, 0xa3, 0x45, 0x33, 0x33,
    0x33, 0xbf, 0x00, 0x00, 0xc0, 0x40, 0x33, 0x33, 0xd3, 0xc0, 0x01, 0x00,
    0x00, 0xd2, 0x42, 0x33, 0x33, 0x03, 0x41, 0x33, 0x33, 0x33, 0x3f, 0x00,
    0x00, 0x00, 0xe0, 0x42, 0xcd, 0xcc, 0xdc, 0xc0, 0xec, 0x51, 0xb8, 0x3e,
    0x00, 0x00, 0xc0, 0xb2, 0x44, 0x66, 0x66, 0x86, 0x40, 0xb8, 0x1e, 0xa5,
    0x3f, 0x00, 0x00, 0x18, 0x12, 0x46, 0x9a, 0x99, 0x79, 0x40, 0xd7, 0xa3,
    0x00, 0x40, 0x00, 0x00, 0x90, 0x80, 0x45, 0xcd, 0xcc, 0x4c, 0x40, 0xcd,
    0xcc, 0xec, 0x3f, 0x02, 0x00, 0x40, 0x1c, 0x46, 0x33, 0x33, 0x33, 0xbf,
    0x33, 0x33, 0x33, 0x3f, 0x00, 0x00, 0x80, 0xfd, 0x43, 0x66, 0x66, 0x66,
    0x3f, 0xa4, 0x70, 0x4d, 0x40, 0x00, 0x00, 0x00, 0x7a, 0x43, 0x33, 0x33,
    0x33, 0xbf, 0x48, 0xe1, 0x0a, 0x40, 0x00, 0x00, 0x00, 0x09, 0x43, 0x9a,
    0x99, 0x19, 0x3f, 0xe1, 0x7a, 0x24, 0x40, 0x00, 0x00, 0x00, 0x3c, 0x42,
    0x00, 0x00, 0x00, 0xbf, 0x3d, 0x0a, 0x67, 0x40, 0x33, 0x33, 0xc3, 0xc0,
    0x01, 0x00, 0x00, 0xd2, 0x42, 0x66, 0x66, 0xc6, 0x40, 0x33, 0x33, 0x33,
    0x3f, 0x00, 0x00, 0x60, 0x92, 0x44, 0x66, 0x66, 0xb6, 0xc0, 0x14, 0xae,
    0xa7, 0x3f, 0x00, 0x00, 0x00, 0xce, 0x42, 0x66, 0x66, 0x46, 0xc0, 0x29,
    0x5c, 0xaf, 0x3f, 0x00, 0x00, 0xa8, 0xa5, 0x45, 0x66, 0x66, 0x96, 0x40,
    0x9a, 0x99, 0x81, 0x40, 0x00, 0x00, 0x20, 0x17, 0x45, 0x33, 0x33, 0x33,
    0x40, 0x5c, 0x8f, 0x82, 0x3f, 0x02, 0x00, 0x40, 0x1c, 0x46, 0x33, 0x33,
    0x73, 0xc0, 0x33, 0x33, 0x33, 0x3f, 0x00, 0x00, 0xc4, 0x06, 0x46, 0x9a,
    0x99, 0x79, 0x40, 0x33, 0x33, 0xf3, 0x3f, 0x00, 0x00, 0x80, 0xe6, 0x43,
    0x33, 0x33, 0xb3, 0x3f, 0x48, 0xe1, 0x2a, 0x40, 0x00, 0x00, 0xf0, 0xc9,
    0x45, 0x9a, 0x99, 0x19, 0xc0, 0x00, 0x00, 0xc0, 0x40, 0x00, 0x00, 0x40,
    0x36, 0x44, 0x00, 0x00, 0x80, 0xbf, 0x8f, 0xc2, 0x45, 0x40, 0x9a, 0x99,
    0xc9, 0xc0, 0x01, 0x00, 0x00, 0xd2, 0x42, 0x33, 0x33, 0xe3, 0x40, 0x33,
    0x33, 0x33, 0x3f, 0x00, 0x00, 0x00, 0xd0, 0x42, 0xcd, 0xcc, 0xbc, 0xc0,
    0x1f, 0x85, 0x6b, 0x3e, 0x00, 0x00, 0x40, 0x37, 0x44, 0x00, 0x00, 0x90,
    0x40, 0x1f, 0x85, 0x6b, 0x3f, 0x00, 0x00, 0x20, 0x87, 0x45, 0x66, 0x66,
    0xd6, 0x40, 0x14, 0xae, 0x37, 0x40, 0x00, 0x00, 0xf0, 0xbe, 0x45, 0x00,
    0x00, 0x40, 0xc0, 0xa4, 0x70, 0x4d, 0x40, 0x02, 0x00, 0x40, 0x1c, 0x46,
    0x33, 0x33, 0xb3, 0xc0, 0x33, 0x33, 0x33, 0x3f, 0x00, 0x00, 0x00, 0x24,
    0x42, 0xcd, 0xcc, 0xcc, 0xbe, 0x00, 0x00, 0x00, 0x40, 0x00, 0x00, 0x00,
    0x1f, 0x43, 0x00, 0x00, 0x00, 0x3f, 0xd7, 0xa3, 0x40, 0x40, 0x00, 0x00,
    0x00, 0x54, 0x43, 0x00, 0x00, 0x00, 0xbf, 0x71, 0x3d, 0x6a, 0x40, 0x00,
    0x00, 0x80, 0xf5, 0x44, 0x00, 0x00, 0x00, 0x3f, 0x5c, 0x8f, 0x8a, 0x40,
    0xcd, 0xcc, 0xcc, 0xc0, 0x01, 0x00, 0x00, 0xd2, 0x42, 0x33, 0x33, 0x83,
    0x40, 0x33, 0x33, 0x33, 0x3f, 0x00, 0x00, 0x00, 0x2a, 0x43, 0x00, 0x00,
    0xe0, 0xc0, 0x14, 0xae, 0x87, 0x3f, 0x00, 0x00, 0x80, 0x87, 0x43, 0xcd,
    0xcc, 0x6c, 0x40, 0xe1, 0x7a, 0x14, 0x3f, 0x00, 0x00, 0x40, 0x6f, 0x45,
    0xcd, 0xcc, 0xac, 0x40, 0x66, 0x66, 0x66, 0x40, 0x00, 0x00, 0x00, 0x64,
    0x42, 0x9a, 0x99, 0x99, 0xc0, 0xe1, 0x7a, 0x14, 0x3f, 0x02, 0x00, 0x40,
    0x1c, 0x46, 0x00, 0x00, 0xe0, 0xc0, 0x33, 0x33, 0x33, 0x3f, 0x00, 0x00,
    0xa8, 0xfc, 0x45, 0x00, 0x00, 0x40, 0xc0, 0x52, 0xb8, 0x7e, 0x40, 0x00,
    0x00, 0xa0, 0x14, 0x45, 0x33, 0x33, 0xf3, 0xbf, 0x85, 0xeb, 0x31, 0x40,
    0x00, 0x00, 0x40, 0x67, 0x45, 0x66, 0x66, 0xa6, 0x3f, 0xa4, 0x70, 0x2d,
    0x40, 0x00, 0x00, 0x60, 0x8c, 0x44, 0xcd, 0xcc, 0x8c, 0x3f, 0x5c, 0x8f,
    0x52, 0x40, 0x33, 0x33, 0xa3, 0xc0, 0x01, 0x00, 0x00, 0xd2, 0x42, 0x33,
    0x33, 0x83, 0xc0, 0x33, 0x33, 0x33, 0x3f, 0x00, 0x00, 0x00, 0x83, 0x43,
    0x66, 0x66, 0x3e, 0x41, 0x85, 0xeb, 0x11, 0x3f, 0x00, 0x00, 0xc0, 0x7b,
    0x44, 0x66, 0x66, 0xd6, 0xc0, 0xc3, 0xf5, 0xa8, 0x3e, 0x00, 0x00, 0x00,
    0x30, 0x43, 0x9a, 0x99, 0x29, 0xc1, 0x48, 0xe1, 0xba, 0x3f, 0x00, 0x00,
    0x10, 0x0b, 0x45, 0x33, 0x33, 0xd3, 0x40, 0x7b, 0x14, 0xae, 0x3f, 0x02,
    0x00, 0x40, 0x1c, 0x46, 0x33, 0x33, 0xf3, 0xbf, 0x33, 0x33, 0x33, 0x3f,
    0x00, 0x00, 0xf4, 0x0f, 0x46, 0x33, 0x33, 0xf3, 0x3f, 0x33, 0x33, 0xb3,
    0x3f, 0x00, 0x00, 0x00, 0x38, 0x42, 0x66, 0x66, 0xa6, 0xbf, 0x00, 0x00,
    0x10, 0x40, 0x00, 0x00, 0x80, 0x71, 0x45, 0x9a, 0x99, 0x19, 0xc0, 0x14,
    0xae, 0xb7, 0x40, 0x00, 0x00, 0x00, 0xa0, 0x42, 0x66, 0x66, 0xe6, 0x3f,
    0xd7, 0xa3, 0x88, 0x40, 0xcd, 0xcc, 0x6c, 0xc0, 0x01, 0x00, 0x00, 0xd2,
    0x42, 0x66, 0x66, 0x6e, 0xc1, 0x33, 0x33, 0x33, 0x3f, 0x00, 0x00, 0x00,
    0x2f, 0x44, 0x33, 0x33, 0xb3, 0x40, 0x14, 0xae, 0xc7, 0x3e, 0x00, 0x00,
    0x40, 0x98, 0x44, 0x9a, 0x99, 0x09, 0xc1, 0xae, 0x47, 0xa1, 0x3f, 0x00,
    0x00, 0x00, 0x1f, 0x43, 0x66, 0x66, 0xc6, 0xc0, 0x85, 0xeb, 0x51, 0x3f,
    0x00, 0x00, 0x00, 0x40, 0x42, 0x66, 0x66, 0x36, 0x41, 0xa4, 0x70, 0xbd,
    0x3e, 0x02, 0x00, 0x40, 0x1c, 0x46, 0x9a, 0x99, 0x99, 0xbe, 0x33, 0x33,
    0x33, 0x3f, 0x00, 0x00, 0x20, 0x80, 0x45, 0x66, 0x66, 0x46, 0xc0, 0x14,
    0xae, 0x97, 0x40, 0x00, 0x00, 0x60, 0x50, 0x45, 0x9a, 0x99, 0x39, 0x40,
    0x00, 0x00, 0xc0, 0x40, 0x00, 0x00, 0x20, 0x0c, 0x45, 0x9a, 0x99, 0x99,
    0x3f, 0x52, 0xb8, 0x96, 0x40, 0x00, 0x00, 0x88, 0xb8, 0x45, 0x33, 0x33,
    0xf3, 0xbf, 0x00, 0x00, 0xc0, 0x40, 0x66, 0x66, 0xd6, 0xc0, 0x01, 0x00,
    0x00, 0xd2, 0x42, 0x9a, 0x99, 0x19, 0x41, 0x33, 0x33, 0x33, 0x3f, 0x00,
    0x00, 0x00, 0xac, 0x42, 0xcd, 0xcc, 0x14, 0xc1, 0x5c, 0x8f, 0xc2, 0x3e,
    0x00, 0x00, 0x08, 0xf9, 0x45, 0x33, 0x33, 0xd3, 0x40, 0x14, 0xae, 0x87,
    0x3f, 0x00, 0x00, 0x80, 0xbe, 0x43, 0x9a, 0x99, 0x59, 0x40, 0x3d, 0x0a,
    0xb7, 0x3f, 0x00, 0x00, 0xc0, 0x5a, 0x44, 0x33, 0x33, 0xb3, 0xbf, 0x1f,
    0x85, 0x1b, 0x40, 0x02, 0x00, 0x40, 0x1c, 0x46, 0xcd, 0xcc, 0xac, 0x40,
    0x33, 0x33, 0x33, 0x3f, 0x00, 0x00, 0x60, 0x04, 0x45, 0x9a, 0x99, 0x39,
    0x40, 0xcd, 0xcc, 0x2c, 0x40, 0x00, 0x00, 0x30, 0x51, 0x45, 0x9a, 0x99,
    0x19, 0xc0, 0x48, 0xe1, 0x1a, 0x40, 0x00, 0x00, 0x6c, 0x06, 0x46, 0x33,
    0x33, 0x13, 0xc0, 0x85, 0xeb, 0x51, 0x40, 0x00, 0x00, 0xb0, 0x13, 0x45,
    0x9a, 0x99, 0x19, 0x3f, 0x52, 0xb8, 0x1e, 0x40, 0x66, 0x66, 0xc6, 0xc0,
    0x01, 0x00, 0x00, 0xd2, 0x42, 0x33, 0x33, 0xc3, 0x40, 0x33, 0x33, 0x33,
    0x3f, 0x00, 0x00, 0x00, 0x48, 0x43, 0x33, 0x33, 0x83, 0xc0, 0x5c, 0x8f,
    0x42, 0x3f, 0x00, 0x00, 0x00, 0xb4, 0x42, 0x9a, 0x99, 0x59, 0x40, 0x14,
    0xae, 0xe7, 0x3f, 0x00, 0x00, 0x00, 0x97, 0x44, 0xcd, 0xcc, 0x8c, 0x40,
    0x9a, 0x99, 0x09, 0x40, 0x00, 0x00, 0xc0, 0x2f, 0x44, 0x00, 0x00, 0x20,
    0xc0, 0x52, 0xb8, 0xde, 0x3f, 0x02, 0x00, 0x40, 0x1c, 0x46, 0xcd, 0xcc,
    0x2c, 0x40, 0x33, 0x33, 0x33, 0x3f, 0x00, 0x00, 0x60, 0x26, 0x45, 0xcd,
    0xcc, 0x2c, 0x40, 0xae, 0x47, 0xa1, 0x3f, 0x00, 0x00, 0x20, 0xf6, 0x44,
    0x33, 0x33, 0x73, 0xc0, 0x52, 0xb8, 0x4e, 0x40, 0x00, 0x00, 0x8c, 0x17,
    0x46, 0x66, 0x66, 0x66, 0x40, 0x33, 0x33, 0x23, 0x40, 0x00, 0x00, 0xe0,
    0x2b, 0x45, 0xcd, 0xcc, 0x4c, 0x3f, 0x14, 0xae, 0x8f, 0x40, 0x33, 0x33,
    0xc3, 0xc0, 0x01, 0x00, 0x00, 0xd2, 0x42, 0x9a, 0x99, 0x19, 0x3f, 0x33,
    0x33, 0x33, 0x3f, 0x00, 0x00, 0x40, 0x8c, 0x44, 0x33, 0x33, 0xd3, 0x40,
    0xa4, 0x70, 0x3d, 0x3f, 0x00, 0x00, 0x00, 0x4e, 0x43, 0x33, 0x33, 0xe3,
    0xc0, 0x85, 0xeb, 0x11, 0x3f, 0x00, 0x00, 0x00, 0xef, 0x43, 0x33, 0x33,
    0x53, 0x40, 0x52, 0xb8, 0x9e, 0x3f, 0x00, 0x00, 0x80, 0x24, 0x45, 0x9a,
    0x99, 0xb9, 0xc0, 0xe1, 0x7a, 0x24, 0x40, 0x02, 0x00, 0x40, 0x1c, 0x46,
    0x9a, 0x99, 0x59, 0xc0, 0x33, 0x33, 0x33, 0x3f, 0x00, 0x00, 0xf8, 0xbf,
    0x45, 0x9a, 0x99, 0x89, 0xc0, 0x00, 0x00, 0xc0, 0x40, 0x00, 0x00, 0x48,
    0x99, 0x45, 0xcd, 0xcc, 0x2c, 0x40, 0xc3, 0xf5, 0x28, 0x40, 0x00, 0x00,
    0x00, 0x2c, 0x42, 0x9a, 0x99, 0x19, 0xbf, 0xc3, 0xf5, 0x08, 0x40, 0x00,
    0x00, 0x88, 0xb6, 0x45, 0x9a, 0x99, 0xd9, 0xbf, 0x00, 0x00, 0xc0, 0x40,
    0x00, 0x00, 0xa0, 0xc0, 0x01, 0x00, 0x00, 0xd2, 0x42, 0x9a, 0x99, 0x89,
    0x40, 0x33, 0x33, 0x33, 0x3f, 0x00, 0x00, 0x00, 0x3d, 0x43, 0x00, 0x00,
    0x08, 0xc1, 0x1f, 0x85, 0xeb, 0x3e, 0x00, 0x00, 0xa8, 0xce, 0x45, 0x9a,
    0x99, 0x59, 0x41, 0xb8, 0x1e, 0x05, 0x3f, 0x00, 0x00, 0x98, 0xa6, 0x45,
    0x00, 0x00, 0xa0, 0xc1, 0xe1, 0x7a, 0xd4, 0x3f, 0x00, 0x00, 0x00, 0xaa,
    0x43, 0x00, 0x00, 0x30, 0x41, 0x5c, 0x8f, 0xe2, 0x3f, 0x02, 0x00, 0x40,
    0x1c, 0x46, 0x66, 0x66, 0xd6, 0xc0, 0x33, 0x33, 0x33, 0x3f, 0x00, 0x00,
    0x00, 0xfc, 0x44, 0x66, 0x66, 0x06, 0x40, 0xe1, 0x7a, 0x04, 0x40, 0x00,
    0x00, 0x40, 0x36, 0x45, 0x9a, 0x99, 0x19, 0xc0, 0xcd, 0xcc, 0x5c, 0x40,
    0x00, 0x00, 0x00, 0x4c, 0x42, 0xcd, 0xcc, 0x8c, 0xbf, 0x5c, 0x8f, 0xe2,
    0x3f, 0x00, 0x00, 0x00, 0x90, 0x42, 0xcd, 0xcc, 0x0c, 0x40, 0x1f, 0x85,
    0x9b, 0x40, 0x66, 0x66, 0xd6, 0xc0, 0x01, 0x00, 0x00, 0xd2, 0x42, 0x9a,
    0x99, 0xf9, 0x40, 0x33, 0x33, 0x33, 0x3f, 0x00, 0x00, 0x60, 0x83, 0x44,
    0x9a, 0x99, 0xb9, 0xc0, 0x85, 0xeb, 0x91, 0x3f, 0x00, 0x00, 0x00, 0x96,
    0x42, 0x33, 0x33, 0x83, 0xc0, 0x8f, 0xc2, 0xf5, 0x3e, 0x00, 0x00, 0x10,
    0xdc, 0x45, 0x00, 0x00, 0xa0, 0x40, 0xe1, 0x7a, 0x94, 0x3f, 0x00, 0x00,
    0xe0, 0x13, 0x45, 0xcd, 0xcc, 0x8c, 0x40, 0x71, 0x3d, 0xaa, 0x3f, 0x02,
    0x00, 0x40, 0x1c, 0x46, 0x00, 0x00, 0xb0, 0xc0, 0x33, 0x33, 0x33, 0x3f,
    0x00, 0x00, 0x00, 0xd3, 0x43, 0x33, 0x33, 0x33, 0xbf, 0x48, 0xe1, 0x7a,
    0x3f, 0x00, 0x00, 0x00, 0x1d, 0x44, 0x9a, 0x99, 0xd9, 0x3f, 0xb8, 0x1e,
    0xad, 0x40, 0x00, 0x00, 0x00, 0xec, 0x42, 0x33, 0x33, 0x33, 0x3f, 0x85,
    0xeb, 0xd1, 0x3f, 0x00, 0x00, 0x00, 0x82, 0x42, 0x9a, 0x99, 0x19, 0xbf,
    0xd7, 0xa3, 0x00, 0x40, 0x66, 0x66, 0xb6, 0xc0, 0x01, 0x00, 0x00, 0xd2,
    0x42, 0xcd, 0xcc, 0xbc, 0x40, 0x33, 0x33, 0x33, 0x3f, 0x00, 0x00, 0xe0,
    0x86, 0x44, 0xcd, 0xcc, 0x9c, 0xc0, 0x85, 0xeb, 0xf1, 0x3f, 0x00, 0x00,
    0x04, 0x02, 0x46, 0x66, 0x66, 0x66, 0x40, 0xe1, 0x7a, 0x04, 0x40, 0x00,
    0x00, 0x00, 0x2d, 0x43, 0x00, 0x00, 0xc0, 0xbf, 0x0a, 0xd7, 0xa3, 0x3e,
    0x00, 0x00, 0x30, 0x79, 0x45, 0x9a, 0x99, 0x89, 0x40, 0xc3, 0xf5, 0x18,
    0x40, 0x02, 0x00, 0x40, 0x1c, 0x46, 0x9a, 0x99, 0x99, 0xbe, 0x33, 0x33,
    0x33, 0x3f, 0x00, 0x00, 0x10, 0x08, 0x45, 0x33, 0x33, 0x13, 0x40, 0x00,
    0x00, 0x30, 0x40, 0x00, 0x00, 0x58, 0xb0, 0x45, 0x00, 0x00, 0x20, 0xc0,
    0x00, 0x00, 0xc0, 0x40, 0x00, 0x00, 0x80, 0xb3, 0x44, 0x9a, 0x99, 0x99,
    0xbf, 0xf6, 0x28, 0x6c, 0x40, 0x00, 0x00, 0x00, 0xa6, 0x42, 0x00, 0x00,
    0x80, 0xbf, 0x33, 0x33, 0x93, 0x40, 0x9a, 0x99, 0xc9, 0xc0, 0x01, 0x00,
    0x00, 0xd2, 0x42, 0x9a, 0x99, 0xd9, 0x40, 0x33, 0x33, 0x33, 0x3f, 0x00,
    0x00, 0x00, 0xda, 0x42, 0x66, 0x66, 0x96, 0xc0, 0xd7, 0xa3, 0xf0, 0x3e,
    0x00, 0x00, 0x30, 0x3a, 0x45, 0x9a, 0x99, 0xd9, 0x3f, 0xec, 0x51, 0x38,
    0x3e, 0x00, 0x00, 0x80, 0xf4, 0x44, 0x33, 0x33, 0x83, 0xc0, 0xd7, 0xa3,
    0x00, 0x40, 0x00, 0x00, 0x00, 0x44, 0x42, 0x00, 0x00, 0x20, 0x40, 0xb8,
    0x1e, 0x05, 0x40, 0x02, 0x00, 0x40, 0x1c, 0x46, 0xcd, 0xcc, 0xcc, 0x3d,
    0x33, 0x33, 0x33, 0x3f, 0x00, 0x00, 0x70, 0x9e, 0x45, 0x00, 0x00, 0xa0,
    0xc0, 0x3d, 0x0a, 0xa7, 0x40, 0x00, 0x00, 0x40, 0x70, 0x45, 0x9a, 0x99,
    0x39, 0x40, 0x66, 0x66, 0xbe, 0x40, 0x00, 0x00, 0x60, 0xc6, 0x45, 0x66,
    0x66, 0x26, 0x40, 0x14, 0xae, 0xbf, 0x40, 0x00, 0x00, 0x00, 0xfb, 0x43,
    0x9a, 0x99, 0x99, 0x3e, 0xec, 0x51, 0xb8, 0x3f, 0x66, 0x66, 0xc6, 0xc0,
    0x01, 0x00, 0x00, 0xd2, 0x42, 0x66, 0x66, 0xe6, 0x40, 0x33, 0x33, 0x33,
    0x3f, 0x00, 0x00, 0x00, 0xca, 0x42, 0xcd, 0xcc, 0xdc, 0xc0, 0x85, 0xeb,
    0xd1, 0x3e, 0x00, 0x00, 0xc0, 0x2c, 0x44, 0x00, 0x00, 0x40, 0x40, 0xe1,
    0x7a, 0x94, 0x3e, 0x00, 0x00, 0x28, 0xaa, 0x45, 0x66, 0x66, 0xf6, 0xc0,
    0x7b, 0x14, 0x5e, 0x40, 0x00, 0x00, 0x00, 0x3c, 0x42, 0x66, 0x66, 0x66,
    0x40, 0xd7, 0xa3, 0xb0, 0x3f, 0x02, 0x00, 0x40, 0x1c, 0x46, 0x66, 0x66,
    0xa6, 0xc0, 0x33, 0x33, 0x33, 0x3f, 0x00, 0x00, 0x40, 0x78, 0x45, 0x00,
    0x00, 0x60, 0x40, 0x29, 0x5c, 0xa7, 0x40, 0x00, 0x00, 0x80, 0xfd, 0x44,
    0x66, 0x66, 0x66, 0xbf, 0x48, 0xe1, 0x0a, 0x40, 0x00, 0x00, 0x90, 0xf5,
    0x45, 0x9a, 0x99, 0x99, 0xbf, 0x66, 0x66, 0xa6, 0x40, 0x00, 0x00, 0x00,
    0x1c, 0x44, 0x9a, 0x99, 0x99, 0x3e, 0xae, 0x47, 0xa1, 0x3f, 0x33, 0x33,
    0xc3, 0xc0, 0x01, 0x00, 0x00, 0xd2, 0x42, 0x00, 0x00, 0xf0, 0x40, 0x33,
    0x33, 0x33, 0x3f, 0x00, 0x00, 0x00, 0x9e, 0x42, 0x33, 0x33, 0xf3, 0xc0,
    0xa4, 0x70, 0xbd, 0x3e, 0x00, 0x00, 0xd0, 0x68, 0x45, 0xcd, 0xcc, 0x9c,
    0x40, 0xf6, 0x28, 0x7c, 0x40, 0x00, 0x00, 0x80, 0x19, 0x44, 0x00, 0x00,
    0xc0, 0x3f, 0x33, 0x33, 0x03, 0x40, 0x00, 0x00, 0x00, 0x14, 0x42, 0x9a,
    0x99, 0x79, 0x40, 0xe1, 0x7a, 0x94, 0x3f, 0x02, 0x00, 0x40, 0x1c, 0x46,
    0x33, 0x33, 0xf3, 0x3f, 0x33, 0x33, 0x33, 0x3f, 0x00, 0x00, 0x28, 0xe8,
    0x45, 0x00, 0x00, 0x80, 0x40, 0x14, 0xae, 0x47, 0x3f, 0x00, 0x00, 0x28,
    0xaa, 0x45, 0x66, 0x66, 0xf6, 0xc0, 0x14, 0xae, 0x87, 0x40, 0x00, 0x00,
    0xa0, 0xf2, 0x44, 0x00, 0x00, 0x00, 0xc0, 0x66, 0x66, 0x16, 0x40, 0x00,
    0x00, 0x00, 0x7d, 0x44, 0x9a, 0x99, 0x99, 0x3e, 0x1f, 0x85, 0xeb, 0x3f,
    0x9a, 0x99, 0xc9, 0xc0, 0x01, 0x00, 0x00, 0xd2, 0x42, 0x66, 0x66, 0xc6,
    0x40, 0x33, 0x33, 0x33, 0x3f, 0x00, 0x00, 0x80, 0x18, 0x44, 0xcd, 0xcc,
    0x0c, 0x40, 0xae, 0x47, 0x21, 0x3f, 0x00, 0x00, 0x60, 0x13, 0x45, 0x9a,
    0x99, 0x59, 0xc0, 0x8f, 0xc2, 0xf5, 0x3f, 0x00, 0x00, 0x00, 0x29, 0x43,
    0x33, 0x33, 0x13, 0xc0, 0xb8, 0x1e, 0x45, 0x3f, 0x00, 0x00, 0x00, 0x94,
    0x42, 0x00, 0x00, 0x00, 0x40, 0xf6, 0x28, 0x3c, 0x40, 0x02, 0x00, 0x40,
    0x1c, 0x46, 0x00, 0x00, 0x40, 0xc0, 0x33, 0x33, 0x33, 0x3f, 0x00, 0x00,
    0x10, 0x7c, 0x45, 0x33, 0x33, 0x53, 0x40, 0xf6, 0x28, 0xbc, 0x40, 0x00,
    0x00, 0x38, 0xa2, 0x45, 0x9a, 0x99, 0x59, 0xc0, 0xc3, 0xf5, 0xb0, 0x40,
    0x00, 0x00, 0xa0, 0xe1, 0x45, 0x00, 0x00, 0xc0, 0xbf, 0x00, 0x00, 0x10,
    0x40, 0x00, 0x00, 0x28, 0x8d, 0x45, 0x33, 0x33, 0x33, 0x3f, 0x48, 0xe1,
    0x8a, 0x40, 0x33, 0x33, 0xc3, 0xc0, 0x01, 0x00, 0x00, 0xd2, 0x42, 0x00,
    0x00, 0xc0, 0x40, 0x33, 0x33, 0x33, 0x3f, 0x00, 0x00, 0x00, 0x15, 0x43,
    0x33, 0x33, 0x53, 0xc0, 0xf6, 0x28, 0x1c, 0x3f, 0x00, 0x00, 0x00, 0x3d,
    0x44, 0x33, 0x33, 0x13, 0x40, 0xae, 0x47, 0x61, 0x3f, 0x00, 0x00, 0x00,
    0x70, 0x42, 0x9a, 0x99, 0xd9, 0x3f, 0xe1, 0x7a, 0x14, 0x40, 0x00, 0x00,
    0x00, 0x14, 0x42, 0x9a, 0x99, 0x99, 0x3e, 0x3d, 0x0a, 0xb7, 0x3f, 0x02,
    0x00, 0x40, 0x1c, 0x46, 0x00, 0x00, 0xd0, 0xc0, 0x33, 0x33, 0x33, 0x3f,
    0x00, 0x00, 0x6c, 0x0d, 0x46, 0x66, 0x66, 0x26, 0x40, 0xb8, 0x1e, 0x15,
    0x40, 0x00, 0x00, 0xb0, 0x94, 0x45, 0x66, 0x66, 0x66, 0xc0, 0xcd, 0xcc,
    0xbc, 0x40, 0x00, 0x00, 0xd0, 0x72, 0x45, 0x9a, 0x99, 0x19, 0x40, 0x00,
    0x00, 0xc0, 0x40, 0x00, 0x00, 0x30, 0x4f, 0x45, 0x33, 0x33, 0xb3, 0xbf,
    0x8f, 0xc2, 0xbd, 0x40, 0xcd, 0xcc, 0xfc, 0xc0, 0x01, 0x00, 0x00, 0xd2,
    0x42, 0x33, 0x33, 0x13, 0x41, 0x33, 0x33, 0x33, 0x3f, 0x00, 0x00, 0x00,
    0xa6, 0x42, 0x33, 0x33, 0x0b, 0xc1, 0xd7, 0xa3, 0xf0, 0x3e, 0x00, 0x00,
    0x80, 0x50, 0x45, 0x9a, 0x99, 0x89, 0x40, 0x9a, 0x99, 0x91, 0x40, 0x00,
    0x00, 0x08, 0x0b, 0x46, 0x9a, 0x99, 0xb9, 0x40, 0x00, 0x00, 0x30, 0x40,
    0x00, 0x00, 0xb8, 0xd1, 0x45, 0x00, 0x00, 0x90, 0x40, 0x71, 0x3d, 0x8a,
    0x40, 0x02, 0x00, 0x40, 0x1c, 0x46, 0x00, 0x00, 0x90, 0x40, 0x33, 0x33,
    0x33, 0x3f, 0x00, 0x00, 0xa8, 0x93, 0x45, 0x33, 0x33, 0x73, 0xc0, 0x00,
    0x00, 0xc0, 0x40, 0x00, 0x00, 0x80, 0xec, 0x44, 0xcd, 0xcc, 0xcc, 0xbf,
    0x85, 0xeb, 0x21, 0x40, 0x00, 0x00, 0x80, 0x24, 0x44, 0x9a, 0x99, 0x19,
    0x3f, 0x9a, 0x99, 0xb9, 0x3f, 0x00, 0x00, 0x40, 0x2c, 0x45, 0x00, 0x00,
    0xc0, 0x3f, 0x0a, 0xd7, 0x93, 0x40, 0x9a, 0x99, 0xc9, 0xc0, 0x01, 0x00,
    0x00, 0xd2, 0x42, 0x9a, 0x99, 0xd9, 0x40, 0x33, 0x33, 0x33, 0x3f, 0x00,
    0x00, 0x00, 0xaa, 0x42, 0xcd, 0xcc, 0xdc, 0xc0, 0xc3, 0xf5, 0xa8, 0x3e,
    0x00, 0x00, 0x60, 0xd6, 0x44, 0x33, 0x33, 0x13, 0x40, 0xec, 0x51, 0x38,
    0x3e, 0x00, 0x00, 0x10, 0x98, 0x45, 0x33, 0x33, 0xd3, 0xc0, 0x66, 0x66,
    0x36, 0x40, 0x00, 0x00, 0x00, 0x14, 0x42, 0x9a, 0x99, 0x89, 0x40, 0xae,
    0x47, 0x81, 0x3f, 0x02, 0x00, 0x40, 0x1c, 0x46, 0x00, 0x00, 0x80, 0xbf,
    0x33, 0x33, 0x33, 0x3f, 0x00, 0x00, 0xc0, 0x53, 0x45, 0x00, 0x00, 0x20,
    0x40, 0x00, 0x00, 0xc0, 0x40, 0x00, 0x00, 0x20, 0x10, 0x45, 0x00, 0x00,
    0x00, 0xbf, 0x71, 0x3d, 0xaa, 0x3f, 0x00, 0x00, 0x28, 0x8b, 0x45, 0x9a,
    0x99, 0x99, 0xbf, 0x00, 0x00, 0xb8, 0x40, 0x00, 0x00, 0x58, 0x9c, 0x45,
    0xcd, 0xcc, 0x4c, 0x3f, 0x00, 0x00, 0xc0, 0x40, 0xcd, 0xcc, 0xbc, 0xc0,
    0x01, 0x00, 0x00, 0xd2, 0x42, 0x9a, 0x99, 0xc9, 0x40, 0x33, 0x33, 0x33,
    0x3f, 0x00, 0x00, 0x00, 0x2a, 0x43, 0x33, 0x33, 0xc3, 0xc0, 0x66, 0x66,
    0xe6, 0x3e, 0x00, 0x00, 0x94, 0x07, 0x46, 0x00, 0x00, 0x10, 0x41, 0xae,
    0x47, 0xc1, 0x3f, 0x00, 0x00, 0x00, 0xb0, 0x43, 0x66, 0x66, 0x0e, 0x41,
    0xae, 0x47, 0xe1, 0x3f, 0x00, 0x00, 0xa0, 0xaf, 0x45, 0x00, 0x00, 0xc0,
    0xc0, 0xb8, 0x1e, 0x85, 0x3f, 0x02, 0x00, 0x40, 0x1c, 0x46, 0x00, 0x00,
    0x00, 0xc0, 0x33, 0x33, 0x33, 0x3f, 0x00, 0x00, 0xd0, 0x29, 0x45, 0xcd,
    0xcc, 0x0c, 0xc0, 0x00, 0x00, 0xb0, 0x40, 0x00, 0x00, 0x00, 0x9a, 0x42,
    0x66, 0x66, 0x66, 0xbf, 0xec, 0x51, 0x38, 0x40, 0x00, 0x00, 0x00, 0x64,
    0x42, 0x00, 0x00, 0x80, 0x3f, 0xcd, 0xcc, 0x6c, 0x40, 0x00, 0x00, 0xc0,
    0x49, 0x45, 0x00, 0x00, 0xc0, 0x3f, 0x00, 0x00, 0xc0, 0x40, 0x9a, 0x99,
    0xc9, 0xc0, 0x01, 0x00, 0x00, 0xd2, 0x42, 0x00, 0x00, 0x80, 0xbf, 0x33,
    0x33, 0x33, 0x3f, 0x00, 0x00, 0x00, 0xfc, 0x42, 0xcd, 0xcc, 0x9c, 0xc0,
    0xcd, 0xcc, 0x4c, 0x3f, 0x00, 0x00, 0x30, 0x52, 0x45, 0x9a, 0x99, 0xc9,
    0x40, 0x71, 0x3d, 0x0a, 0x40, 0x00, 0x00, 0xc0, 0x4b, 0x44, 0xcd, 0xcc,
    0x0c, 0xc0, 0x1f, 0x85, 0x6b, 0x3f, 0x00, 0x00, 0x80, 0xd7, 0x44, 0x33,
    0x33, 0x83, 0x40, 0x52, 0xb8, 0x4e, 0x40, 0x02, 0x00, 0x40, 0x1c, 0x46,
    0x00, 0x00, 0x40, 0xc0, 0x33, 0x33, 0x33, 0x3f, 0x00, 0x00, 0x40, 0x1c,
    0x46, 0x33, 0x33, 0x53, 0x40, 0x3d, 0x0a, 0xb7, 0x3f, 0x00, 0x00, 0x00,
    0x85, 0x43, 0x33, 0x33, 0xb3, 0x3f, 0xae, 0x47, 0x71, 0x40, 0x00, 0x00,
    0xc0, 0x9c, 0x45, 0xcd, 0xcc, 0x2c, 0xc0, 0x48, 0xe1, 0xba, 0x40, 0x00,
    0x00, 0x00, 0x54, 0x42, 0xcd, 0xcc, 0x4c, 0xbf, 0x48, 0xe1, 0x1a, 0x40,
    0x9a, 0x99, 0xc9, 0xc0, 0x01, 0x00, 0x00, 0xd2, 0x42, 0xcd, 0xcc, 0xac,
    0x40, 0x33, 0x33, 0x33, 0x3f, 0x00, 0x00, 0x00, 0xd8, 0x42, 0x00, 0x00,
    0x20, 0xc1, 0x00, 0x00, 0x80, 0x3e, 0x00, 0x00, 0x00, 0x99, 0x45, 0x9a,
    0x99, 0xc9, 0x40, 0x48, 0xe1, 0xba, 0x3f, 0x00, 0x00, 0x80, 0xb5, 0x43,
    0x9a, 0x99, 0x21, 0x41, 0xb8, 0x1e, 0xa5, 0x3f, 0x00, 0x00, 0x00, 0xae,
    0x42, 0xcd, 0xcc, 0xcc, 0x40, 0x52, 0xb8, 0x2e, 0x40, 0x02, 0x00, 0x40,
    0x1c, 0x46, 0x9a, 0x99, 0x89, 0xc0, 0x33, 0x33, 0x33, 0x3f, 0x00, 0x00,
    0xa0, 0x05, 0x45, 0x33, 0x33, 0x13, 0x40, 0x71, 0x3d, 0x6a, 0x40, 0x00,
    0x00, 0x40, 0xbd, 0x44, 0xcd, 0xcc, 0xcc, 0xbf, 0xa4, 0x70, 0x5d, 0x40,
    0x00, 0x00, 0x34, 0x00, 0x46, 0x66, 0x66, 0xa6, 0xbf, 0xb8, 0x1e, 0x45,
    0x40, 0x00, 0x00, 0xd8, 0xc1, 0x45, 0x66, 0x66, 0x26, 0x40, 0x3d, 0x0a,
    0xb7, 0x40, 0x33, 0x33, 0xd3, 0xc0, 0x01, 0x00, 0x00, 0xd2, 0x42, 0x00,
    0x00, 0x00, 0x3f, 0x33, 0x33, 0x33, 0x3f, 0x00, 0x00, 0x00, 0x0d, 0x43,
    0x66, 0x66, 0xb6, 0xc0, 0x0a, 0xd7, 0xe3, 0x3f, 0x00, 0x00, 0xe0, 0x47,
    0x45, 0x9a, 0x99, 0xb9, 0x40, 0xc3, 0xf5, 0x58, 0x40, 0x00, 0x00, 0xa8,
    0xbf, 0x45, 0x66, 0x66, 0x06, 0xc1, 0x66, 0x66, 0xc6, 0x3f, 0x00, 0x00,
    0x98, 0xec, 0x45, 0x33, 0x33, 0x03, 0x41, 0x7b, 0x14, 0xee, 0x3f, 0x02,
    0x00, 0x40, 0x1c, 0x46, 0x33, 0x33, 0xd3, 0x40, 0x33, 0x33, 0x33, 0x3f,
    0x00, 0x00, 0x00, 0x34, 0x42, 0x9a, 0x99, 0xd9, 0xbf, 0xa4, 0x70, 0x3d,
    0x40, 0x00, 0x00, 0x00, 0x90, 0x43, 0x9a, 0x99, 0xd9, 0x3f, 0x29, 0x5c,
    0x6f, 0x40, 0x00, 0x00, 0x80, 0xa2, 0x44, 0x33, 0x33, 0xf3, 0xbf, 0x7b,
    0x14, 0x6e, 0x40, 0x00, 0x00, 0x28, 0x0a, 0x46, 0xcd, 0xcc, 0x2c, 0xc0,
    0x8f, 0xc2, 0x35, 0x40, 0x66, 0x66, 0xf6, 0xc0, 0x01, 0x00, 0x00, 0xd2,
    0x42, 0x66, 0x66, 0x7e, 0x41, 0x33, 0x33, 0x33, 0x3f, 0x00, 0x00, 0x00,
    0x48, 0x42, 0xcd, 0xcc, 0x6c, 0xc1, 0x3d, 0x0a, 0xd7, 0x3e, 0x00, 0x00,
    0x80, 0xd1, 0x43, 0x66, 0x66, 0xb6, 0x40, 0x48, 0xe1, 0xda, 0x3f, 0x00,
    0x00, 0x40, 0x62, 0x44, 0x00, 0x00, 0x00, 0xc0, 0x8f, 0xc2, 0xb5, 0x3f,
    0x00, 0x00, 0x78, 0x83, 0x45, 0x00, 0x00, 0x90, 0x40, 0x33, 0x33, 0x83,
    0x40, 0x02, 0x00, 0x40, 0x1c, 0x46, 0x9a, 0x99, 0x99, 0x3e, 0x33, 0x33,
    0x33, 0x3f, 0x00, 0x00, 0xac, 0x0b, 0x46, 0x9a, 0x99, 0xd9, 0xbf, 0x85,
    0xeb, 0x61, 0x40, 0x00, 0x00, 0x30, 0xb7, 0x45, 0x66, 0x66, 0x26, 0xc0,
    0x00, 0x00, 0xc0, 0x40, 0x00, 0x00, 0x80, 0xec, 0x44, 0x9a, 0x99, 0xd9,
    0x3f, 0x52, 0xb8, 0x96, 0x40, 0x00, 0x00, 0x40, 0xab, 0x44, 0x33, 0x33,
    0x33, 0xbf, 0xae, 0x47, 0x41, 0x40, 0x9a, 0x99, 0xd9, 0xbf, 0x01, 0x00,
    0x00, 0xd2, 0x42, 0x33, 0x33, 0x93, 0xc0, 0x33, 0x33, 0x33, 0x3f, 0x00,
    0x00, 0x00, 0x5c, 0x42, 0xcd, 0xcc, 0xbc, 0x40, 0xb8, 0x1e, 0x45, 0x3f,
    0x00, 0x00, 0x00, 0xe0, 0x42, 0x33, 0x33, 0x13, 0xc0, 0x9a, 0x99, 0x39,
    0x40, 0x00, 0x00, 0x88, 0xa5, 0x45, 0x33, 0x33, 0xf3, 0x3f, 0x9a, 0x99,
    0xa9, 0x40, 0x00, 0x00, 0x80, 0x7b, 0x44, 0x9a, 0x99, 0x99, 0xbf, 0x48,
    0xe1, 0x5a, 0x40, 0x02, 0x00, 0x40, 0x1c, 0x46, 0x9a, 0x99, 0xa9, 0xc0,
    0x33, 0x33, 0x33, 0x3f, 0x00, 0x00, 0x60, 0x0c, 0x45, 0x9a, 0x99, 0x99,
    0x3f, 0x85, 0xeb, 0x71, 0x40, 0x00, 0x00, 0x00, 0x29, 0x43, 0x9a, 0x99,
    0x99, 0xbe, 0xa4, 0x70, 0xbd, 0x3f, 0x00, 0x00, 0xc0, 0xc8, 0x44, 0x66,
    0x66, 0xa6, 0x3f, 0x00, 0x00, 0xc0, 0x40, 0x00, 0x00, 0x00, 0x8c, 0x42,
    0x9a, 0x99, 0x19, 0x3f, 0xa4, 0x70, 0x8d, 0x40, 0xcd, 0xcc, 0xbc, 0xc0,
    0x01, 0x00, 0x00, 0xd2, 0x42, 0xcd, 0xcc, 0xcc, 0x40, 0x33, 0x33, 0x33,
    0x3f, 0x00, 0x00, 0x00, 0xf8, 0x42, 0x00, 0x00, 0xb0, 0xc0, 0x14, 0xae,
    0x07, 0x3f, 0x00, 0x00, 0xa0, 0x00, 0x45, 0x9a, 0x99, 0xa9, 0x40, 0x9a,
    0x99, 0x59, 0x3f, 0x00, 0x00, 0x80, 0x34, 0x44, 0x9a, 0x99, 0x19, 0xc0,
    0x14, 0xae, 0x87, 0x3f, 0x00, 0x00, 0x40, 0x1c, 0x46, 0xcd, 0xcc, 0x6c,
    0x40, 0x48, 0xe1, 0xda, 0x3f, 0x02, 0x00, 0x40, 0x1c, 0x46, 0x33, 0x33,
    0x33, 0x40, 0x33, 0x33, 0x33, 0x3f, 0x00, 0x00, 0x18, 0xcc, 0x45, 0x33,
    0x33, 0xf3, 0xbf, 0x29, 0x5c, 0xbf, 0x40, 0x00, 0x00, 0x60, 0xaa, 0x45,
    0x66, 0x66, 0xa6, 0x3f, 0x52, 0xb8, 0xa6, 0x40, 0x00, 0x00, 0x90, 0x11,
    0x46, 0x66, 0x66, 0xa6, 0xbf, 0x66, 0x66, 0x96, 0x40, 0x00, 0x00, 0x40,
    0x2e, 0x45, 0x9a, 0x99, 0x19, 0xbf, 0x00, 0x00, 0xc0, 0x40, 0x9a, 0x99,
    0xb9, 0xc0, 0x01, 0x00, 0x00, 0xd2, 0x42, 0x00, 0x00, 0x20, 0x41, 0x33,
    0x33, 0x33, 0x3f, 0x00, 0x00, 0x00, 0x6c, 0x42, 0xcd, 0xcc, 0x44, 0xc1,
    0x85, 0xeb, 0x11, 0x3f, 0x00, 0x00, 0x58, 0x87, 0x45, 0x33, 0x33, 0x93,
    0x40, 0x66, 0x66, 0x86, 0x40, 0x00, 0x00, 0x60, 0x12, 0x45, 0x00, 0x00,
    0x90, 0x40, 0x85, 0xeb, 0xb1, 0x3f, 0x00, 0x00, 0xe0, 0x80, 0x44, 0x9a,
    0x99, 0x19, 0xc0, 0x00, 0x00, 0xe0, 0x3f, 0x02, 0x00, 0x40, 0x1c, 0x46,
    0xcd, 0xcc, 0x8c, 0xbf, 0x33, 0x33, 0x33, 0x3f, 0x00, 0x00, 0xc0, 0xba,
    0x45, 0x00, 0x00, 0x60, 0xc0, 0xf6, 0x28, 0xbc, 0x40, 0x00, 0x00, 0xf8,
    0x98, 0x45, 0xcd, 0xcc, 0xcc, 0x3f, 0x00, 0x00, 0xc0, 0x40, 0x00, 0x00,
    0x00, 0xdb, 0x43, 0x00, 0x00, 0x80, 0x3f, 0xae, 0x47, 0x51, 0x40, 0x00,
    0x00, 0x40, 0x12, 0x44, 0x9a, 0x99, 0x19, 0xbf, 0x52, 0xb8, 0x3e, 0x40,
    0xcd, 0xcc, 0x9c, 0xc0, 0x01, 0x00, 0x00, 0xd2, 0x42, 0x00, 0x00, 0x20,
    0x41, 0x33, 0x33, 0x33, 0x3f, 0x00, 0x00, 0x00, 0x4c, 0x42, 0x33, 0x33,
    0x03, 0xc1, 0xec, 0x51, 0xb8, 0x3e, 0x00, 0x00, 0xe0, 0xf2, 0x44, 0xcd,
    0xcc, 0x9c, 0x40, 0xb8, 0x1e, 0xc5, 0x3f, 0x00, 0x00, 0x00, 0xfe, 0x45,
    0x33, 0x33, 0xb3, 0x40, 0x1f, 0x85, 0xeb, 0x3f, 0x00, 0x00, 0x18, 0xa5,
    0x45, 0x33, 0x33, 0x73, 0xc0, 0xe1, 0x7a, 0x14, 0x3f, 0x02, 0x00, 0x40,
    0x1c, 0x46, 0x66, 0x66, 0x06, 0xc0, 0x33, 0x33, 0x33, 0x3f, 0x00, 0x00,
    0x00, 0xeb, 0x43, 0xcd, 0xcc, 0x4c, 0x3f, 0xf6, 0x28, 0x1c, 0x40, 0x00,
    0x00, 0xf8, 0x92, 0x45, 0x66, 0x66, 0x46, 0x40, 0xe1, 0x7a, 0xbc, 0x40,
    0x00, 0x00, 0xd8, 0xb0, 0x45, 0x00, 0x00, 0xc0, 0xbf, 0xf6, 0x28, 0xb4,
    0x40, 0x00, 0x00, 0xf0, 0x7d, 0x45, 0x66, 0x66, 0xa6, 0xbf, 0x00, 0x00,
    0xc0, 0x40, 0x9a, 0x99, 0xa9, 0xc0, 0x01, 0x00, 0x00, 0xd2, 0x42, 0xcd,
    0xcc, 0xec, 0x40, 0x33, 0x33, 0x33, 0x3f, 0x00, 0x00, 0x00, 0x90, 0x42,
    0x66, 0x66, 0x86, 0xc0, 0x00, 0x00, 0x80, 0x3e, 0x00, 0x00, 0x80, 0xfd,
    0x44, 0x33, 0x33, 0xb3, 0x40, 0xd7, 0xa3, 0xd0, 0x3f, 0x00, 0x00, 0x80,
    0x32, 0x45, 0x33, 0x33, 0xf3, 0xbf, 0xae, 0x47, 0x81, 0x40, 0x00, 0x00,
    0x00, 0xa6, 0x42, 0x9a, 0x99, 0x99, 0xbf, 0x7b, 0x14, 0x8e, 0x3f, 0x02,
    0x00, 0x40, 0x1c, 0x46, 0x66, 0x66, 0x96, 0xc0, 0x33, 0x33, 0x33, 0x3f,
    0x00, 0x00, 0xd0, 0x07, 0x46, 0xcd, 0xcc, 0xcc, 0x3f, 0xec, 0x51, 0x28,
    0x40, 0x00, 0x00, 0x40, 0x4e, 0x44, 0x66, 0x66, 0x66, 0xbf, 0xf6, 0x28,
    0x1c, 0x40, 0x00, 0x00, 0x80, 0xed, 0x43, 0xcd, 0xcc, 0xcc, 0x3e, 0xc3,
    0xf5, 0xa8, 0x3f, 0x00, 0x00, 0x08, 0x93, 0x45, 0x66, 0x66, 0xa6, 0x3f,
    0x00, 0x00, 0xc0, 0x40, 0x33, 0x33, 0xb3, 0xc0, 0x01, 0x00, 0x00, 0xd2,
    0x42, 0xcd, 0xcc, 0x0c, 0xc0, 0x33, 0x33, 0x33, 0x3f, 0x00, 0x00, 0x00,
    0x68, 0x43, 0x00, 0x00, 0xa0, 0xc1, 0x52, 0xb8, 0x1e, 0x3f, 0x00, 0x00,
    0xa0, 0x6a, 0x45, 0x00, 0x00, 0x38, 0x41, 0xa4, 0x70, 0xbd, 0x3f, 0x00,
    0x00, 0x00, 0xa0, 0x43, 0x33, 0x33, 0x7b, 0x41, 0xcd, 0xcc, 0x0c, 0x3f,
    0x00, 0x00, 0xe0, 0x90, 0x45, 0x9a, 0x99, 0x21, 0xc1, 0x0a, 0xd7, 0xc3,
    0x3f, 0x02, 0x00, 0x40, 0x1c, 0x46, 0x66, 0x66, 0xe6, 0xbf, 0x33, 0x33,
    0x33, 0x3f, 0x00, 0x00, 0x40, 0x80, 0x44, 0x33, 0x33, 0x53, 0x40, 0x3d,
    0x0a, 0x47, 0x40, 0x00, 0x00, 0x40, 0x1e, 0x44, 0x00, 0x00, 0xc0, 0xbf,
    0xa4, 0x70, 0x3d, 0x3f, 0x00, 0x00, 0xd8, 0x15, 0x46, 0x33, 0x33, 0x13,
    0x40, 0x00, 0x00, 0x40, 0x40, 0x00, 0x00, 0x80, 0xbd, 0x43, 0x66, 0x66,
    0x06, 0x40, 0xa4, 0x70, 0x7d, 0x40, 0x33, 0x33, 0xc3, 0xc0, 0x01, 0x00,
    0x00, 0xd2, 0x42, 0xcd, 0xcc, 0xac, 0x40, 0x33, 0x33, 0x33, 0x3f, 0x00,
    0x00, 0x00, 0x96, 0x43, 0xcd, 0xcc, 0xac, 0x40, 0x33, 0x33, 0x03, 0x40,
    0x00, 0x00, 0x00, 0x58, 0x42, 0xcd, 0xcc, 0xcc, 0xc0, 0xf6, 0x28, 0xdc,
    0x3e, 0x00, 0x00, 0xe8, 0xc1, 0x45, 0xcd, 0xcc, 0xfc, 0xc0, 0x29, 0x5c,
    0xcf, 0x3f, 0x00, 0x00, 0x00, 0xcd, 0x43, 0xcd, 0xcc, 0x8c, 0x40, 0x29,
    0x5c, 0x0f, 0x40, 0x02, 0x00, 0x40, 0x1c, 0x46, 0x33, 0x33, 0xa3, 0xc0,
    0x33, 0x33, 0x33, 0x3f, 0x00, 0x00, 0xc0, 0x69, 0x45, 0x66, 0x66, 0x66,
    0x40, 0xf6, 0x28, 0xac, 0x40, 0x00, 0x00, 0x50, 0x2b, 0x45, 0xcd, 0xcc,
    0x0c, 0xc0, 0x29, 0x5c, 0x3f, 0x40, 0x00, 0x00, 0xa0, 0xd8, 0x45, 0x00,
    0x00, 0x00, 0x40, 0x3d, 0x0a, 0xbf, 0x40, 0x00, 0x00, 0xa0, 0xc7, 0x44,
    0x33, 0x33, 0x33, 0x3f, 0xc3, 0xf5, 0x08, 0x40, 0xcd, 0xcc, 0xbc, 0xc0,
    0x01, 0x00, 0x00, 0xd2, 0x42, 0x66, 0x66, 0xa6, 0xbf, 0x33, 0x33, 0x33,
    0x3f, 0x00, 0x00, 0x00, 0x70, 0x43, 0xcd, 0xcc, 0x44, 0xc1, 0x9a, 0x99,
    0x19, 0x3f, 0x00, 0x00, 0xf0, 0x6f, 0x45, 0x00, 0x00, 0x10, 0x41, 0x5c,
    0x8f, 0x42, 0x3f, 0x00, 0x00, 0x80, 0xc3, 0x43, 0xcd, 0xcc, 0x14, 0x41,
    0xf6, 0x28, 0x5c, 0x3f, 0x00, 0x00, 0x28, 0xa8, 0x45, 0x9a, 0x99, 0xf9,
    0xc0, 0x85, 0xeb, 0xb1, 0x3f, 0x02, 0x00, 0x40, 0x1c, 0x46, 0xcd, 0xcc,
    0x8c, 0xbf, 0x33, 0x33, 0x33, 0x3f, 0x00, 0x00, 0x00, 0x50, 0x42, 0x9a,
    0x99, 0x19, 0xbf, 0xb8, 0x1e, 0xc5, 0x3f, 0x00, 0x00, 0x00, 0xb4, 0x42,
    0x33, 0x33, 0x33, 0x3f, 0x8f, 0xc2, 0x35, 0x40, 0x00, 0x00, 0x40, 0x32,
    0x44, 0x00, 0x00, 0x00, 0xbf, 0xec, 0x51, 0x78, 0x40, 0x00, 0x00, 0x40,
    0x74, 0x44, 0x9a, 0x99, 0x19, 0x3f, 0x00, 0x00, 0xc0, 0x40, 0x00, 0x00,
    0xd0, 0xc0, 0x01, 0x00, 0x00, 0xd2, 0x42, 0x33, 0x33, 0xa3, 0xc0, 0x33,
    0x33, 0x33, 0x3f, 0x00, 0x00, 0x00, 0x60, 0x43, 0x33, 0x33, 0x4b, 0xc1,
    0x7b, 0x14, 0x2e, 0x3f, 0x00, 0x00, 0xf0, 0x52, 0x45, 0xcd, 0xcc, 0x9c,
    0x40, 0x3d, 0x0a, 0xd7, 0x3f, 0x00, 0x00, 0x00, 0xbe, 0x43, 0x00, 0x00,
    0x18, 0x41, 0x71, 0x3d, 0xaa, 0x3f, 0x00, 0x00, 0x80, 0xd8, 0x44, 0x33,
    0x33, 0x53, 0x40, 0x1f, 0x85, 0x2b, 0x3f, 0x02, 0x00, 0x40, 0x1c, 0x46,
    0xcd, 0xcc, 0x0c, 0x40, 0x33, 0x33, 0x33, 0x3f, 0x00, 0x00, 0xa0, 0xae,
    0x45, 0xcd, 0xcc, 0x8c, 0xbf, 0x29, 0x5c, 0x4f, 0x40, 0x00, 0x00, 0x00,
    0xf0, 0x42, 0xcd, 0xcc, 0x4c, 0x3f, 0xe1, 0x7a, 0x84, 0x40, 0x00, 0x00,
    0x50, 0x0a, 0x45, 0x66, 0x66, 0x66, 0x3f, 0xae, 0x47, 0x81, 0x40, 0x00,
    0x00, 0x80, 0xd0, 0x44, 0xcd, 0xcc, 0x4c, 0xbf, 0x5c, 0x8f, 0x82, 0x40,
    0x00, 0x00, 0xd0, 0xc0, 0x01, 0x00, 0x00, 0xd2, 0x42, 0x33, 0x33, 0xe3,
    0x40, 0x33, 0x33, 0x33, 0x3f, 0x00, 0x00, 0x00, 0xf6, 0x42, 0x66, 0x66,
    0x96, 0xc0, 0xd7, 0xa3, 0xf0, 0x3e, 0x00, 0x00, 0x40, 0xf4, 0x44, 0x00,
    0x00, 0x80, 0x40, 0x85, 0xeb, 0xd1, 0x3f, 0x00, 0x00, 0x18, 0x03, 0x46,
    0x66, 0x66, 0x86, 0x40, 0xc3, 0xf5, 0xe8, 0x3f, 0x00, 0x00, 0x80, 0x57,
    0x44, 0x33, 0x33, 0xb3, 0xbf, 0x5c, 0x8f, 0xc2, 0x3f, 0x02, 0x00, 0x40,
    0x1c, 0x46, 0x9a, 0x99, 0xd9, 0xc0, 0x33, 0x33, 0x33, 0x3f, 0x00, 0x00,
    0x80, 0xcd, 0x43, 0x33, 0x33, 0xb3, 0x3f, 0x71, 0x3d, 0x7a, 0x40, 0x00,
    0x00, 0x00, 0x79, 0x43, 0xcd, 0xcc, 0x4c, 0xbf, 0x1f, 0x85, 0xcb, 0x3f,
    0x00, 0x00, 0x00, 0xf6, 0x42, 0x33, 0x33, 0x33, 0x3f, 0x00, 0x00, 0xe0,
    0x3f, 0x00, 0x00, 0x00, 0x8e, 0x42, 0x9a, 0x99, 0x19, 0xbf, 0x66, 0x66,
    0x16, 0x40, 0xcd, 0xcc, 0xac, 0xc0, 0x01, 0x00, 0x00, 0xd2, 0x42, 0xcd,
    0xcc, 0x8c, 0x40, 0x33, 0x33, 0x33, 0x3f, 0x00, 0x00, 0x00, 0x74, 0x43,
    0x33, 0x33, 0x93, 0xc0, 0x29, 0x5c, 0x0f, 0x3f, 0x00, 0x00, 0x40, 0xe8,
    0x44, 0x00, 0x00, 0xb0, 0x40, 0x14, 0xae, 0x07, 0x40, 0x00, 0x00, 0xa8,
    0x06, 0x46, 0xcd, 0xcc, 0x9c, 0x40, 0xb8, 0x1e, 0x85, 0x3f, 0x00, 0x00,
    0x00, 0x90, 0x42, 0x33, 0x33, 0xf3, 0xbf, 0xe1, 0x7a, 0xd4, 0x3f, 0x02,
    0x00, 0x40, 0x1c, 0x46, 0x66, 0x66, 0xb6, 0xc0, 0x33, 0x33, 0x33, 0x3f,
    0x00, 0x00, 0x80, 0xd6, 0x43, 0x33, 0x33, 0xf3, 0x3f, 0x00, 0x00, 0x98,
    0x40, 0x00, 0x00, 0x40, 0x1d, 0x44, 0x00, 0x00, 0x00, 0xbf, 0x9a, 0x99,
    0x19, 0x40, 0x00, 0x00, 0x80, 0xa4, 0x43, 0x66, 0x66, 0x66, 0xbf, 0x52,
    0xb8, 0x7e, 0x40, 0x00, 0x00, 0xe0, 0x83, 0x44, 0x00, 0x00, 0x80, 0xbf,
    0x48, 0xe1, 0x9a, 0x40, 0x33, 0x33, 0x93, 0xc0, 0x01, 0x00, 0x00, 0xd2,
    0x42, 0x9a, 0x99, 0xc9, 0x40, 0x33, 0x33, 0x33, 0x3f, 0x00, 0x00, 0x00,
    0xae, 0x42, 0x9a, 0x99, 0x99, 0xc0, 0xc3, 0xf5, 0xa8, 0x3e, 0x00, 0x00,
    0x40, 0xed, 0x44, 0x9a, 0x99, 0x59, 0x40, 0x5c, 0x8f, 0xe2, 0x3f, 0x00,
    0x00, 0x28, 0xee, 0x45, 0x66, 0x66, 0x86, 0x40, 0x85, 0xeb, 0x01, 0x40,
    0x00, 0x00, 0x80, 0x61, 0x44, 0x66, 0x66, 0x66, 0xbf, 0x85, 0xeb, 0xd1,
    0x3f, 0x02, 0x00, 0x40, 0x1c, 0x46, 0x66, 0x66, 0xd6, 0xc0, 0x33, 0x33,
    0x33, 0x3f, 0x00, 0x00, 0xa8, 0x8d, 0x45, 0x00, 0x00, 0xc0, 0xbf, 0x00,
    0x00, 0x50, 0x40, 0x00, 0x00, 0x40, 0xc5, 0x45, 0xcd, 0xcc, 0x2c, 0x40,
    0xe1, 0x7a, 0x8c, 0x40, 0x00, 0x00, 0x00, 0x4a, 0x43, 0x33, 0x33, 0x33,
    0xbf, 0xec, 0x51, 0x28, 0x40, 0x00, 0x00, 0x00, 0x04, 0x43, 0xcd, 0xcc,
    0xcc, 0x3e, 0xa4, 0x70, 0xdd, 0x3f, 0x9a, 0x99, 0x99, 0xc0, 0x01, 0x00,
    0x00, 0xd2, 0x42, 0x00, 0x00, 0x40, 0x40, 0x33, 0x33, 0x33, 0x3f, 0x00,
    0x00, 0x00, 0x36, 0x43, 0x66, 0x66, 0x96, 0xc0, 0x7b, 0x14, 0x2e, 0x3f,
    0x00, 0x00, 0x90, 0xd8, 0x45, 0x66, 0x66, 0x96, 0x40, 0x71, 0x3d, 0x0a,
    0x40, 0x00, 0x00, 0x60, 0xe9, 0x44, 0xcd, 0xcc, 0x2c, 0x40, 0xec, 0x51,
    0xd8, 0x3f, 0x00, 0x00, 0xd0, 0x06, 0x46, 0x9a, 0x99, 0xd9, 0x3f, 0x29,
    0x5c, 0x8f, 0x40, 0x02, 0x00, 0x40, 0x1c, 0x46, 0x33, 0x33, 0x1b, 0xc1,
    0x33, 0x33, 0x33, 0x3f, 0x00, 0x00, 0xf4, 0x1a, 0x46, 0x33, 0x33, 0x93,
    0x40, 0x85, 0xeb, 0xd1, 0x3f, 0x00, 0x00, 0x00, 0x82, 0x42, 0x33, 0x33,
    0x33, 0xbf, 0x71, 0x3d, 0x0a, 0x40, 0x00, 0x00, 0x00, 0x14, 0x43, 0x33,
    0x33, 0x33, 0x3f, 0x7b, 0x14, 0xee, 0x3f, 0x00, 0x00, 0x00, 0x5a, 0x43,
    0xcd, 0xcc, 0x4c, 0xbf, 0x71, 0x3d, 0x3a, 0x40, 0xcd, 0xcc, 0x9c, 0xc0,
    0x01, 0x00, 0x00, 0xd2, 0x42, 0xcd, 0xcc, 0xbc, 0x40, 0x33, 0x33, 0x33,
    0x3f, 0x00, 0x00, 0x00, 0x1d, 0x43, 0x33, 0x33, 0xa3, 0xc0, 0x71, 0x3d,
    0x8a, 0x3e, 0x00, 0x00, 0x20, 0xd9, 0x44, 0x9a, 0x99, 0x89, 0x40, 0x7b,
    0x14, 0x8e, 0x3f, 0x00, 0x00, 0x80, 0xfe, 0x43, 0xcd, 0xcc, 0x4c, 0x40,
    0x48, 0xe1, 0x3a, 0x3f, 0x00, 0x00, 0x50, 0x2a, 0x45, 0xcd, 0xcc, 0x4c,
    0xc0, 0xf6, 0x28, 0x1c, 0x40, 0x02, 0x00, 0x40, 0x1c, 0x46, 0x66, 0x66,
    0xf6, 0xc0, 0x33, 0x33, 0x33, 0x3f, 0x00, 0x00, 0x18, 0xff, 0x45, 0x33,
    0x33, 0x13, 0x40, 0x00, 0x00, 0xa0, 0x3f, 0x00, 0x00, 0x78, 0xad, 0x45,
    0x33, 0x33, 0x53, 0xc0, 0xa4, 0x70, 0x95, 0x40, 0x00, 0x00, 0x90, 0x85,
    0x45, 0x66, 0x66, 0xa6, 0x3f, 0xb8, 0x1e, 0xad, 0x40, 0x00, 0x00, 0x00,
    0x65, 0x43, 0x00, 0x00, 0x00, 0xbf, 0xa4, 0x70, 0x3d, 0x40, 0x33, 0x33,
    0x73, 0xc0, 0x01, 0x00, 0x00, 0xd2, 0x42, 0xcd, 0xcc, 0x4c, 0xbe, 0x33,
    0x33, 0x33, 0x3f, 0x00, 0x00, 0x80, 0x73, 0x44, 0xcd, 0xcc, 0x6c, 0xc0,
    0xe1, 0x7a, 0xf4, 0x3f, 0x00, 0x00, 0x00, 0xc4, 0x42, 0x33, 0x33, 0x73,
    0xc0, 0xf6, 0x28, 0xbc, 0x3f, 0x00, 0x00, 0x20, 0x6b, 0x45, 0x00, 0x00,
    0x60, 0x40, 0x52, 0xb8, 0x2e, 0x40, 0x00, 0x00, 0xf8, 0xcf, 0x45, 0xcd,
    0xcc, 0x6c, 0x40, 0x33, 0x33, 0x03, 0x40, 0x02, 0x00, 0x40, 0x1c, 0x46,
    0x9a, 0x99, 0x99, 0xc0, 0x33, 0x33, 0x33, 0x3f, 0x00, 0x00, 0x00, 0x6d,
    0x43, 0x00, 0x00, 0x00, 0x3f, 0xd7, 0xa3, 0xb0, 0x3f, 0x00, 0x00, 0x50,
    0x10, 0x46, 0x66, 0x66, 0x06, 0x40, 0xe1, 0x7a, 0x24, 0x40, 0x00, 0x00,
    0x40, 0xe9, 0x44, 0x00, 0x00, 0x20, 0x40, 0x52, 0xb8, 0x96, 0x40, 0x00,
    0x00, 0xe0, 0xab, 0x44, 0xcd, 0xcc, 0x4c, 0xbf, 0x85, 0xeb, 0x21, 0x40,
    0x9a, 0x99, 0x59, 0xc0, 0x01, 0x00, 0x00, 0xd2, 0x42, 0x66, 0x66, 0xa6,
    0xbf, 0x33, 0x33, 0x33, 0x3f, 0x00, 0x00, 0x00, 0xc4, 0x42, 0x00, 0x00,
    0x20, 0xc0, 0xa4, 0x70, 0xdd, 0x3f, 0x00, 0x00, 0x80, 0xd6, 0x44, 0x9a,
    0x99, 0x59, 0x40, 0x66, 0x66, 0x26, 0x40, 0x00, 0x00, 0x6c, 0x01, 0x46,
    0x00, 0x00, 0x40, 0x40, 0x8f, 0xc2, 0x8d, 0x40, 0x00, 0x00, 0x00, 0x5f,
    0x43, 0x00, 0x00, 0xc0, 0xbf, 0xa4, 0x70, 0x3d, 0x3f, 0x02, 0x00, 0x40,
    0x1c, 0x46, 0x00, 0x00, 0x08, 0xc1, 0x33, 0x33, 0x33, 0x3f, 0x00, 0x00,
    0x18, 0x19, 0x46, 0x00, 0x00, 0x80, 0x40, 0x3d, 0x0a, 0x97, 0x3f, 0x00,
    0x00, 0x80, 0xb7, 0x45, 0x33, 0x33, 0x83, 0xc0, 0x66, 0x66, 0x9e, 0x40,
    0x00, 0x00, 0x80, 0x7b, 0x44, 0x66, 0x66, 0x66, 0xbf, 0x00, 0x00, 0x50,
    0x40, 0x00, 0x00, 0x60, 0x67, 0x45, 0xcd, 0xcc, 0xcc, 0x3f, 0x00, 0x00,
    0xc0, 0x40, 0x9a, 0x99, 0xc9, 0xc0, 0x01, 0x00, 0x00, 0xd2, 0x42, 0xcd,
    0xcc, 0xcc, 0xbd, 0x33, 0x33, 0x33, 0x3f, 0x00, 0x00, 0x00, 0xe6, 0x42,
    0x00, 0x00, 0xc0, 0xc0, 0x8f, 0xc2, 0xf5, 0x3e, 0x00, 0x00, 0x40, 0x9e,
    0x45, 0x9a, 0x99, 0xc9, 0x40, 0xec, 0x51, 0xb8, 0x3f, 0x00, 0x00, 0x80,
    0x23, 0x44, 0x33, 0x33, 0x93, 0x40, 0x00, 0x00, 0xa0, 0x3f, 0x00, 0x00,
    0x80, 0xbc, 0x43, 0x33, 0x33, 0x53, 0xc0, 0xc3, 0xf5, 0xe8, 0x3f, 0x02,
    0x00, 0x40, 0x1c, 0x46, 0x00, 0x00, 0x00, 0xbf, 0x33, 0x33, 0x33, 0x3f,
    0x00, 0x00, 0xa0, 0x31, 0x45, 0xcd, 0xcc, 0x0c, 0xc0, 0x52, 0xb8, 0x6e,
    0x40, 0x00, 0x00, 0x00, 0xac, 0x44, 0xcd, 0xcc, 0x8c, 0x3f, 0x48, 0xe1,
    0x9a, 0x40, 0x00, 0x00, 0x90, 0x54, 0x45, 0x33, 0x33, 0xb3, 0x3f, 0x29,
    0x5c, 0xbf, 0x40, 0x00, 0x00, 0x38, 0xf5, 0x45, 0x66, 0x66, 0xa6, 0x3f,
    0x00, 0x00, 0xc0, 0x40, 0x33, 0x33, 0x73, 0xc0, 0x01, 0x00, 0x00, 0xd2,
    0x42, 0x00, 0x00, 0x80, 0x40, 0x33, 0x33, 0x33, 0x3f, 0x00, 0x00, 0x00,
    0x2d, 0x43, 0x9a, 0x99, 0x39, 0xc0, 0x29, 0x5c, 0x0f, 0x3f, 0x00, 0x00,
    0x9c, 0x11, 0x46, 0x00, 0x00, 0x40, 0x40, 0x9a, 0x99, 0x19, 0x3f, 0x00,
    0x00, 0xe0, 0xcb, 0x44, 0x66, 0x66, 0x26, 0x40, 0xf6, 0x28, 0xdc, 0x3f,
    0x00, 0x00, 0x40, 0x3a, 0x44, 0x66, 0x66, 0xa6, 0xbf, 0x0a, 0xd7, 0x83,
    0x3f, 0x02, 0x00, 0x40, 0x1c, 0x46, 0x33, 0x33, 0x93, 0xc0, 0x33, 0x33,
    0x33, 0x3f, 0x00, 0x00, 0x80, 0x39, 0x45, 0x66, 0x66, 0x06, 0xc0, 0xa4,
    0x70, 0x6d, 0x40, 0x00, 0x00, 0x60, 0x80, 0x45, 0x66, 0x66, 0xe6, 0x3f,
    0x52, 0xb8, 0x86, 0x40, 0x00, 0x00, 0x60, 0x07, 0x45, 0x33, 0x33, 0x33,
    0x3f, 0x52, 0xb8, 0x6e, 0x40, 0x00, 0x00, 0xa8, 0xd3, 0x45, 0xcd, 0xcc,
    0xcc, 0x3f, 0x14, 0xae, 0xbf, 0x40, 0x33, 0x33, 0xd3, 0xc0, 0x01, 0x00,
    0x00, 0xd2, 0x42, 0x33, 0x33, 0x03, 0x41, 0x33, 0x33, 0x33, 0x3f, 0x00,
    0x00, 0x00, 0x88, 0x42, 0x00, 0x00, 0x90, 0xc0, 0x66, 0x66, 0xe6, 0x3e,
    0x00, 0x00, 0x60, 0xff, 0x44, 0x66, 0x66, 0x66, 0x40, 0x71, 0x3d, 0x0a,
    0x40, 0x00, 0x00, 0x20, 0x96, 0x44, 0x9a, 0x99, 0x19, 0xc0, 0x8f, 0xc2,
    0x15, 0x40, 0x00, 0x00, 0x10, 0x3c, 0x45, 0x66, 0x66, 0x26, 0xc0, 0xae,
    0x47, 0x81, 0x40, 0x02, 0x00, 0x40, 0x1c, 0x46, 0x33, 0x33, 0xd3, 0xc0,
    0x33, 0x33, 0x33, 0x3f, 0x00, 0x00, 0xd8, 0x87, 0x45, 0x9a, 0x99, 0xd9,
    0x3f, 0x33, 0x33, 0x73, 0x40, 0x00, 0x00, 0x40, 0x1c, 0x46, 0xcd, 0xcc,
    0x9c, 0x40, 0x33, 0x33, 0x93, 0x3f, 0x00, 0x00, 0xa0, 0x59, 0x45, 0x33,
    0x33, 0xf3, 0xbf, 0x5c, 0x8f, 0xb2, 0x40, 0x00, 0x00, 0x00, 0x5b, 0x43,
    0x00, 0x00, 0x00, 0xbf, 0x48, 0xe1, 0x5a, 0x40, 0x33, 0x33, 0xc3, 0xc0,
    0x01, 0x00, 0x00, 0xd2, 0x42, 0x9a, 0x99, 0xf9, 0x40, 0x33, 0x33, 0x33,
    0x3f, 0x00, 0x00, 0xe8, 0x0e, 0x46, 0x9a, 0x99, 0xf9, 0x40, 0x5c, 0x8f,
    0xc2, 0x3f, 0x00, 0x00, 0x00, 0x86, 0x42, 0xcd, 0xcc, 0x6c, 0xc0, 0xa4,
    0x70, 0xbd, 0x3e, 0x00, 0x00, 0x30, 0xa1, 0x45, 0x66, 0x66, 0x46, 0xc0,
    0x5c, 0x8f, 0xc2, 0x3e, 0x00, 0x00, 0xb8, 0xd8, 0x45, 0x00, 0x00, 0x90,
    0x40, 0xf6, 0x28, 0x3c, 0x40, 0x02, 0x00, 0x40, 0x1c, 0x46, 0xcd, 0xcc,
    0xac, 0xc0, 0x33, 0x33, 0x33, 0x3f, 0x00, 0x00, 0x00, 0xc5, 0x43, 0xcd,
    0xcc, 0xcc, 0x3f, 0xf6, 0x28, 0x0c, 0x40, 0x00, 0x00, 0x00, 0x67, 0x43,
    0x00, 0x00, 0x80, 0xbf, 0x00, 0x00, 0x10, 0x40, 0x00, 0x00, 0x40, 0x27,
    0x44, 0x66, 0x66, 0x66, 0xbf, 0xd7, 0xa3, 0x40, 0x40, 0x00, 0x00, 0x10,
    0x60, 0x45, 0x33, 0x33, 0xb3, 0x3f, 0xcd, 0xcc, 0x9c, 0x40, 0x66, 0x66,
    0x96, 0xc0, 0x01, 0x00, 0x00, 0xd2, 0x42, 0x9a, 0x99, 0xa9, 0x40, 0x33,
    0x33, 0x33, 0x3f, 0x00, 0x00, 0x20, 0xfb, 0x44, 0x00, 0x00, 0xa0, 0x40,
    0x14, 0xae, 0x47, 0x3f, 0x00, 0x00, 0x00, 0x8a, 0x44, 0xcd, 0xcc, 0xac,
    0xc0, 0x0a, 0xd7, 0xc3, 0x3f, 0x00, 0x00, 0x00, 0x28, 0x43, 0xcd, 0xcc,
    0x0c, 0xc0, 0x5c, 0x8f, 0x42, 0x3e, 0x00, 0x00, 0x28, 0xcf, 0x45, 0x00,
    0x00, 0x80, 0x40, 0xa4, 0x70, 0x95, 0x40, 0x02, 0x00, 0x40, 0x1c, 0x46,
    0x33, 0x33, 0x33, 0x3f, 0x33, 0x33, 0x33, 0x3f, 0x00, 0x00, 0x40, 0x1c,
    0x46, 0x33, 0x33, 0x33, 0x3f, 0xb8, 0x1e, 0x15, 0x40, 0x00, 0x00, 0xb0,
    0x80, 0x45, 0x00, 0x00, 0x00, 0x40, 0x48, 0xe1, 0xba, 0x40, 0x00, 0x00,
    0xf0, 0x9a, 0x45, 0xcd, 0xcc, 0x0c, 0xc0, 0x00, 0x00, 0xc0, 0x40, 0x00,
    0x00, 0x00, 0xd3, 0x43, 0x33, 0x33, 0x33, 0x3f, 0x48, 0xe1, 0x6a, 0x40,
    0x9a, 0x99, 0xc9, 0xc0, 0x01, 0x00, 0x00, 0xd2, 0x42, 0x00, 0x00, 0xd0,
    0x40, 0x33, 0x33, 0x33, 0x3f, 0x00, 0x00, 0x00, 0xf2, 0x42, 0x00, 0x00,
    0x00, 0xc0, 0x29, 0x5c, 0x0f, 0x3f, 0x00, 0x00, 0x40, 0x92, 0x44, 0x00,
    0x00, 0x40, 0xc0, 0x5c, 0x8f, 0x02, 0x40, 0x00, 0x00, 0x90, 0xdf, 0x45,
    0x00, 0x00, 0xc0, 0x3f, 0x1f, 0x85, 0xcb, 0x3f, 0x00, 0x00, 0x10, 0x06,
    0x45, 0xcd, 0xcc, 0x0c, 0x40, 0x71, 0x3d, 0x2a, 0x40, 0x02, 0x00, 0x40,
    0x1c, 0x46, 0x9a, 0x99, 0x99, 0xbf, 0x33, 0x33, 0x33, 0x3f, 0x00, 0x00,
    0x00, 0xb9, 0x43, 0x33, 0x33, 0x33, 0x3f, 0xae, 0x47, 0x51, 0x40, 0x00,
    0x00, 0x00, 0x69, 0x43, 0x9a, 0x99, 0x19, 0xbf, 0x8f, 0xc2, 0x25, 0x40,
    0x00, 0x00, 0x00, 0x02, 0x43, 0xcd, 0xcc, 0xcc, 0x3e, 0x29, 0x5c, 0x0f,
    0x40, 0x00, 0x00, 0x00, 0x98, 0x42, 0xcd, 0xcc, 0xcc, 0xbe, 0x48, 0xe1,
    0x1a, 0x40, 0xcd, 0xcc, 0x8c, 0xc0, 0x01, 0x00, 0x00, 0xd2, 0x42, 0x66,
    0x66, 0x96, 0x40, 0x33, 0x33, 0x33, 0x3f, 0x00, 0x00, 0xe0, 0xf6, 0x44,
    0xcd, 0xcc, 0x4c, 0xc0, 0xec, 0x51, 0x38, 0x3f, 0x00, 0x00, 0xc0, 0xf6,
    0x45, 0x66, 0x66, 0x66, 0x40, 0xd7, 0xa3, 0xb0, 0x3f, 0x00, 0x00, 0x00,
    0xd9, 0x43, 0x9a, 0x99, 0x89, 0x40, 0xc3, 0xf5, 0x68, 0x3f, 0x00, 0x00,
    0x00, 0x13, 0x43, 0x00, 0x00, 0x40, 0xc0, 0xf6, 0x28, 0xdc, 0x3e, 0x02,
    0x00, 0x40, 0x1c, 0x46, 0x9a, 0x99, 0x19, 0xbf, 0x33, 0x33, 0x33, 0x3f,
    0x00, 0x00, 0xf8, 0xa3, 0x45, 0xcd, 0xcc, 0x0c, 0xc0, 0xf6, 0x28, 0xbc,
    0x40, 0x00, 0x00, 0xf8, 0xcc, 0x45, 0x33, 0x33, 0xf3, 0x3f, 0x00, 0x00,
    0xc0, 0x40, 0x00, 0x00, 0x50, 0x7f, 0x45, 0xcd, 0xcc, 0x8c, 0x3f, 0x85,
    0xeb, 0xb1, 0x40, 0x00, 0x00, 0xb8, 0xeb, 0x45, 0x9a, 0x99, 0x19, 0xbf,
    0x33, 0x33, 0xbb, 0x40, 0x33, 0x33, 0xc3, 0xc0, 0x01, 0x00, 0x00, 0xd2,
    0x42, 0x00, 0x00, 0xc0, 0x40, 0x33, 0x33, 0x33, 0x3f, 0x00, 0x00, 0xb0,
    0x23, 0x45, 0x66, 0x66, 0x46, 0xc0, 0xcd, 0xcc, 0xcc, 0x3e, 0x00, 0x00,
    0x00, 0xd0, 0x42, 0xcd, 0xcc, 0x8c, 0x3f, 0xae, 0x47, 0x61, 0x3f, 0x00,
    0x00, 0x00, 0xd8, 0x43, 0x66, 0x66, 0x06, 0x40, 0x29, 0x5c, 0x8f, 0x3f,
    0x00, 0x00, 0xd8, 0xcd, 0x45, 0x9a, 0x99, 0x39, 0x40, 0xd7, 0xa3, 0xd0,
    0x3f, 0x02, 0x00, 0x40, 0x1c, 0x46, 0x33, 0x33, 0x33, 0xbf, 0x33, 0x33,
    0x33, 0x3f, 0x00, 0x00, 0xa0, 0x38, 0x45, 0xcd, 0xcc, 0x8c, 0xbf, 0x66,
    0x66, 0x96, 0x40, 0x00, 0x00, 0x60, 0xff, 0x44, 0x33, 0x33, 0x33, 0x3f,
    0xae, 0x47, 0x71, 0x40, 0x00, 0x00, 0x00, 0x75, 0x45, 0xcd, 0xcc, 0x8c,
    0x3f, 0x14, 0xae, 0xbf, 0x40, 0x00, 0x00, 0xa0, 0x94, 0x45, 0x9a, 0x99,
    0x19, 0xbf, 0x66, 0x66, 0x9e, 0x40, 0x66, 0x66, 0xd6, 0xc0, 0x01, 0x00,
    0x00, 0xd2, 0x42, 0xcd, 0xcc, 0x4c, 0x3f, 0x33, 0x33, 0x33, 0x3f, 0x00,
    0x00, 0x00, 0x41, 0x43, 0x9a, 0x99, 0xc9, 0xc0, 0x3d, 0x0a, 0xd7, 0x3e,
    0x00, 0x00, 0x60, 0x93, 0x44, 0x33, 0x33, 0xe3, 0x40, 0xb8, 0x1e, 0x85,
    0x3f, 0x00, 0x00, 0xe8, 0x80, 0x45, 0x33, 0x33, 0xc3, 0x40, 0x48, 0xe1,
    0x4a, 0x40, 0x00, 0x00, 0x00, 0x6a, 0x43, 0xcd, 0xcc, 0x4c, 0xbf, 0xa4,
    0x70, 0x9d, 0x3f, 0x02, 0x00, 0x40, 0x1c, 0x46, 0x66, 0x66, 0x96, 0x40,
    0x33, 0x33, 0x33, 0x3f, 0x00, 0x00, 0x90, 0x37, 0x45, 0x00, 0x00, 0x00,
    0xc0, 0xec, 0x51, 0x80, 0x40, 0x00, 0x00, 0x00, 0x34, 0x42, 0xcd, 0xcc,
    0xcc, 0xbe, 0xa4, 0x70, 0xfd, 0x3f, 0x00, 0x00, 0xb0, 0x57, 0x45, 0x66,
    0x66, 0xe6, 0x3f, 0x00, 0x00, 0xc0, 0x40, 0x00, 0x00, 0x58, 0xf8, 0x45,
    0x00, 0x00, 0x20, 0xc0, 0xd7, 0xa3, 0x98, 0x40, 0x66, 0x66, 0xd6, 0xc0,
    0x01, 0x00, 0x00, 0xd2, 0x42, 0x9a, 0x99, 0xb9, 0xc0, 0x33, 0x33, 0x33,
    0x3f, 0x00, 0x00, 0x00, 0x04, 0x43, 0x66, 0x66, 0xc6, 0xc0, 0xf6, 0x28,
    0x1c, 0x3f, 0x00, 0x00, 0x40, 0x1c, 0x46, 0x66, 0x66, 0xc6, 0x40, 0xae,
    0x47, 0x61, 0x3e, 0x00, 0x00, 0x40, 0xb7, 0x45, 0x33, 0x33, 0x0b, 0xc1,
    0x66, 0x66, 0x06, 0x40, 0x00, 0x00, 0xd0, 0x86, 0x45, 0x33, 0x33, 0x93,
    0x40, 0x48, 0xe1, 0x5a, 0x40, 0x02, 0x00, 0x40, 0x1c, 0x46, 0x00, 0x00,
    0x80, 0xc0, 0x33, 0x33, 0x33, 0x3f, 0x00, 0x00, 0x00, 0x72, 0x43, 0x33,
    0x33, 0x73, 0xc0, 0x1f, 0x85, 0x2b, 0x40, 0x00, 0x00, 0x80, 0xb4, 0x43,
    0x33, 0x33, 0xf3, 0x3f, 0x7b, 0x14, 0x2e, 0x3f, 0x00, 0x00, 0x50, 0x30,
    0x45, 0x33, 0x33, 0x73, 0xc0, 0x85, 0xeb, 0x99, 0x40, 0x00, 0x00, 0x10,
    0x55, 0x45, 0x00, 0x00, 0x40, 0x40, 0x8f, 0xc2, 0xb5, 0x40, 0xcd, 0xcc,
    0xcc, 0xc0, 0x01, 0x00, 0x00, 0xd2, 0x42, 0x00, 0x00, 0x18, 0x41, 0x33,
    0x33, 0x33, 0x3f, 0x00, 0x00, 0x00, 0xb7, 0x43, 0x9a, 0x99, 0xf9, 0x40,
    0x66, 0x66, 0x66, 0x3f, 0x00, 0x00, 0x00, 0x44, 0x42, 0x00, 0x00, 0x48,
    0xc1, 0xd7, 0xa3, 0xf0, 0x3e, 0x00, 0x00, 0x80, 0x7a, 0x45, 0x00, 0x00,
    0xd0, 0xc0, 0x85, 0xeb, 0xd1, 0x3e, 0x00, 0x00, 0x00, 0xb1, 0x44, 0xcd,
    0xcc, 0x8c, 0x40, 0x33, 0x33, 0x23, 0x40, 0x02, 0x00, 0x40, 0x1c, 0x46,
    0x9a, 0x99, 0x01, 0xc1, 0x33, 0x33, 0x33, 0x3f, 0x00, 0x00, 0xb0, 0x6e,
    0x45, 0x33, 0x33, 0xa3, 0x40, 0x0a, 0xd7, 0x43, 0x40, 0x00, 0x00, 0x80,
    0xaa, 0x45, 0x9a, 0x99, 0x09, 0xc1, 0x0a, 0xd7, 0x83, 0x40, 0x00, 0x00,
    0x80, 0x2d, 0x45, 0x00, 0x00, 0x80, 0xc0, 0x48, 0xe1, 0x3a, 0x40, 0x00,
    0x00, 0xa0, 0x10, 0x46, 0x66, 0x66, 0x86, 0x40, 0x52, 0xb8, 0x1e, 0x3f,
    0x9a, 0x99, 0xc9, 0xc0, 0x01, 0x00, 0x00, 0xd2, 0x42, 0x66, 0x66, 0xd6,
    0x40, 0x33, 0x33, 0x33, 0x3f, 0x00, 0x00, 0x00, 0xd2, 0x42, 0x66, 0x66,
    0x06, 0xc0, 0x66, 0x66, 0xe6, 0x3e, 0x00, 0x00, 0xa0, 0xe6, 0x44, 0x9a,
    0x99, 0x39, 0x40, 0xe1, 0x7a, 0xf4, 0x3f, 0x00, 0x00, 0x60, 0x43, 0x45,
    0x66, 0x66, 0x66, 0xc0, 0x00, 0x00, 0x30, 0x40, 0x00, 0x00, 0x10, 0xc3,
    0x45, 0x00, 0x00, 0x20, 0x40, 0xec, 0x51, 0xa0, 0x40, 0x02, 0x00, 0x40,
    0x1c, 0x46, 0x9a, 0x99, 0xd9, 0xc0, 0x33, 0x33, 0x33, 0x3f, 0x00, 0x00,
    0xf8, 0x0a, 0x46, 0x9a, 0x99, 0xd9, 0x3f, 0xa4, 0x70, 0x9d, 0x3f, 0x00,
    0x00, 0x00, 0x11, 0x44, 0x66, 0x66, 0x66, 0x3f, 0x0a, 0xd7, 0x33, 0x40,
    0x00, 0x00, 0x40, 0x75, 0x44, 0xcd, 0xcc, 0x4c, 0xbf, 0xb8, 0x1e, 0x45,
    0x40, 0x00, 0x00, 0x00, 0x88, 0x43, 0xcd, 0xcc, 0xcc, 0xbe, 0xae, 0x47,
    0x01, 0x40, 0x66, 0x66, 0xc6, 0xc0, 0x01, 0x00, 0x00, 0xd2, 0x42, 0x00,
    0x00, 0xd0, 0x40, 0x33, 0x33, 0x33, 0x3f, 0x00, 0x00, 0x00, 0x89, 0x43,
    0x33, 0x33, 0x13, 0xc0, 0xb8, 0x1e, 0x45, 0x3f, 0x00, 0x00, 0x20, 0xf2,
    0x44, 0x66, 0x66, 0x26, 0x40, 0xc3, 0xf5, 0x18, 0x40, 0x00, 0x00, 0x00,
    0x82, 0x42, 0x66, 0x66, 0x26, 0xc0, 0xec, 0x51, 0x78, 0x3f, 0x00, 0x00,
    0xe0, 0xa9, 0x45, 0x9a, 0x99, 0x39, 0x40, 0x00, 0x00, 0xc0, 0x40, 0x02,
    0x00, 0x40, 0x1c, 0x46, 0x66, 0x66, 0xb6, 0xc0, 0x33, 0x33, 0x33, 0x3f,
    0x00, 0x00, 0x54, 0x09, 0x46, 0x66, 0x66, 0xe6, 0x3f, 0x71, 0x3d, 0x1a,
    0x40, 0x00, 0x00, 0x00, 0x92, 0x44, 0x33, 0x33, 0x33, 0xbf, 0x66, 0x66,
    0xae, 0x40, 0x00, 0x00, 0x40, 0x6f, 0x44, 0xcd, 0xcc, 0xcc, 0x3e, 0x5c,
    0x8f, 0x8a, 0x40, 0x00, 0x00, 0x40, 0x01, 0x44, 0x9a, 0x99, 0x19, 0x3f,
    0x00, 0x00, 0xc0, 0x40, 0x66, 0x66, 0xb6, 0xc0, 0x01, 0x00, 0x00, 0xd2,
    0x42, 0x9a, 0x99, 0x99, 0x3e, 0x33, 0x33, 0x33, 0x3f, 0x00, 0x00, 0x00,
    0x28, 0x43, 0x9a, 0x99, 0x89, 0xc0, 0x00, 0x00, 0x80, 0x3f, 0x00, 0x00,
    0x50, 0x29, 0x45, 0x9a, 0x99, 0x39, 0x40, 0x9a, 0x99, 0x99, 0x3f, 0x00,
    0x00, 0x00, 0x92, 0x42, 0xcd, 0xcc, 0x0c, 0x40, 0xd7, 0xa3, 0x10, 0x40,
    0x00, 0x00, 0xc0, 0x66, 0x44, 0x9a, 0x99, 0xd9, 0x3f, 0x33, 0x33, 0xd3,
    0x3f, 0x02, 0x00, 0x40, 0x1c, 0x46, 0x66, 0x66, 0xb6, 0x40, 0x33, 0x33,
    0x33, 0x3f, 0x00, 0x00, 0xc8, 0xa9, 0x45, 0x66, 0x66, 0x06, 0xc0, 0x48,
    0xe1, 0xba, 0x3f, 0x00, 0x00, 0x30, 0x84, 0x45, 0xcd, 0xcc, 0x2c, 0x40,
    0xec, 0x51, 0x78, 0x40, 0x00, 0x00, 0x00, 0xc3, 0x43, 0x00, 0x00, 0x00,
    0x3f, 0xe1, 0x7a, 0x24, 0x40, 0x00, 0x00, 0x24, 0x11, 0x46, 0x33, 0x33,
    0xf3, 0xbf, 0x1f, 0x85, 0x6b, 0x40, 0x33, 0x33, 0xa3, 0xc0, 0x01, 0x00,
    0x00, 0xd2, 0x42, 0x33, 0x33, 0xa3, 0x40, 0x33, 0x33, 0x33, 0x3f, 0x00,
    0x00, 0x00, 0xf8, 0x44, 0x66, 0x66, 0xb6, 0x40, 0xa4, 0x70, 0x1d, 0x40,
    0x00, 0x00, 0x40, 0x76, 0x44, 0xcd, 0xcc, 0x0c, 0xc0, 0xae, 0x47, 0x81,
    0x3f, 0x00, 0x00, 0x80, 0xb8, 0x45, 0x9a, 0x99, 0x99, 0xc0, 0x48, 0xe1,
    0xba, 0x40, 0x00, 0x00, 0x40, 0x3b, 0x45, 0x33, 0x33, 0x53, 0xc0, 0x66,
    0x66, 0x8e, 0x40, 0x02, 0x00, 0x40, 0x1c, 0x46, 0x9a, 0x99, 0x19, 0x3f,
    0x33, 0x33, 0x33, 0x3f, 0x00, 0x00, 0x68, 0x86, 0x45, 0x00, 0x00, 0x40,
    0x40, 0x00, 0x00, 0xc0, 0x40, 0x00, 0x00, 0x00, 0x92, 0x42, 0x9a, 0x99,
    0x19, 0xbf, 0x14, 0xae, 0xe7, 0x3f, 0x00, 0x00, 0x00, 0x5e, 0x43, 0x9a,
    0x99, 0x19, 0xbf, 0x85, 0xeb, 0x01, 0x40, 0x00, 0x00, 0x80, 0x59, 0x45,
    0x00, 0x00, 0x80, 0xbf, 0x00, 0x00, 0xc0, 0x40, 0x66, 0x66, 0xc6, 0xc0,
    0x01, 0x00, 0x00, 0xd2, 0x42, 0xcd, 0xcc, 0x2c, 0xc0, 0x33, 0x33, 0x33,
    0x3f, 0x00, 0x00, 0x00, 0x42, 0x43, 0xcd, 0xcc, 0x6c, 0xc0, 0xf6, 0x28,
    0x5c, 0x3f, 0x00, 0x00, 0x30, 0x10, 0x45, 0x00, 0x00, 0xc0, 0x40, 0x3d,
    0x0a, 0xd7, 0x3f, 0x00, 0x00, 0x60, 0x56, 0x45, 0x66, 0x66, 0x96, 0xc0,
    0xae, 0x47, 0x21, 0x40, 0x00, 0x00, 0x20, 0xdb, 0x44, 0x00, 0x00, 0x20,
    0x40, 0x48, 0xe1, 0x1a, 0x40, 0x02, 0x00, 0x40, 0x1c, 0x46, 0x00, 0x00,
    0x40, 0x40, 0x33, 0x33, 0x33, 0x3f, 0x00, 0x00, 0x40, 0x47, 0x44, 0xcd,
    0xcc, 0x4c, 0xbf, 0xec, 0x51, 0xd8, 0x3f, 0x00, 0x00, 0x00, 0xa6, 0x42,
    0x9a, 0x99, 0x99, 0x3f, 0xe1, 0x7a, 0x44, 0x40, 0x00, 0x00, 0x00, 0x20,
    0x42, 0x9a, 0x99, 0x19, 0xbf, 0x3d, 0x0a, 0xb7, 0x3f, 0x00, 0x00, 0xc8,
    0xdb, 0x45, 0xcd, 0xcc, 0x2c, 0x40, 0xcd, 0xcc, 0xbc, 0x40, 0x33, 0x33,
    0xc3, 0xc0, 0x01, 0x00, 0x00, 0xd2, 0x42, 0xcd, 0xcc, 0x6c, 0x40, 0x33,
    0x33, 0x33, 0x3f, 0x00, 0x00, 0x00, 0x20, 0x43, 0x33, 0x33, 0x13, 0xc0,
    0x5c, 0x8f, 0x42, 0x3e, 0x00, 0x00, 0x48, 0x10, 0x46, 0x33, 0x33, 0xc3,
    0x40, 0x00, 0x00, 0x80, 0x3f, 0x00, 0x00, 0x60, 0x0d, 0x45, 0x00, 0x00,
    0x60, 0x40, 0x52, 0xb8, 0xfe, 0x3f, 0x00, 0x00, 0xf0, 0x63, 0x45, 0x9a,
    0x99, 0x79, 0xc0, 0x3d, 0x0a, 0x77, 0x40, 0x02, 0x00, 0x40, 0x1c, 0x46,
    0x00, 0x00, 0x00, 0x80, 0x33, 0x33, 0x33, 0x3f, 0x00, 0x00, 0x00, 0xfc,
    0x43, 0x9a, 0x99, 0x19, 0x3f, 0x7b, 0x14, 0x8e, 0x3f, 0x00, 0x00, 0x20,
    0x81, 0x44, 0x9a, 0x99, 0x99, 0xbf, 0x52, 0xb8, 0x2e, 0x40, 0x00, 0x00,
    0x00, 0x54, 0x42, 0xcd, 0xcc, 0x4c, 0xbf, 0xa4, 0x70, 0xfd, 0x3f, 0x00,
    0x00, 0x00, 0x84, 0x42, 0x9a, 0x99, 0x19, 0x3f, 0x1f, 0x85, 0x8b, 0x40,
    0x66, 0x66, 0xc6, 0xc0, 0x01, 0x00, 0x00, 0xd2, 0x42, 0x66, 0x66, 0x26,
    0x40, 0x33, 0x33, 0x33, 0x3f, 0x00, 0x00, 0x00, 0x3c, 0x43, 0xcd, 0xcc,
    0xbc, 0xc0, 0x8f, 0xc2, 0xf5, 0x3e, 0x00, 0x00, 0x80, 0xcc, 0x43, 0x33,
    0x33, 0x1b, 0x41, 0x9a, 0x99, 0xd9, 0x3f, 0x00, 0x00, 0xc0, 0x00, 0x45,
    0x33, 0x33, 0x53, 0xc0, 0x1f, 0x85, 0x0b, 0x40, 0x00, 0x00, 0x40, 0xef,
    0x45, 0xcd, 0xcc, 0x9c, 0x40, 0x00, 0x00, 0x40, 0x40, 0x02, 0x00, 0x40,
    0x1c, 0x46, 0xcd, 0xcc, 0xcc, 0xbd, 0x33, 0x33, 0x33, 0x3f, 0x00, 0x00,
    0x00, 0x10, 0x42, 0x9a, 0x99, 0x79, 0x40, 0x3d, 0x0a, 0x9f, 0x40, 0x00,
    0x00, 0x00, 0x4c, 0x42, 0x66, 0x66, 0xe6, 0xbf, 0xa4, 0x70, 0x2d, 0x40,
    0x00, 0x00, 0xa0, 0x77, 0x45, 0x9a, 0x99, 0x39, 0xc0, 0xe1, 0x7a, 0xbc,
    0x40, 0x00, 0x00, 0xa0, 0x46, 0x45, 0x9a, 0x99, 0x39, 0x40, 0x00, 0x00,
    0xc0, 0x40, 0x66, 0x66, 0xd6, 0xc0, 0x01, 0x00, 0x00, 0xd2, 0x42, 0x66,
    0x66, 0x86, 0x40, 0x33, 0x33, 0x33, 0x3f, 0x00, 0x00, 0x40, 0x1c, 0x46,
    0x00, 0x00, 0xc0, 0x40, 0x48, 0xe1, 0xfa, 0x3e, 0x00, 0x00, 0x40, 0x9c,
    0x44, 0x00, 0x00, 0x60, 0xc0, 0x48, 0xe1, 0x3a, 0x3f, 0x00, 0x00, 0x00,
    0xda, 0x42, 0x00, 0x00, 0x00, 0xc0, 0x52, 0xb8, 0x1e, 0x3f, 0x00, 0x00,
    0x00, 0x4c, 0x42, 0x66, 0x66, 0x46, 0x40, 0x1f, 0x85, 0xab, 0x3f, 0x02,
    0x00, 0x40, 0x1c, 0x46, 0x66, 0x66, 0xa6, 0x3f, 0x33, 0x33, 0x33, 0x3f,
    0x00, 0x00, 0xf0, 0xb2, 0x45, 0x66, 0x66, 0xb6, 0xc0, 0x00, 0x00, 0xc0,
    0x40, 0x00, 0x00, 0xa0, 0x4c, 0x45, 0x33, 0x33, 0x83, 0x40, 0x0a, 0xd7,
    0x93, 0x40, 0x00, 0x00, 0xc0, 0x03, 0x45, 0x9a, 0x99, 0x99, 0xbf, 0xc3,
    0xf5, 0x18, 0x40, 0x00, 0x00, 0xd8, 0xd6, 0x45, 0x00, 0x00, 0x00, 0x40,
    0xec, 0x51, 0xb8, 0x40, 0x00, 0x00, 0xc0, 0xc0, 0x01, 0x00, 0x00, 0xd2,
    0x42, 0x00, 0x00, 0xc0, 0xbf, 0x33, 0x33, 0x33, 0x3f, 0x00, 0x00, 0x80,
    0x87, 0x43, 0x00, 0x00, 0xd0, 0x40, 0x85, 0xeb, 0xb1, 0x3f, 0x00, 0x00,
    0x00, 0xc6, 0x42, 0xcd, 0xcc, 0xbc, 0xc0, 0x3d, 0x0a, 0xb7, 0x3f, 0x00,
    0x00, 0x00, 0x18, 0x42, 0x00, 0x00, 0x60, 0x40, 0xe1, 0x7a, 0x54, 0x40,
    0x00, 0x00, 0x00, 0x6e, 0x45, 0x66, 0x66, 0x46, 0xc0, 0x52, 0xb8, 0x2e,
    0x40, 0x02, 0x00, 0x40, 0x1c, 0x46, 0x00, 0x00, 0xa0, 0xc0, 0x33, 0x33,
    0x33, 0x3f, 0x00, 0x00, 0x80, 0x4f, 0x44, 0x00, 0x00, 0xc0, 0xbf, 0x66,
    0x66, 0x06, 0x40, 0x00, 0x00, 0x00, 0x60, 0x42, 0xcd, 0xcc, 0x2c, 0x40,
    0x1f, 0x85, 0xb3, 0x40, 0x00, 0x00, 0x00, 0xd2, 0x44, 0x00, 0x00, 0x80,
    0x3f, 0xf6, 0x28, 0x3c, 0x40, 0x00, 0x00, 0x00, 0x8e, 0x42, 0x33, 0x33,
    0xb3, 0xbf, 0xcd, 0xcc, 0x84, 0x40, 0x33, 0x33, 0xd3, 0xc0, 0x01, 0x00,
    0x00, 0xd2, 0x42, 0xcd, 0xcc, 0x04, 0x41, 0x33, 0x33, 0x33, 0x3f, 0x00,
    0x00, 0x00, 0x74, 0x42, 0x33, 0x33, 0xf3, 0xc0, 0x33, 0x33, 0x33, 0x3f,
    0x00, 0x00, 0x00, 0x84, 0x43, 0x66, 0x66, 0xa6, 0xbf, 0x14, 0xae, 0x17,
    0x40, 0x00, 0x00, 0x40, 0x0f, 0x45, 0x66, 0x66, 0x46, 0x40, 0xa4, 0x70,
    0x4d, 0x40, 0x00, 0x00, 0x18, 0x12, 0x46, 0x33, 0x33, 0x13, 0x40, 0xa4,
    0x70, 0x0d, 0x40, 0x02, 0x00, 0x40, 0x1c, 0x46, 0x66, 0x66, 0x26, 0xc0,
    0x33, 0x33, 0x33, 0x3f, 0x00, 0x00, 0x10, 0x6b, 0x45, 0x9a, 0x99, 0x19,
    0x40, 0x00, 0x00, 0xc0, 0x40, 0x00, 0x00, 0x28, 0xb4, 0x45, 0x66, 0x66,
    0x06, 0xc0, 0x52, 0xb8, 0xbe, 0x40, 0x00, 0x00, 0x38, 0xd4, 0x45, 0xcd,
    0xcc, 0x0c, 0x40, 0x00, 0x00, 0xc0, 0x40, 0x00, 0x00, 0x60, 0xbe, 0x44,
    0x66, 0x66, 0x66, 0xbf, 0xc3, 0xf5, 0x88, 0x40, 0x9a, 0x99, 0xc9, 0xc0,
    0x01, 0x00, 0x00, 0xd2, 0x42, 0x9a, 0x99, 0xd9, 0x40, 0x33, 0x33, 0x33,
    0x3f, 0x00, 0x00, 0xc0, 0x67, 0x44, 0x33, 0x33, 0x33, 0xc0, 0x85, 0xeb,
    0x91, 0x3f, 0x00, 0x00, 0x00, 0xee, 0x42, 0x9a, 0x99, 0x19, 0xc0, 0x7b,
    0x14, 0xae, 0x3e, 0x00, 0x00, 0xb8, 0xb4, 0x45, 0x9a, 0x99, 0x99, 0x40,
    0xf6, 0x28, 0x5c, 0x3f, 0x00, 0x00, 0x28, 0x17, 0x46, 0x66, 0x66, 0x26,
    0x40, 0x1f, 0x85, 0xbb, 0x40, 0x02, 0x00, 0x40, 0x1c, 0x46, 0x00, 0x00,
    0x60, 0x40, 0x33, 0x33, 0x33, 0x3f, 0x00, 0x00, 0x80, 0x80, 0x43, 0x66,
    0x66, 0xa6, 0xbf, 0xec, 0x51, 0x28, 0x40, 0x00, 0x00, 0x00, 0x3e, 0x43,
    0x33, 0x33, 0xb3, 0x3f, 0x5c, 0x8f, 0x12, 0x40, 0x00, 0x00, 0x80, 0xdb,
    0x43, 0x00, 0x00, 0xc0, 0x3f, 0x66, 0x66, 0x66, 0x40, 0x00, 0x00, 0x00,
    0x99, 0x43, 0x33, 0x33, 0x33, 0xbf, 0x00, 0x00, 0xe0, 0x3f, 0x66, 0x66,
    0x66, 0xc0, 0x01, 0x00, 0x00, 0xd2, 0x42, 0x33, 0x33, 0xf3, 0x3f, 0x33,
    0x33, 0x33, 0x3f, 0x00, 0x00, 0x00, 0xf8, 0x42, 0xcd, 0xcc, 0xac, 0xc0,
    0xc3, 0xf5, 0x28, 0x3f, 0x00, 0x00, 0x80, 0xb1, 0x43, 0x9a, 0x99, 0x89,
    0x40, 0x14, 0xae, 0xa7, 0x3f, 0x00, 0x00, 0x00, 0x60, 0x42, 0x9a, 0x99,
    0x79, 0x40, 0x29, 0x5c, 0xaf, 0x3f, 0x00, 0x00, 0x88, 0x8e, 0x45, 0x00,
    0x00, 0x20, 0x40, 0x29, 0x5c, 0x1f, 0x40, 0x02, 0x00, 0x40, 0x1c, 0x46,
    0x9a, 0x99, 0x59, 0x40, 0x33, 0x33, 0x33, 0x3f, 0x00, 0x00, 0xa0, 0xcd,
    0x45, 0x9a, 0x99, 0x39, 0xc0, 0x52, 0xb8, 0xbe, 0x40, 0x00, 0x00, 0x30,
    0x1f, 0x45, 0xcd, 0xcc, 0x4c, 0xbf, 0x1f, 0x85, 0x3b, 0x40, 0x00, 0x00,
    0x80, 0x81, 0x44, 0x33, 0x33, 0x33, 0x3f, 0xb8, 0x1e, 0x8d, 0x40, 0x00,
    0x00, 0xd0, 0xad, 0x45, 0xcd, 0xcc, 0x8c, 0x3f, 0x00, 0x00, 0xc0, 0x40,
    0x33, 0x33, 0x93, 0xc0, 0x01, 0x00, 0x00, 0xd2, 0x42, 0x00, 0x00, 0x60,
    0x40, 0x33, 0x33, 0x33, 0x3f, 0x00, 0x00, 0x00, 0xa2, 0x42, 0x66, 0x66,
    0xf6, 0xc0, 0xb8, 0x1e, 0x05, 0x3f, 0x00, 0x00, 0x00, 0xa5, 0x43, 0x33,
    0x33, 0xb3, 0x40, 0x9a, 0x99, 0xb9, 0x3f, 0x00, 0x00, 0x00, 0x34, 0x42,
    0x66, 0x66, 0xc6, 0x40, 0xcd, 0xcc, 0x8c, 0x3f, 0x00, 0x00, 0x40, 0xfb,
    0x44, 0xcd, 0xcc, 0x0c, 0xc0, 0x3d, 0x0a, 0xf7, 0x3f, 0x02, 0x00, 0x40,
    0x1c, 0x46, 0x00, 0x00, 0x40, 0x40, 0x33, 0x33, 0x33, 0x3f, 0x00, 0x00,
    0x10, 0xb7, 0x45, 0xcd, 0xcc, 0xcc, 0xbf, 0x00, 0x00, 0xc0, 0x40, 0x00,
    0x00, 0xf0, 0x9f, 0x45, 0x33, 0x33, 0xb3, 0x3f, 0x14, 0xae, 0xbf, 0x40,
    0x00, 0x00, 0x30, 0x73, 0x45, 0x9a, 0x99, 0x99, 0x3f, 0x00, 0x00, 0xc0,
    0x40, 0x00, 0x00, 0xc0, 0x29, 0x45, 0x00, 0x00, 0x80, 0xbf, 0xae, 0x47,
    0xb9, 0x40, 0x66, 0x66, 0x86, 0xc0, 0x01, 0x00, 0x00, 0xd2, 0x42, 0x33,
    0x33, 0x53, 0x40, 0x33, 0x33, 0x33, 0x3f, 0x00, 0x00, 0x80, 0xff, 0x45,
    0x33, 0x33, 0x83, 0x40, 0xd7, 0xa3, 0x90, 0x3f, 0x00, 0x00, 0x00, 0x04,
    0x43, 0xcd, 0xcc, 0x6c, 0xc0, 0xc3, 0xf5, 0x68, 0x3f, 0x00, 0x00, 0x90,
    0x04, 0x45, 0x33, 0x33, 0x13, 0xc0, 0xd7, 0xa3, 0x70, 0x3f, 0x00, 0x00,
    0x80, 0xb4, 0x43, 0x33, 0x33, 0x53, 0x40, 0x33, 0x33, 0xd3, 0x3f, 0x02,
    0x00, 0x40, 0x1c, 0x46, 0x66, 0x66, 0x66, 0x3f, 0x33, 0x33, 0x33, 0x3f,
    0x00, 0x00, 0x00, 0x60, 0x42, 0x33, 0x33, 0xb3, 0x3f, 0x8f, 0xc2, 0x45,
    0x40, 0x00, 0x00, 0x00, 0xa6, 0x42, 0x00, 0x00, 0x80, 0xbf, 0x5c, 0x8f,
    0x22, 0x40, 0x00, 0x00, 0x00, 0x01, 0x43, 0xcd, 0xcc, 0xcc, 0x3e, 0xc3,
    0xf5, 0x48, 0x40, 0x00, 0x00, 0x28, 0xba, 0x45, 0x33, 0x33, 0x33, 0xbf,
    0x00, 0x00, 0xc0, 0x40, 0x66, 0x66, 0x26, 0xc0, 0x01, 0x00, 0x00, 0xd2,
    0x42, 0x00, 0x00, 0x00, 0x00, 0x33, 0x33, 0x33, 0x3f, 0x00, 0x00, 0x0c,
    0x12, 0x46, 0x33, 0x33, 0x33, 0x40, 0x00, 0x00, 0xc0, 0x3f, 0x00, 0x00,
    0x00, 0xa2, 0x42, 0x00, 0x00, 0x80, 0xc0, 0x48, 0xe1, 0xba, 0x3f, 0x00,
    0x00, 0xb0, 0x49, 0x45, 0x9a, 0x99, 0x19, 0xc0, 0xa4, 0x70, 0x3d, 0x40,
    0x00, 0x00, 0x40, 0xe5, 0x44, 0x9a, 0x99, 0xd9, 0x3f, 0x8f, 0xc2, 0x05,
    0x40, 0x02, 0x00, 0x40, 0x1c, 0x46, 0x00, 0x00, 0x00, 0xbf, 0x33, 0x33,
    0x33, 0x3f, 0x00, 0x00, 0x80, 0x97, 0x43, 0x66, 0x66, 0x66, 0x3f, 0x29,
    0x5c, 0xef, 0x3f, 0x00, 0x00, 0x00, 0x2f, 0x43, 0x66, 0x66, 0x66, 0xbf,
    0x71, 0x3d, 0x2a, 0x40, 0x00, 0x00, 0x20, 0x9b, 0x45, 0x00, 0x00, 0x80,
    0x3f, 0x1f, 0x85, 0x8b, 0x40, 0x00, 0x00, 0x80, 0x7d, 0x44, 0x9a, 0x99,
    0x19, 0xbf, 0xf6, 0x28, 0x1c, 0x40, 0x9a, 0x99, 0xc9, 0xc0, 0x01, 0x00,
    0x00, 0xd2, 0x42, 0x33, 0x33, 0xc3, 0x40, 0x33, 0x33, 0x33, 0x3f, 0x00,
    0x00, 0xd0, 0x03, 0x45, 0x33, 0x33, 0xf3, 0xc0, 0xb8, 0x1e, 0x05, 0x40,
    0x00, 0x00, 0x80, 0xeb, 0x43, 0x33, 0x33, 0xf3, 0x3f, 0x66, 0x66, 0x66,
    0x3f, 0x00, 0x00, 0x00, 0xfc, 0x42, 0x00, 0x00, 0x00, 0xc0, 0x71, 0x3d,
    0xaa, 0x3f, 0x00, 0x00, 0x00, 0x9c, 0x42, 0xcd, 0xcc, 0x0c, 0x40, 0x33,
    0x33, 0x43, 0x40, 0x02, 0x00, 0x40, 0x1c, 0x46, 0x9a, 0x99, 0x99, 0xbf,
    0x33, 0x33, 0x33, 0x3f, 0x00, 0x00, 0xc8, 0xe7, 0x45, 0x66, 0x66, 0x26,
    0x40, 0x00, 0x00, 0x98, 0x40, 0x00, 0x00, 0x08, 0x94, 0x45, 0xcd, 0xcc,
    0x4c, 0x40, 0x00, 0x00, 0xc0, 0x40, 0x00, 0x00, 0xb0, 0x67, 0x45, 0x9a,
    0x99, 0x39, 0xc0, 0x7b, 0x14, 0xbe, 0x40, 0x00, 0x00, 0xe0, 0x46, 0x45,
    0xcd, 0xcc, 0x0c, 0x40, 0x00, 0x00, 0xc0, 0x40, 0x66, 0x66, 0xc6, 0xc0,
    0x01, 0x00, 0x00, 0xd2, 0x42, 0x33, 0x33, 0x13, 0x40, 0x33, 0x33, 0x33,
    0x3f, 0x00, 0x00, 0x80, 0xd7, 0x43, 0x66, 0x66, 0xd6, 0x40, 0x00, 0x00,
    0x40, 0x3f, 0x00, 0x00, 0x00, 0x19, 0x43, 0x66, 0x66, 0xa6, 0xc0, 0x5c,
    0x8f, 0x02, 0x3f, 0x00, 0x00, 0xe0, 0x1f, 0x45, 0x66, 0x66, 0xd6, 0xc0,
    0xe1, 0x7a, 0xb4, 0x3f, 0x00, 0x00, 0x80, 0x39, 0x44, 0x9a, 0x99, 0x19,
    0x40, 0x0a, 0xd7, 0x63, 0x3f, 0x02, 0x00, 0x40, 0x1c, 0x46, 0x66, 0x66,
    0xd6, 0xc0, 0x33, 0x33, 0x33, 0x3f, 0x00, 0x00, 0xc8, 0xb8, 0x45, 0x9a,
    0x99, 0x59, 0xc0, 0x00, 0x00, 0x88, 0x40, 0x00, 0x00, 0x70, 0x8c, 0x45,
    0x66, 0x66, 0x66, 0x40, 0x48, 0xe1, 0x92, 0x40, 0x00, 0x00, 0x00, 0x40,
    0x42, 0x00, 0x00, 0x00, 0xbf, 0x5c, 0x8f, 0xc2, 0x3f, 0x00, 0x00, 0x00,
    0xa8, 0x42, 0x9a, 0x99, 0x19, 0x3f, 0x00, 0x00, 0x30, 0x40, 0x9a, 0x99,
    0x59, 0xc0, 0x01, 0x00, 0x00, 0xd2, 0x42, 0x00, 0x00, 0x00, 0xc0, 0x33,
    0x33, 0x33, 0x3f, 0x00, 0x00, 0x00, 0xf2, 0x42, 0x33, 0x33, 0x53, 0xc0,
    0x52, 0xb8, 0x9e, 0x3f, 0x00, 0x00, 0x10, 0x07, 0x46, 0x00, 0x00, 0x60,
    0x40, 0x71, 0x3d, 0x0a, 0x40, 0x00, 0x00, 0x70, 0x8d, 0x45, 0x66, 0x66,
    0x26, 0x40, 0xf6, 0x28, 0x6c, 0x40, 0x00, 0x00, 0x80, 0xb2, 0x44, 0x33,
    0x33, 0x33, 0x3f, 0x85, 0xeb, 0xd1, 0x3f, 0x02, 0x00, 0x40, 0x1c, 0x46,
    0x33, 0x33, 0xb3, 0xbf, 0x33, 0x33, 0x33, 0x3f, 0x00, 0x00, 0x70, 0x44,
    0x45, 0xcd, 0xcc, 0x4c, 0xbf, 0x00, 0x00, 0x90, 0x40, 0x00, 0x00, 0xc8,
    0xe8, 0x45, 0x66, 0x66, 0xa6, 0x3f, 0x52, 0xb8, 0xbe, 0x40, 0x00, 0x00,
    0xb0, 0xc7, 0x45, 0x33, 0x33, 0xb3, 0xbf, 0x00, 0x00, 0xc0, 0x40, 0x00,
    0x00, 0x08, 0xa8, 0x45, 0xcd, 0xcc, 0x4c, 0x3f, 0x7b, 0x14, 0xa6, 0x40,
    0x9a, 0x99, 0xc9, 0xc0, 0x01, 0x00, 0x00, 0xd2, 0x42, 0xcd, 0xcc, 0x9c,
    0x40, 0x33, 0x33, 0x33, 0x3f, 0x00, 0x00, 0x00, 0x0b, 0x43, 0x00, 0x00,
    0x00, 0xc1, 0xb8, 0x1e, 0x45, 0x3f, 0x00, 0x00, 0xf4, 0x0c, 0x46, 0xcd,
    0xcc, 0x9c, 0x40, 0xb8, 0x1e, 0x25, 0x40, 0x00, 0x00, 0x10, 0x42, 0x45,
    0xcd, 0xcc, 0x4c, 0x40, 0x66, 0x66, 0xe6, 0x3e, 0x00, 0x00, 0x00, 0x10,
    0x42, 0x9a, 0x99, 0x19, 0x40, 0x66, 0x66, 0x86, 0x3f, 0x02, 0x00, 0x40,
    0x1c, 0x46, 0x9a, 0x99, 0x39, 0xc0, 0x33, 0x33, 0x33, 0x3f, 0x00, 0x00,
    0x80, 0xd7, 0x43, 0x33, 0x33, 0x33, 0x3f, 0xcd, 0xcc, 0xcc, 0x3f, 0x00,
    0x00, 0x80, 0x8a, 0x43, 0xcd, 0xcc, 0x8c, 0xbf, 0x1f, 0x85, 0x8b, 0x40,
    0x00, 0x00, 0x00, 0x8a, 0x42, 0x9a, 0x99, 0x19, 0xbf, 0x33, 0x33, 0x53,
    0x40, 0x00, 0x00, 0x98, 0x94, 0x45, 0x66, 0x66, 0xa6, 0x3f, 0x00, 0x00,
    0xc0, 0x40, 0xcd, 0xcc, 0xac, 0xc0, 0x01, 0x00, 0x00, 0xd2, 0x42, 0x33,
    0x33, 0x33, 0x3f, 0x33, 0x33, 0x33, 0x3f, 0x00, 0x00, 0xa0, 0xf3, 0x44,
    0x00, 0x00, 0x00, 0x41, 0x33, 0x33, 0x33, 0x3f, 0x00, 0x00, 0xd0, 0x70,
    0x45, 0x00, 0x00, 0xf0, 0xc0, 0xb8, 0x1e, 0x05, 0x3f, 0x00, 0x00, 0x40,
    0x12, 0x46, 0x9a, 0x99, 0x09, 0x41, 0xec, 0x51, 0x08, 0x40, 0x00, 0x00,
    0x00, 0x41, 0x43, 0xcd, 0xcc, 0x2c, 0xc0, 0xf6, 0x28, 0xdc, 0x3e, 0x02,
    0x00, 0x40, 0x1c, 0x46, 0xcd, 0xcc, 0x0c, 0xc0, 0x33, 0x33, 0x33, 0x3f,
    0x00, 0x00, 0x00, 0xac, 0x42, 0x33, 0x33, 0x33, 0xbf, 0x0a, 0xd7, 0xa3,
    0x3f, 0x00, 0x00, 0x00, 0x43, 0x43, 0xcd, 0xcc, 0xcc, 0x3f, 0x29, 0x5c,
    0x4f, 0x40, 0x00, 0x00, 0x00, 0x8a, 0x43, 0xcd, 0xcc, 0x8c, 0xbf, 0xe1,
    0x7a, 0x24, 0x40, 0x00, 0x00, 0x00, 0x54, 0x42, 0x66, 0x66, 0xa6, 0x3f,
    0xf6, 0x28, 0x6c, 0x40, 0xcd, 0xcc, 0xcc, 0xc0, 0x01, 0x00, 0x00, 0xd2,
    0x42, 0x9a, 0x99, 0xf9, 0x40, 0x33, 0x33, 0x33, 0x3f, 0x00, 0x00, 0x00,
    0x80, 0x42, 0x33, 0x33, 0xe3, 0xc0, 0x7b, 0x14, 0x2e, 0x3f, 0x00, 0x00,
    0xb0, 0x9b, 0x45, 0x66, 0x66, 0x86, 0x40, 0x71, 0x3d, 0x4a, 0x3f, 0x00,
    0x00, 0x40, 0x9f, 0x45, 0x33, 0x33, 0x03, 0xc1, 0x7b, 0x14, 0x3e, 0x40,
    0x00, 0x00, 0x00, 0xe8, 0x41, 0x9a, 0x99, 0x99, 0x3f, 0x14, 0xae, 0x87,
    0x40, 0x02, 0x00, 0x40, 0x1c, 0x46, 0x9a, 0x99, 0x99, 0xbf, 0x33, 0x33,
    0x33, 0x3f, 0x00, 0x00, 0x80, 0xcf, 0x44, 0xcd, 0xcc, 0x2c, 0xc0, 0x1f,
    0x85, 0x93, 0x40, 0x00, 0x00, 0x80, 0x82, 0x43, 0x00, 0x00, 0x80, 0xbf,
    0xd7, 0xa3, 0xa0, 0x40, 0x00, 0x00, 0x40, 0xfd, 0x44, 0x66, 0x66, 0x66,
    0x3f, 0x14, 0xae, 0x8f, 0x40, 0x00, 0x00, 0x40, 0x3b, 0x45, 0x9a, 0x99,
    0x99, 0x3f, 0x00, 0x00, 0xc0, 0x40, 0xcd, 0xcc, 0xdc, 0xc0, 0x01, 0x00,
    0x00, 0xd2, 0x42, 0x9a, 0x99, 0x09, 0x41, 0x33, 0x33, 0x33, 0x3f, 0x00,
    0x00, 0x00, 0xa6, 0x42, 0x33, 0x33, 0xc3, 0xc0, 0x85, 0xeb, 0xd1, 0x3e,
    0x00, 0x00, 0x50, 0x13, 0x45, 0x00, 0x00, 0xe0, 0x40, 0x0a, 0xd7, 0xe3,
    0x3f, 0x00, 0x00, 0x20, 0xbe, 0x45, 0x66, 0x66, 0xb6, 0xc0, 0x1f, 0x85,
    0xeb, 0x3f, 0x00, 0x00, 0xe0, 0x8a, 0x45, 0x00, 0x00, 0x90, 0x40, 0xc3,
    0xf5, 0x78, 0x40, 0x02, 0x00, 0x40, 0x1c, 0x46, 0x00, 0x00, 0x80, 0xbf,
    0x33, 0x33, 0x33, 0x3f, 0x00, 0x00, 0x00, 0x03, 0x43, 0x9a, 0x99, 0x19,
    0x3f, 0x0a, 0xd7, 0xa3, 0x3f, 0x00, 0x00, 0x00, 0x78, 0x42, 0x33, 0x33,
    0x33, 0xbf, 0xd7, 0xa3, 0x00, 0x40, 0x00, 0x00, 0x00, 0x08, 0x42, 0x66,
    0x66, 0x66, 0x3f, 0x3d, 0x0a, 0x57, 0x40, 0x00, 0x00, 0x00, 0x7b, 0x43,
    0xcd, 0xcc, 0x4c, 0xbf, 0x9a, 0x99, 0x59, 0x40, 0xcd, 0xcc, 0xcc, 0xc0,
    0x01, 0x00, 0x00, 0xd2, 0x42, 0x00, 0x00, 0xd0, 0x40, 0x33, 0x33, 0x33,
    0x3f, 0x00, 0x00, 0x30, 0xb3, 0x45, 0x66, 0x66, 0xb6, 0xc0, 0x8f, 0xc2,
    0x35, 0x40, 0x00, 0x00, 0x00, 0xdc, 0x42, 0x00, 0x00, 0x40, 0xc0, 0x29,
    0x5c, 0x4f, 0x3f, 0x00, 0x00, 0x20, 0x05, 0x45, 0xcd, 0xcc, 0x6c, 0x40,
    0xd7, 0xa3, 0x30, 0x40, 0x00, 0x00, 0x00, 0xce, 0x43, 0x00, 0x00, 0x80,
    0x3f, 0x85, 0xeb, 0xb1, 0x3f, 0x02, 0x00, 0x40, 0x1c, 0x46, 0x9a, 0x99,
    0x19, 0xc0, 0x33, 0x33, 0x33, 0x3f, 0x00, 0x00, 0x20, 0x8b, 0x44, 0x9a,
    0x99, 0x19, 0xbf, 0xe1, 0x7a, 0x04, 0x40, 0x00, 0x00, 0x50, 0xe6, 0x45,
    0x66, 0x66, 0x06, 0x40, 0x29, 0x5c, 0xbf, 0x40, 0x00, 0x00, 0xe8, 0x8b,
    0x45, 0x9a, 0x99, 0xd9, 0xbf, 0x00, 0x00, 0xc0, 0x40, 0x00, 0x00, 0xe0,
    0x5e, 0x45, 0x66, 0x66, 0xa6, 0x3f, 0x00, 0x00, 0xc0, 0x40, 0x00, 0x00,
    0xd0, 0xc0, 0x01, 0x00, 0x00, 0xd2, 0x42, 0x00, 0x00, 0x80, 0x40, 0x33,
    0x33, 0x33, 0x3f, 0x00, 0x00, 0x00, 0xda, 0x42, 0x9a, 0x99, 0xc9, 0xc0,
    0xae, 0x47, 0x61, 0x3f, 0x00, 0x00, 0x00, 0x4c, 0x42, 0xcd, 0xcc, 0x8c,
    0x40, 0x29, 0x5c, 0xef, 0x3f, 0x00, 0x00, 0x00, 0xc8, 0x41, 0x66, 0x66,
    0x26, 0x40, 0xcd, 0xcc, 0xcc, 0x3f, 0x00, 0x00, 0x20, 0xc2, 0x44, 0x66,
    0x66, 0x06, 0xc0, 0xb8, 0x1e, 0x75, 0x40, 0x02, 0x00, 0x40, 0x1c, 0x46,
    0x66, 0x66, 0xc6, 0x40, 0x33, 0x33, 0x33, 0x3f, 0x00, 0x00, 0xb8, 0xf7,
    0x45, 0x66, 0x66, 0x66, 0x40, 0x8f, 0xc2, 0x95, 0x3f, 0x00, 0x00, 0xf0,
    0x1d, 0x45, 0x33, 0x33, 0x83, 0x40, 0xa4, 0x70, 0x95, 0x40, 0x00, 0x00,
    0x90, 0x62, 0x45, 0x33, 0x33, 0xc3, 0xc0, 0x71, 0x3d, 0x8a, 0x40, 0x00,
    0x00, 0x10, 0x91, 0x45, 0x66, 0x66, 0x86, 0x40, 0x5c, 0x8f, 0x72, 0x40,
    0x33, 0x33, 0xd3, 0xc0, 0x01, 0x00, 0x00, 0xd2, 0x42, 0x9a, 0x99, 0x19,
    0x40, 0x33, 0x33, 0x33, 0x3f, 0x00, 0x00, 0x00, 0x1c, 0x42, 0x00, 0x00,
    0xa0, 0xc1, 0x8f, 0xc2, 0x95, 0x3f, 0x00, 0x00, 0x00, 0xd8, 0x43, 0x9a,
    0x99, 0xd9, 0x40, 0x85, 0xeb, 0x01, 0x40, 0x00, 0x00, 0xf8, 0xbc, 0x45,
    0xcd, 0xcc, 0x34, 0xc1, 0xcd, 0xcc, 0x7c, 0x40, 0x00, 0x00, 0x50, 0x57,
    0x45, 0x00, 0x00, 0x18, 0xc1, 0x29, 0x5c, 0xa7, 0x40, 0x02, 0x00, 0x40,
    0x1c, 0x46, 0x9a, 0x99, 0x89, 0xc0, 0x33, 0x33, 0x33, 0x3f, 0x00, 0x00,
    0x30, 0x05, 0x45, 0x00, 0x00, 0xb0, 0x40, 0xae, 0x47, 0x61, 0x40, 0x00,
    0x00, 0x40, 0x2d, 0x44, 0x66, 0x66, 0x46, 0xc0, 0x1f, 0x85, 0xbb, 0x40,
    0x00, 0x00, 0x00, 0x14, 0x44, 0xcd, 0xcc, 0x2c, 0x40, 0x00, 0x00, 0xc0,
    0x40, 0x00, 0x00, 0xc0, 0x39, 0x45, 0x9a, 0x99, 0x19, 0xc0, 0x00, 0x00,
    0xc0, 0x40, 0xcd, 0xcc, 0xcc, 0xc0, 0x01, 0x00, 0x00, 0xd2, 0x42, 0x66,
    0x66, 0xb6, 0x40, 0x33, 0x33, 0x33, 0x3f, 0x00, 0x00, 0x48, 0x86, 0x45,
    0x33, 0x33, 0xb3, 0x40, 0x48, 0xe1, 0x4a, 0x40, 0x00, 0x00, 0x00, 0xbc,
    0x42, 0x9a, 0x99, 0x79, 0xc0, 0xb8, 0x1e, 0x85, 0x3e, 0x00, 0x00, 0x80,
    0x84, 0x44, 0xcd, 0xcc, 0xcc, 0xc0, 0x7b, 0x14, 0xee, 0x3f, 0x00, 0x00,
    0x30, 0x01, 0x45, 0x33, 0x33, 0xe3, 0x40, 0x0a, 0xd7, 0xa3, 0x3f, 0x02,
    0x00, 0x40, 0x1c, 0x46, 0x9a, 0x99, 0x89, 0xc0, 0x33, 0x33, 0x33, 0x3f,
    0x00, 0x00, 0xe8, 0xc1, 0x45, 0x66, 0x66, 0x66, 0xc0, 0x00, 0x00, 0xc0,
    0x40, 0x00, 0x00, 0x98, 0x9c, 0x45, 0x9a, 0x99, 0x19, 0x40, 0x29, 0x5c,
    0xbf, 0x40, 0x00, 0x00, 0x98, 0x83, 0x45, 0x66, 0x66, 0xa6, 0xbf, 0x00,
    0x00, 0xc0, 0x40, 0x00, 0x00, 0x10, 0x6d, 0x45, 0x33, 0x33, 0xb3, 0x3f,
    0x00, 0x00, 0xc0, 0x40, 0x9a, 0x99, 0xc9, 0xc0, 0x01, 0x00, 0x00, 0xd2,
    0x42, 0xcd, 0xcc, 0xdc, 0x40, 0x33, 0x33, 0x33, 0x3f, 0x00, 0x00, 0x80,
    0x4a, 0x45, 0xcd, 0xcc, 0x8c, 0x41, 0xae, 0x47, 0x61, 0x3e, 0x00, 0x00,
    0xe8, 0xa7, 0x45, 0x33, 0x33, 0x9b, 0xc1, 0xc3, 0xf5, 0x68, 0x3f, 0x00,
    0x00, 0xe0, 0x9a, 0x44, 0xcd, 0xcc, 0x4c, 0xc1, 0xf6, 0x28, 0x5c, 0x3f,
    0x00, 0x00, 0x00, 0x6b, 0x43, 0xcd, 0xcc, 0x6c, 0xc0, 0xcd, 0xcc, 0x4c,
    0x3e, 0x02, 0x00, 0x40, 0x1c, 0x46, 0x9a, 0x99, 0x59, 0xc0, 0x33, 0x33,
    0x33, 0x3f, 0x00, 0x00, 0x00, 0xe6, 0x42, 0xcd, 0xcc, 0x8c, 0xbf, 0x9a,
    0x99, 0x69, 0x40, 0x00, 0x00, 0x00, 0xa2, 0x42, 0x66, 0x66, 0x66, 0x3f,
    0xcd, 0xcc, 0x5c, 0x40, 0x00, 0x00, 0x00, 0x39, 0x43, 0x00, 0x00, 0x00,
    0x3f, 0x8f, 0xc2, 0x45, 0x40, 0x00, 0x00, 0x00, 0x50, 0x42, 0x9a, 0x99,
    0x99, 0xbe, 0x9a, 0x99, 0x09, 0x40, 0x33, 0x33, 0xc3, 0xc0, 0x01, 0x00,
    0x00, 0xd2, 0x42, 0x00, 0x00, 0xc0, 0x40, 0x33, 0x33, 0x33, 0x3f, 0x00,
    0x00, 0x20, 0xe3, 0x44, 0x33, 0x33, 0x93, 0xc0, 0x48, 0xe1, 0x0a, 0x40,
    0x00, 0x00, 0x50, 0x88, 0x45, 0x33, 0x33, 0x53, 0x40, 0x00, 0x00, 0xb8,
    0x40, 0x00, 0x00, 0x40, 0x2b, 0x44, 0x33, 0x33, 0x33, 0x3f, 0xae, 0x47,
    0xc1, 0x3f, 0x00, 0x00, 0x00, 0x74, 0x42, 0xcd, 0xcc, 0x4c, 0x3f, 0x0a,
    0xd7, 0x53, 0x40, 0x02, 0x00, 0x40, 0x1c, 0x46, 0x66, 0x66, 0x86, 0x40,
    0x33, 0x33, 0x33, 0x3f, 0x00, 0x00, 0x00, 0x4c, 0x43, 0xcd, 0xcc, 0x8c,
    0xbf, 0x3d, 0x0a, 0x67, 0x40, 0x00, 0x00, 0x40, 0x40, 0x45, 0x66, 0x66,
    0x66, 0x3f, 0xf6, 0x28, 0x94, 0x40, 0x00, 0x00, 0xd0, 0xb5, 0x45, 0x00,
    0x00, 0xc0, 0xbf, 0xae, 0x47, 0xb1, 0x40, 0x00, 0x00, 0x00, 0x26, 0x43,
    0x9a, 0x99, 0x19, 0x3f, 0x9a, 0x99, 0xa9, 0x40, 0x33, 0x33, 0xb3, 0xc0,
    0x01, 0x00, 0x00, 0xd2, 0x42, 0x33, 0x33, 0xb3, 0x40, 0x33, 0x33, 0x33,
    0x3f, 0x00, 0x00, 0x80, 0x86, 0x43, 0x66, 0x66, 0x46, 0x40, 0x66, 0x66,
    0x86, 0x3f, 0x00, 0x00, 0x00, 0x3c, 0x44, 0xcd, 0xcc, 0x6c, 0xc0, 0x7b,
    0x14, 0x2e, 0x3f, 0x00, 0x00, 0x00, 0xbf, 0x43, 0x33, 0x33, 0x13, 0xc0,
    0x3d, 0x0a, 0x07, 0x40, 0x00, 0x00, 0x80, 0x97, 0x43, 0x00, 0x00, 0x00,
    0x40, 0xd7, 0xa3, 0x90, 0x3f, 0x02, 0x00, 0x40, 0x1c, 0x46, 0x66, 0x66,
    0xe6, 0x3f, 0x33, 0x33, 0x33, 0x3f, 0x00, 0x00, 0x70, 0x83, 0x45, 0x66,
    0x66, 0xa6, 0x40, 0xa4, 0x70, 0x6d, 0x40, 0x00, 0x00, 0x28, 0x96, 0x45,
    0x9a, 0x99, 0xd9, 0xc0, 0x00, 0x00, 0xc0, 0x40, 0x00, 0x00, 0x00, 0x8a,
    0x42, 0x9a, 0x99, 0xd9, 0xbf, 0x8f, 0xc2, 0x8d, 0x40, 0x00, 0x00, 0xa0,
    0xae, 0x44, 0x33, 0x33, 0xb3, 0xbf, 0x71, 0x3d, 0x9a, 0x40, 0x33, 0x33,
    0xc3, 0xc0, 0x01, 0x00, 0x00, 0xd2, 0x42, 0xcd, 0xcc, 0xbc, 0x40, 0x33,
    0x33, 0x33, 0x3f, 0x00, 0x00, 0x00, 0xe8, 0x42, 0x66, 0x66, 0x86, 0xc0,
    0x1f, 0x85, 0x6b, 0x3e, 0x00, 0x00, 0xa0, 0x58, 0x45, 0xcd, 0xcc, 0x9c,
    0x40, 0xb8, 0x1e, 0x05, 0x3f, 0x00, 0x00, 0xc0, 0x71, 0x44, 0x33, 0x33,
    0x53, 0xc0, 0xa4, 0x70, 0x7d, 0x3f, 0x00, 0x00, 0xa0, 0x07, 0x45, 0x66,
    0x66, 0xa6, 0x3f, 0x1f, 0x85, 0x1b, 0x40, 0x02, 0x00, 0x40, 0x1c, 0x46,
    0xcd, 0xcc, 0xcc, 0xbf, 0x33, 0x33, 0x33, 0x3f, 0x00, 0x00, 0xd8, 0xb3,
    0x45, 0x00, 0x00, 0x40, 0xc0, 0x7b, 0x14, 0xbe, 0x40, 0x00, 0x00, 0x70,
    0x7d, 0x45, 0xcd, 0xcc, 0xcc, 0x3f, 0x0a, 0xd7, 0x8b, 0x40, 0x00, 0x00,
    0x00, 0xe0, 0x42, 0x9a, 0x99, 0x99, 0x3e, 0xcd, 0xcc, 0x0c, 0x40, 0x00,
    0x00, 0x00, 0x8a, 0x42, 0xcd, 0xcc, 0xcc, 0xbe, 0x00, 0x00, 0x40, 0x40,
    0xcd, 0xcc, 0xdc, 0xc0, 0x01, 0x00, 0x00, 0xd2, 0x42, 0x00, 0x00, 0x58,
    0x41, 0x33, 0x33, 0x33, 0x3f, 0x00, 0x00, 0x00, 0x50, 0x42, 0x66, 0x66,
    0x2e, 0xc1, 0xec, 0x51, 0xb8, 0x3e, 0x00, 0x00, 0x20, 0xf0, 0x45, 0x66,
    0x66, 0x86, 0x40, 0x1f, 0x85, 0xab, 0x3f, 0x00, 0x00, 0xa0, 0xc9, 0x44,
    0x66, 0x66, 0x26, 0x40, 0x33, 0x33, 0xd3, 0x3f, 0x00, 0x00, 0x30, 0xac,
    0x45, 0xcd, 0xcc, 0x2c, 0xc0, 0x33, 0x33, 0x33, 0x40, 0x02, 0x00, 0x40,
    0x1c, 0x46, 0x33, 0x33, 0x13, 0x40, 0x33, 0x33, 0x33, 0x3f, 0x00, 0x00,
    0x80, 0xcd, 0x43, 0x33, 0x33, 0xb3, 0xbf, 0x3d, 0x0a, 0xd7, 0x3f, 0x00,
    0x00, 0x00, 0x46, 0x43, 0xcd, 0xcc, 0x8c, 0x3f, 0x48, 0xe1, 0xfa, 0x3f,
    0x00, 0x00, 0x50, 0x3c, 0x45, 0x9a, 0x99, 0x99, 0xbf, 0x00, 0x00, 0x80,
    0x40, 0x00, 0x00, 0x00, 0x4f, 0x44, 0x33, 0x33, 0x33, 0x3f, 0x48, 0xe1,
    0x1a, 0x40, 0xcd, 0xcc, 0xcc, 0xc0, 0x01, 0x00, 0x00, 0xd2, 0x42, 0x9a,
    0x99, 0x99, 0x3f, 0x33, 0x33, 0x33, 0x3f, 0x00, 0x00, 0xc0, 0x21, 0x45,
    0x66, 0x66, 0x86, 0xc0, 0x71, 0x3d, 0x8a, 0x3f, 0x00, 0x00, 0x80, 0xbb,
    0x43, 0x00, 0x00, 0x20, 0x40, 0x1f, 0x85, 0xab, 0x3f, 0x00, 0x00, 0x80,
    0x51, 0x44, 0x00, 0x00, 0x60, 0x40, 0xc3, 0xf5, 0x90, 0x40, 0x00, 0x00,
    0x00, 0x00, 0x42, 0x66, 0x66, 0xa6, 0x40, 0xb8, 0x1e, 0x05, 0x3f, 0x02,
    0x00, 0x40, 0x1c, 0x46, 0xcd, 0xcc, 0xbc, 0xc0, 0x33, 0x33, 0x33, 0x3f,
    0x00, 0x00, 0x98, 0x10, 0x46, 0xcd, 0xcc, 0x4c, 0x40, 0xcd, 0xcc, 0x2c,
    0x40, 0x00, 0x00, 0x00, 0xa4, 0x42, 0x9a, 0x99, 0x99, 0xbf, 0xd7, 0xa3,
    0x30, 0x40, 0x00, 0x00, 0x00, 0x7c, 0x42, 0x33, 0x33, 0xf3, 0x3f, 0x7b,
    0x14, 0xae, 0x40, 0x00, 0x00, 0xe0, 0xb0, 0x44, 0x9a, 0x99, 0x99, 0xbf,
    0x00, 0x00, 0xc0, 0x40, 0x00, 0x00, 0xc0, 0xc0, 0x01, 0x00, 0x00, 0xd2,
    0x42, 0x66, 0x66, 0xc6, 0x40, 0x33, 0x33, 0x33, 0x3f, 0x00, 0x00, 0x00,
    0xdb, 0x43, 0x66, 0x66, 0x06, 0xc0, 0x9a, 0x99, 0x99, 0x3e, 0x00, 0x00,
    0x40, 0xf3, 0x44, 0xcd, 0xcc, 0x8c, 0x40, 0x9a, 0x99, 0xf9, 0x3f, 0x00,
    0x00, 0x00, 0x92, 0x42, 0x66, 0x66, 0xe6, 0xbf, 0xe1, 0x7a, 0x94, 0x3f,
    0x00, 0x00, 0x00, 0x4f, 0x44, 0x9a, 0x99, 0x39, 0x40, 0x5c, 0x8f, 0x72,
    0x40, 0x02, 0x00, 0x40, 0x1c, 0x46, 0x9a, 0x99, 0x19, 0xc0, 0x33, 0x33,
    0x33, 0x3f, 0x00, 0x00, 0xb8, 0xa2, 0x45, 0x9a, 0x99, 0x99, 0xbf, 0xcd,
    0xcc, 0x9c, 0x40, 0x00, 0x00, 0xc0, 0x77, 0x45, 0x00, 0x00, 0xc0, 0x3f,
    0x00, 0x00, 0xc0, 0x40, 0x00, 0x00, 0x00, 0x1a, 0x44, 0x9a, 0x99, 0x19,
    0xbf, 0x0a, 0xd7, 0x9b, 0x40, 0x00, 0x00, 0x00, 0xb3, 0x44, 0x33, 0x33,
    0x33, 0xbf, 0x00, 0x00, 0xc0, 0x40, 0x33, 0x33, 0xc3, 0xc0, 0x01, 0x00,
    0x00, 0xd2, 0x42, 0x00, 0x00, 0xc0, 0x40, 0x33, 0x33, 0x33, 0x3f, 0x00,
    0x00, 0x60, 0xa2, 0x45, 0x66, 0x66, 0x46, 0xc0, 0xe1, 0x7a, 0xb4, 0x3f,
    0x00, 0x00, 0x60, 0xe6, 0x44, 0x00, 0x00, 0xa0, 0x40, 0x0a, 0xd7, 0x33,
    0x40, 0x00, 0x00, 0x00, 0x96, 0x42, 0x9a, 0x99, 0x99, 0x3f, 0x5c, 0x8f,
    0x22, 0x40, 0x00, 0x00, 0x40, 0xa2, 0x44, 0xcd, 0xcc, 0xcc, 0xbf, 0xb8,
    0x1e, 0x35, 0x40, 0x02, 0x00, 0x40, 0x1c, 0x46, 0x00, 0x00, 0x60, 0xc0,
    0x33, 0x33, 0x33, 0x3f, 0x00, 0x00, 0x00, 0x66, 0x43, 0x00, 0x00, 0x80,
    0xbf, 0x8f, 0xc2, 0xb5, 0x3f, 0x00, 0x00, 0xc0, 0x46, 0x45, 0xcd, 0xcc,
    0x8c, 0xbf, 0x1f, 0x85, 0x7b, 0x40, 0x00, 0x00, 0x00, 0xd8, 0x42, 0x9a,
    0x99, 0x99, 0x3e, 0x0a, 0xd7, 0xc3, 0x3f, 0x00, 0x00, 0x40, 0x7f, 0x45,
    0x9a, 0x99, 0x99, 0x3f, 0x14, 0xae, 0xbf, 0x40, 0x9a, 0x99, 0xc9, 0xc0,
    0x01, 0x00, 0x00, 0xd2, 0x42, 0x9a, 0x99, 0xc9, 0x40, 0x33, 0x33, 0x33,
    0x3f, 0x00, 0x00, 0x98, 0xac, 0x45, 0x66, 0x66, 0x96, 0xc0, 0x1f, 0x85,
    0xcb, 0x3f, 0x00, 0x00, 0x60, 0xe6, 0x44, 0xcd, 0xcc, 0x9c, 0x40, 0x00,
    0x00, 0xc0, 0x3f, 0x00, 0x00, 0x00, 0x65, 0x43, 0x33, 0x33, 0xb3, 0xbf,
    0xae, 0x47, 0xc1, 0x3f, 0x00, 0x00, 0x20, 0xb2, 0x44, 0x9a, 0x99, 0x59,
    0xc0, 0x00, 0x00, 0x70, 0x40, 0x02, 0x00, 0x40, 0x1c, 0x46, 0x00, 0x00,
    0x80, 0xc0, 0x33, 0x33, 0x33, 0x3f, 0x00, 0x00, 0x00, 0x8e, 0x42, 0xcd,
    0xcc, 0x4c, 0x3f, 0x0a, 0xd7, 0x63, 0x40, 0x00, 0x00, 0x00, 0x4a, 0x44,
    0x9a, 0x99, 0x99, 0x3f, 0x5c, 0x8f, 0x92, 0x40, 0x00, 0x00, 0xc0, 0x0b,
    0x44, 0x9a, 0x99, 0x99, 0xbe, 0xcd, 0xcc, 0xac, 0x3f, 0x00, 0x00, 0x20,
    0x48, 0x45, 0xcd, 0xcc, 0xcc, 0xbe, 0xae, 0x47, 0x81, 0x40, 0x9a, 0x99,
    0xb9, 0xc0, 0x01, 0x00, 0x00, 0xd2, 0x42, 0x33, 0x33, 0xc3, 0x40, 0x33,
    0x33, 0x33, 0x3f, 0x00, 0x00, 0x60, 0xbe, 0x45, 0x00, 0x00, 0xc0, 0x40,
    0xc3, 0xf5, 0xe8, 0x3f, 0x00, 0x00, 0xc0, 0x85, 0x44, 0x9a, 0x99, 0x79,
    0xc0, 0x33, 0x33, 0x93, 0x3f, 0x00, 0x00, 0x00, 0xd2, 0x42, 0x66, 0x66,
    0x26, 0xc0, 0xb8, 0x1e, 0x85, 0x3e, 0x00, 0x00, 0x60, 0x00, 0x45, 0x9a,
    0x99, 0xc9, 0x40, 0xb8, 0x1e, 0x45, 0x40, 0x02, 0x00, 0x40, 0x1c, 0x46,
    0x9a, 0x99, 0xc9, 0xc0, 0x33, 0x33, 0x33, 0x3f, 0x00, 0x00, 0x88, 0xff,
    0x45, 0x66, 0x66, 0x26, 0x40, 0x66, 0x66, 0x56, 0x40, 0x00, 0x00, 0x60,
    0x42, 0x45, 0x00, 0x00, 0xc0, 0xbf, 0x1f, 0x85, 0xab, 0x40, 0x00, 0x00,
    0x00, 0x84, 0x42, 0x9a, 0x99, 0x99, 0xbe, 0x0a, 0xd7, 0x83, 0x3f, 0x00,
    0x00, 0x00, 0xf4, 0x42, 0x00, 0x00, 0x00, 0x3f, 0x71, 0x3d, 0xea, 0x3f,
    0x66, 0x66, 0xb6, 0xc0, 0x01, 0x00, 0x00, 0xd2, 0x42, 0x9a, 0x99, 0xc9,
    0x40, 0x33, 0x33, 0x33, 0x3f, 0x00, 0x00, 0x00, 0xfe, 0x42, 0x66, 0x66,
    0x66, 0xc0, 0xb8, 0x1e, 0x85, 0x3e, 0x00, 0x00, 0x80, 0x85, 0x45, 0x9a,
    0x99, 0x59, 0x40, 0x14, 0xae, 0xc7, 0x3e, 0x00, 0x00, 0x40, 0x1c, 0x46,
    0x9a, 0x99, 0x99, 0x3f, 0xb8, 0x1e, 0xc5, 0x3f, 0x00, 0x00, 0x80, 0x73,
    0x44, 0x00, 0x00, 0x60, 0xc0, 0x1f, 0x85, 0x0b, 0x40, 0x02, 0x00, 0x40,
    0x1c, 0x46, 0x00, 0x00, 0x90, 0xc0, 0x33, 0x33, 0x33, 0x3f, 0x00, 0x00,
    0x20, 0x85, 0x45, 0x33, 0x33, 0x33, 0x40, 0xcd, 0xcc, 0x5c, 0x40, 0x00,
    0x00, 0x20, 0x3a, 0x45, 0xcd, 0xcc, 0x2c, 0xc0, 0x71, 0x3d, 0x2a, 0x40,
    0x00, 0x00, 0xa0, 0xe9, 0x44, 0x66, 0x66, 0x26, 0x40, 0x00, 0x00, 0x90,
    0x40, 0x00, 0x00, 0x00, 0x80, 0x42, 0x9a, 0x99, 0x19, 0xbf, 0x66, 0x66,
    0x06, 0x40, 0x33, 0x33, 0xb3, 0xc0, 0x01, 0x00, 0x00, 0xd2, 0x42, 0x00,
    0x00, 0x90, 0xc0, 0x33, 0x33, 0x33, 0x3f, 0x00, 0x00, 0xc0, 0x0e, 0x44,
    0xcd, 0xcc, 0xcc, 0xbf, 0xec, 0x51, 0x38, 0x3e, 0x00, 0x00, 0xc0, 0xe9,
    0x44, 0x66, 0x66, 0xb6, 0x40, 0xe1, 0x7a, 0x24, 0x40, 0x00, 0x00, 0xa8,
    0x82, 0x45, 0xcd, 0xcc, 0xac, 0x40, 0x3d, 0x0a, 0x67, 0x40, 0x00, 0x00,
    0x00, 0x04, 0x42, 0x00, 0x00, 0x00, 0xc0, 0xae, 0x47, 0x81, 0x3f, 0x02,
    0x00, 0x40, 0x1c, 0x46, 0xcd, 0xcc, 0xbc, 0xc0, 0x33, 0x33, 0x33, 0x3f,
    0x00, 0x00, 0xb0, 0x3b, 0x45, 0x33, 0x33, 0xf3, 0xbf, 0x52, 0xb8, 0x8e,
    0x40, 0x00, 0x00, 0x74, 0x0c, 0x46, 0x33, 0x33, 0x53, 0x40, 0xc3, 0xf5,
    0x68, 0x3f, 0x00, 0x00, 0x70, 0xb4, 0x45, 0x00, 0x00, 0x40, 0xc0, 0x00,
    0x00, 0xb0, 0x40, 0x00, 0x00, 0x10, 0x6c, 0x45, 0xcd, 0xcc, 0xcc, 0x3e,
    0xa4, 0x70, 0x3d, 0x40, 0x9a, 0x99, 0x89, 0xc0, 0x01, 0x00, 0x00, 0xd2,
    0x42, 0x00, 0x00, 0xc0, 0xc0, 0x33, 0x33, 0x33, 0x3f, 0x00, 0x00, 0x00,
    0x75, 0x43, 0x66, 0x66, 0xe6, 0xbf, 0x5c, 0x8f, 0xa2, 0x3f, 0x00, 0x00,
    0x80, 0xeb, 0x44, 0x9a, 0x99, 0x59, 0x40, 0x71, 0x3d, 0xea, 0x3f, 0x00,
    0x00, 0x38, 0x81, 0x45, 0x66, 0x66, 0x96, 0x40, 0x0a, 0xd7, 0x83, 0x40,
    0x00, 0x00, 0x60, 0x37, 0x45, 0xcd, 0xcc, 0x4c, 0xc0, 0xa4, 0x70, 0x5d,
    0x40, 0x02, 0x00, 0x40, 0x1c, 0x46, 0x00, 0x00, 0x90, 0xc0, 0x33, 0x33,
    0x33, 0x3f, 0x00, 0x00, 0x00, 0xae, 0x42, 0x33, 0x33, 0x13, 0x40, 0x29,
    0x5c, 0x0f, 0x40, 0x00, 0x00, 0x00, 0x12, 0x43, 0x9a, 0x99, 0x99, 0xbf,
    0x66, 0x66, 0x06, 0x40, 0x00, 0x00, 0x40, 0x4c, 0x44, 0xcd, 0xcc, 0x4c,
    0x3f, 0x0a, 0xd7, 0x43, 0x40, 0x00, 0x00, 0x90, 0xb2, 0x45, 0x66, 0x66,
    0xa6, 0xbf, 0x8f, 0xc2, 0xa5, 0x40, 0xcd, 0xcc, 0xcc, 0xc0, 0x01, 0x00,
    0x00, 0xd2, 0x42, 0x33, 0x33, 0xd3, 0x40, 0x33, 0x33, 0x33, 0x3f, 0x00,
    0x00, 0x64, 0x06, 0x46, 0xcd, 0xcc, 0xac, 0x40, 0x0a, 0xd7, 0x83, 0x3f,
    0x00, 0x00, 0x00, 0x25, 0x43, 0x9a, 0x99, 0x39, 0xc0, 0x48, 0xe1, 0xfa,
    0x3e, 0x00, 0x00, 0xb0, 0x6e, 0x45, 0x00, 0x00, 0x80, 0x40, 0x9a, 0x99,
    0x99, 0x40, 0x00, 0x00, 0xe8, 0xa3, 0x45, 0x9a, 0x99, 0x89, 0xc0, 0x85,
    0xeb, 0x31, 0x40, 0x02, 0x00, 0x40, 0x1c, 0x46, 0x33, 0x33, 0xf3, 0xbf,
    0x33, 0x33, 0x33, 0x3f, 0x00, 0x00, 0xe0, 0x90, 0x44, 0x66, 0x66, 0x66,
    0xbf, 0xb8, 0x1e, 0x15, 0x40, 0x00, 0x00, 0x60, 0x07, 0x45, 0x00, 0x00,
    0x00, 0xbf, 0x48, 0xe1, 0x0a, 0x40, 0x00, 0x00, 0x00, 0x44, 0x42, 0x33,
    0x33, 0x33, 0x3f, 0x0a, 0xd7, 0x73, 0x40, 0x00, 0x00, 0xe0, 0xca, 0x44,
    0x33, 0x33, 0x33, 0x3f, 0x48, 0xe1, 0x7a, 0x40, 0x9a, 0x99, 0xb9, 0xc0,
    0x01, 0x00, 0x00, 0xd2, 0x42, 0x66, 0x66, 0x86, 0xc0, 0x33, 0x33, 0x33,
    0x3f, 0x00, 0x00, 0x80, 0xed, 0x43, 0x66, 0x66, 0x06, 0xc0, 0x3d, 0x0a,
    0xd7, 0x3e, 0x00, 0x00, 0xa0, 0x76, 0x45, 0xcd, 0xcc, 0xbc, 0x40, 0xc3,
    0xf5, 0xe8, 0x3f, 0x00, 0x00, 0x00, 0x9a, 0x42, 0x66, 0x66, 0x96, 0x40,
    0x48, 0xe1, 0x0a, 0x40, 0x00, 0x00, 0x00, 0x24, 0x42, 0x00, 0x00, 0x40,
    0xc0, 0xcd, 0xcc, 0xac, 0x3f, 0x02, 0x00, 0x40, 0x1c, 0x46, 0x00, 0x00,
    0x40, 0x40, 0x33, 0x33, 0x33, 0x3f, 0x00, 0x00, 0x00, 0xfc, 0x42, 0xcd,
    0xcc, 0x6c, 0xc0, 0xa4, 0x70, 0x6d, 0x40, 0x00, 0x00, 0x00, 0x32, 0x43,
    0x33, 0x33, 0x13, 0x40, 0x0a, 0xd7, 0x73, 0x40, 0x00, 0x00, 0x00, 0xca,
    0x42, 0xcd, 0xcc, 0x2c, 0x40, 0x00, 0x00, 0xc0, 0x40, 0x00, 0x00, 0xd0,
    0xf4, 0x45, 0xcd, 0xcc, 0x8c, 0x3f, 0xcd, 0xcc, 0x7c, 0x40, 0x66, 0x66,
    0xc6, 0xc0, 0x01, 0x00, 0x00, 0xd2, 0x42, 0x00, 0x00, 0x00, 0x3f, 0x33,
    0x33, 0x33, 0x3f, 0x00, 0x00, 0x00, 0xfb, 0x44, 0x66, 0x66, 0xe6, 0xc0,
    0x33, 0x33, 0x93, 0x3f, 0x00, 0x00, 0x40, 0x72, 0x45, 0x33, 0x33, 0x03,
    0x41, 0x0a, 0xd7, 0x13, 0x40, 0x00, 0x00, 0x80, 0xab, 0x43, 0x00, 0x00,
    0x40, 0x40, 0xa4, 0x70, 0x9d, 0x3f, 0x00, 0x00, 0x40, 0x7c, 0x44, 0x00,
    0x00, 0xc0, 0xbf, 0xb8, 0x1e, 0xa5, 0x3f, 0x02, 0x00, 0x40, 0x1c, 0x46,
    0x33, 0x33, 0xc3, 0x40, 0x33, 0x33, 0x33, 0x3f, 0x00, 0x00, 0xb4, 0x03,
    0x46, 0x9a, 0x99, 0xa9, 0xc0, 0xd7, 0xa3, 0x30, 0x40, 0x00, 0x00, 0x00,
    0x88, 0x42, 0xcd, 0xcc, 0xcc, 0xbe, 0x8f, 0xc2, 0x95, 0x3f, 0x00, 0x00,
    0x00, 0xcb, 0x45, 0x9a, 0x99, 0x19, 0x40, 0x9a, 0x99, 0xa1, 0x40, 0x00,
    0x00, 0xc8, 0x17, 0x46, 0x33, 0x33, 0xf3, 0xbf, 0xb8, 0x1e, 0xbd, 0x40,
    0xcd, 0xcc, 0xcc, 0xc0, 0x01, 0x00, 0x00, 0xd2, 0x42, 0xcd, 0xcc, 0x2c,
    0xc0, 0x33, 0x33, 0x33, 0x3f, 0x00, 0x00, 0x10, 0x17, 0x45, 0x66, 0x66,
    0x86, 0xc0, 0x29, 0x5c, 0x0f, 0x3f, 0x00, 0x00, 0xf0, 0x70, 0x45, 0xcd,
    0xcc, 0x04, 0x41, 0x33, 0x33, 0xd3, 0x3f, 0x00, 0x00, 0x00, 0x17, 0x43,
    0x00, 0x00, 0x40, 0xc0, 0x85, 0xeb, 0x91, 0x3f, 0x00, 0x00, 0x58, 0xcd,
    0x45, 0x00, 0x00, 0x60, 0x40, 0x33, 0x33, 0x93, 0x3f, 0x02, 0x00, 0x40,
    0x1c, 0x46, 0x33, 0x33, 0xb3, 0x40, 0x33, 0x33, 0x33, 0x3f, 0x00, 0x00,
    0x5c, 0x00, 0x46, 0x33, 0x33, 0x33, 0xc0, 0xd7, 0xa3, 0x88, 0x40, 0x00,
    0x00, 0x00, 0xbb, 0x43, 0x66, 0x66, 0x66, 0x3f, 0x5c, 0x8f, 0x32, 0x40,
    0x00, 0x00, 0x00, 0x24, 0x44, 0x9a, 0x99, 0x19, 0xbf, 0x0a, 0xd7, 0x13,
    0x40, 0x00, 0x00, 0x00, 0x24, 0x42, 0xcd, 0xcc, 0x4c, 0xbe, 0x00, 0x00,
    0xe0, 0x3f, 0x9a, 0x99, 0xc9, 0xc0, 0x01, 0x00, 0x00, 0xd2, 0x42, 0x00,
    0x00, 0xe0, 0x40, 0x33, 0x33, 0x33, 0x3f, 0x00, 0x00, 0x18, 0x0d, 0x46,
    0x9a, 0x99, 0x79, 0x40, 0x00, 0x00, 0x10, 0x40, 0x00, 0x00, 0x00, 0xa8,
    0x42, 0xcd, 0xcc, 0x2c, 0xc0, 0xae, 0x47, 0xe1, 0x3e, 0x00, 0x00, 0x00,
    0x0c, 0x44, 0xcd, 0xcc, 0x8c, 0x3f, 0xd7, 0xa3, 0x90, 0x3f, 0x00, 0x00,
    0x00, 0x9d, 0x44, 0x00, 0x00, 0xc0, 0xbf, 0x48, 0xe1, 0xda, 0x3f, 0x02,
    0x00, 0x40, 0x1c, 0x46, 0x00, 0x00, 0x20, 0xc0, 0x33, 0x33, 0x33, 0x3f,
    0x00, 0x00, 0x20, 0x49, 0x45, 0x66, 0x66, 0xe6, 0xbf, 0xc3, 0xf5, 0x38,
    0x40, 0x00, 0x00, 0x38, 0xab, 0x45, 0x66, 0x66, 0x26, 0xc0, 0x14, 0xae,
    0x9f, 0x40, 0x00, 0x00, 0x88, 0x81, 0x45, 0x00, 0x00, 0x20, 0x40, 0x8f,
    0xc2, 0xbd, 0x40, 0x00, 0x00, 0xb0, 0xd6, 0x45, 0x9a, 0x99, 0x19, 0x40,
    0x66, 0x66, 0xb6, 0x40, 0xcd, 0xcc, 0xcc, 0xc0, 0x01, 0x00, 0x00, 0xd2,
    0x42, 0xcd, 0xcc, 0xcc, 0x40, 0x33, 0x33, 0x33, 0x3f, 0x00, 0x00, 0x20,
    0x0e, 0x45, 0x66, 0x66, 0x3e, 0x41, 0x9a, 0x99, 0x99, 0x3f, 0x00, 0x00,
    0x50, 0x43, 0x45, 0x00, 0x00, 0x78, 0xc1, 0xb8, 0x1e, 0xc5, 0x3f, 0x00,
    0x00, 0x60, 0x0a, 0x46, 0x9a, 0x99, 0x99, 0x40, 0x9a, 0x99, 0x19, 0x40,
    0x00, 0x00, 0x00, 0x83, 0x43, 0xcd, 0xcc, 0xcc, 0xbf, 0x14, 0xae, 0x47,
    0x3f, 0x02, 0x00, 0x40, 0x1c, 0x46, 0x33, 0x33, 0x73, 0xc0, 0x33, 0x33,
    0x33, 0x3f, 0x00, 0x00, 0x00, 0x93, 0x44, 0x9a, 0x99, 0x99, 0xbf, 0xd7,
    0xa3, 0x20, 0x40, 0x00, 0x00, 0x80, 0xc6, 0x44, 0x00, 0x00, 0xc0, 0x3f,
    0x33, 0x33, 0x73, 0x40, 0x00, 0x00, 0x00, 0x96, 0x42, 0x66, 0x66, 0x66,
    0x3f, 0x3d, 0x0a, 0x37, 0x40, 0x00, 0x00, 0x80, 0xa7, 0x45, 0x9a, 0x99,
    0x99, 0xbf, 0x00, 0x00, 0xc0, 0x40, 0x66, 0x66, 0xc6, 0xc0, 0x01, 0x00,
    0x00, 0xd2, 0x42, 0x9a, 0x99, 0x01, 0x41, 0x33, 0x33, 0x33, 0x3f, 0x00,
    0x00, 0x00, 0xca, 0x42, 0xcd, 0xcc, 0x9c, 0xc0, 0x00, 0x00, 0x80, 0x3e,
    0x00, 0x00, 0x20, 0xbe, 0x44, 0xcd, 0xcc, 0x9c, 0x40, 0x71, 0x3d, 0xca,
    0x3f, 0x00, 0x00, 0x00, 0x10, 0x42, 0x66, 0x66, 0xe6, 0x3f, 0x48, 0xe1,
    0x2a, 0x40, 0x00, 0x00, 0xa0, 0x08, 0x46, 0x00, 0x00, 0xc0, 0x3f, 0x14,
    0xae, 0xc7, 0x3e, 0x02, 0x00, 0x40, 0x1c, 0x46, 0x9a, 0x99, 0x99, 0xbe,
    0x33, 0x33, 0x33, 0x3f, 0x00, 0x00, 0x00, 0xd0, 0x42, 0x66, 0x66, 0xe6,
    0x3f, 0x48, 0xe1, 0x9a, 0x40, 0x00, 0x00, 0x00, 0x9a, 0x42, 0xcd, 0xcc,
    0x4c, 0xbf, 0x14, 0xae, 0x17, 0x40, 0x00, 0x00, 0x80, 0x1d, 0x45, 0x66,
    0x66, 0x66, 0xbf, 0xc3, 0xf5, 0x58, 0x40, 0x00, 0x00, 0x00, 0xfc, 0x44,
    0x9a, 0x99, 0x19, 0x3f, 0x14, 0xae, 0x57, 0x40, 0x66, 0x66, 0xc6, 0xc0,
    0x01, 0x00, 0x00, 0xd2, 0x42, 0x9a, 0x99, 0xc9, 0x40, 0x33, 0x33, 0x33,
    0x3f, 0x00, 0x00, 0x00, 0x38, 0x43, 0x33, 0x33, 0x83, 0xc0, 0x5c, 0x8f,
    0x02, 0x3f, 0x00, 0x00, 0xe0, 0xd5, 0x44, 0x66, 0x66, 0x86, 0x40, 0x0a,
    0xd7, 0x83, 0x3f, 0x00, 0x00, 0x80, 0xc0, 0x45, 0x33, 0x33, 0xa3, 0xc0,
    0x66, 0x66, 0xa6, 0x40, 0x00, 0x00, 0x00, 0x3c, 0x42, 0x66, 0x66, 0x66,
    0x3f, 0xb8, 0x1e, 0x35, 0x40, 0x02, 0x00, 0x40, 0x1c, 0x46, 0xcd, 0xcc,
    0x6c, 0xc0, 0x33, 0x33, 0x33, 0x3f, 0x00, 0x00, 0xa4, 0x14, 0x46, 0xcd,
    0xcc, 0x0c, 0x40, 0x52, 0xb8, 0xbe, 0x3f, 0x00, 0x00, 0x90, 0x9a, 0x45,
    0x33, 0x33, 0xf3, 0xbf, 0x00, 0x00, 0xc0, 0x40, 0x00, 0x00, 0x00, 0x62,
    0x45, 0xcd, 0xcc, 0x0c, 0x40, 0x3d, 0x0a, 0xbf, 0x40, 0x00, 0x00, 0xe0,
    0x34, 0x45, 0xcd, 0xcc, 0x8c, 0xbf, 0xc3, 0xf5, 0x78, 0x40, 0x9a, 0x99,
    0xc9, 0xc0, 0x01, 0x00, 0x00, 0xd2, 0x42, 0x00, 0x00, 0x00, 0x41, 0x33,
    0x33, 0x33, 0x3f, 0x00, 0x00, 0x00, 0x86, 0x42, 0x9a, 0x99, 0x59, 0xc0,
    0x7b, 0x14, 0xae, 0x3e, 0x00, 0x00, 0xc0, 0x1b, 0x46, 0xcd, 0xcc, 0x4c,
    0x40, 0xa4, 0x70, 0x9d, 0x3f, 0x00, 0x00, 0x00, 0xa0, 0x44, 0x66, 0x66,
    0x06, 0xc0, 0x52, 0xb8, 0xfe, 0x3f, 0x00, 0x00, 0x00, 0xff, 0x44, 0xcd,
    0xcc, 0x0c, 0x40, 0x33, 0x33, 0xf3, 0x3f, 0x02, 0x00, 0x40, 0x1c, 0x46,
    0x9a, 0x99, 0x89, 0xc0, 0x33, 0x33, 0x33, 0x3f, 0x00, 0x00, 0x38, 0x81,
    0x45, 0x33, 0x33, 0x13, 0x40, 0x29, 0x5c, 0xbf, 0x40, 0x00, 0x00, 0x48,
    0x9c, 0x45, 0x9a, 0x99, 0xd9, 0xbf, 0x3d, 0x0a, 0xaf, 0x40, 0x00, 0x00,
    0x00, 0x60, 0x42, 0x33, 0x33, 0x33, 0xbf, 0xa4, 0x70, 0x1d, 0x40, 0x00,
    0x00, 0x00, 0xa6, 0x42, 0x9a, 0x99, 0x19, 0x3f, 0xae, 0x47, 0x41, 0x40,
    0x9a, 0x99, 0xc9, 0xc0, 0x01, 0x00, 0x00, 0xd2, 0x42, 0xcd, 0xcc, 0xcc,
    0x40, 0x33, 0x33, 0x33, 0x3f, 0x00, 0x00, 0x08, 0x09, 0x46, 0x00, 0x00,
    0xd0, 0x40, 0xec, 0x51, 0x38, 0x3e, 0x00, 0x00, 0x00, 0x6b, 0x43, 0x66,
    0x66, 0x06, 0xc0, 0x7b, 0x14, 0x2e, 0x3f, 0x00, 0x00, 0x80, 0x47, 0x45,
    0x33, 0x33, 0x0b, 0xc1, 0x48, 0xe1, 0xba, 0x3f, 0x00, 0x00, 0xa0, 0x87,
    0x44, 0x33, 0x33, 0x33, 0xc0, 0xc3, 0xf5, 0xc8, 0x3f, 0x02, 0x00, 0x40,
    0x1c, 0x46, 0x00, 0x00, 0xc0, 0xc0, 0x33, 0x33, 0x33, 0x3f, 0x00, 0x00,
    0xd0, 0xa7, 0x45, 0xcd, 0xcc, 0x2c, 0xc0, 0x00, 0x00, 0xc0, 0x40, 0x00,
    0x00, 0x50, 0x8a, 0x45, 0x33, 0x33, 0xf3, 0x3f, 0xb8, 0x1e, 0xbd, 0x40,
    0x00, 0x00, 0xa0, 0xc6, 0x45, 0x33, 0x33, 0x13, 0x40, 0x8f, 0xc2, 0xbd,
    0x40, 0x00, 0x00, 0x00, 0x82, 0x42, 0xcd, 0xcc, 0x4c, 0x3f, 0x48, 0xe1,
    0x82, 0x40, 0x33, 0x33, 0xe3, 0xc0, 0x01, 0x00, 0x00, 0xd2, 0x42, 0x66,
    0x66, 0x86, 0x41, 0x33, 0x33, 0x33, 0x3f, 0x00, 0x00, 0x00, 0x64, 0x42,
    0x00, 0x00, 0x78, 0xc1, 0xe1, 0x7a, 0x94, 0x3e, 0x00, 0x00, 0x28, 0x06,
    0x46, 0xcd, 0xcc, 0xcc, 0x40, 0xd7, 0xa3, 0xb0, 0x3f, 0x00, 0x00, 0xa0,
    0xa6, 0x44, 0xcd, 0xcc, 0xbc, 0x40, 0x7b, 0x14, 0xee, 0x3f, 0x00, 0x00,
    0xe0, 0xe7, 0x44, 0x66, 0x66, 0x86, 0x40, 0x00, 0x00, 0x70, 0x40, 0x02,
    0x00, 0x40, 0x1c, 0x46, 0xcd, 0xcc, 0x8c, 0x3f, 0x33, 0x33, 0x33, 0x3f,
    0x00, 0x00, 0xb0, 0x39, 0x45, 0x33, 0x33, 0x53, 0xc0, 0xd7, 0xa3, 0x98,
    0x40, 0x00, 0x00, 0x80, 0x69, 0x45, 0x66, 0x66, 0x26, 0x40, 0x00, 0x00,
    0xc0, 0x40, 0x00, 0x00, 0xa0, 0x9f, 0x45, 0x66, 0x66, 0xa6, 0xbf, 0x29,
    0x5c, 0xa7, 0x40, 0x00, 0x00, 0xe0, 0x0e, 0x45, 0xcd, 0xcc, 0x8c, 0x3f,
    0x71, 0x3d, 0xba, 0x40, 0x33, 0x33, 0xd3, 0xc0, 0x01, 0x00, 0x00, 0xd2,
    0x42, 0x00, 0x00, 0x10, 0x41, 0x33, 0x33, 0x33, 0x3f, 0x00, 0x00, 0x5c,
    0x0c, 0x46, 0xcd, 0xcc, 0x8c, 0x40, 0xec, 0x51, 0x28, 0x40, 0x00, 0x00,
    0x00, 0x58, 0x42, 0xcd, 0xcc, 0xac, 0xc0, 0x8f, 0xc2, 0xf5, 0x3e, 0x00,
    0x00, 0x80, 0x8f, 0x44, 0x00, 0x00, 0xc0, 0xbf, 0xec, 0x51, 0x18, 0x40,
    0x00, 0x00, 0x80, 0xf5, 0x43, 0x9a, 0x99, 0x19, 0x3f, 0xa4, 0x70, 0x9d,
    0x3f, 0x02, 0x00, 0x40, 0x1c, 0x46, 0x9a, 0x99, 0x79, 0xc0, 0x33, 0x33,
    0x33, 0x3f, 0x00, 0x00, 0xd8, 0xe8, 0x45, 0x00, 0x00, 0x00, 0x40, 0x71,
    0x3d, 0x7a, 0x40, 0x00, 0x00, 0xb0, 0x8c, 0x45, 0x9a, 0x99, 0xd9, 0xbf,
    0x00, 0x00, 0xc0, 0x40, 0x00, 0x00, 0x20, 0xf2, 0x44, 0x66, 0x66, 0x66,
    0x3f, 0x1f, 0x85, 0x7b, 0x40, 0x00, 0x00, 0x38, 0xb0, 0x45, 0x66, 0x66,
    0x66, 0xbf, 0x00, 0x00, 0xc0, 0x40, 0x66, 0x66, 0xc6, 0xc0, 0x01, 0x00,
    0x00, 0xd2, 0x42, 0xcd, 0xcc, 0xcc, 0xbe, 0x33, 0x33, 0x33, 0x3f, 0x00,
    0x00, 0x00, 0x9e, 0x42, 0x00, 0x00, 0xe0, 0xc0, 0x9a, 0x99, 0x19, 0x3f,
    0x00, 0x00, 0x40, 0x1c, 0x46, 0x66, 0x66, 0x86, 0x40, 0xb8, 0x1e, 0x85,
    0x3e, 0x00, 0x00, 0x20, 0x92, 0x45, 0xcd, 0xcc, 0x4c, 0x40, 0xcd, 0xcc,
    0xb4, 0x40, 0x00, 0x00, 0x80, 0x4c, 0x44, 0x33, 0x33, 0xf3, 0xbf, 0xe1,
    0x7a, 0xb4, 0x3f, 0x02, 0x00, 0x40, 0x1c, 0x46, 0xcd, 0xcc, 0x0c, 0xc0,
    0x33, 0x33, 0x33, 0x3f, 0x00, 0x00, 0x00, 0x8c, 0x43, 0x9a, 0x99, 0xd9,
    0x3f, 0x85, 0xeb, 0x11, 0x40, 0x00, 0x00, 0x30, 0x09, 0x45, 0x00, 0x00,
    0x00, 0x40, 0x29, 0x5c, 0x0f, 0x40, 0x00, 0x00, 0x70, 0x4b, 0x45, 0x00,
    0x00, 0x60, 0xc0, 0xf6, 0x28, 0x9c, 0x40, 0x00, 0x00, 0x00, 0x1a, 0x43,
    0xcd, 0xcc, 0x8c, 0xbf, 0xc3, 0xf5, 0x08, 0x40, 0x33, 0x33, 0xc3, 0xc0,
    0x01, 0x00, 0x00, 0xd2, 0x42, 0x33, 0x33, 0xc3, 0x40, 0x33, 0x33, 0x33,
    0x3f, 0x00, 0x00, 0xa0, 0x99, 0x45, 0x33, 0x33, 0x0b, 0xc1, 0x71, 0x3d,
    0x5a, 0x40, 0x00, 0x00, 0x18, 0xe2, 0x45, 0x66, 0x66, 0xe6, 0x40, 0x66,
    0x66, 0x26, 0x3f, 0x00, 0x00, 0x20, 0x49, 0x45, 0x33, 0x33, 0xc3, 0xc0,
    0x33, 0x33, 0xb3, 0x3f, 0x00, 0x00, 0x60, 0xa2, 0x44, 0x33, 0x33, 0xf3,
    0xbf, 0xd7, 0xa3, 0x20, 0x40, 0x02, 0x00, 0x40, 0x1c, 0x46, 0xcd, 0xcc,
    0xac, 0xc0, 0x33, 0x33, 0x33, 0x3f, 0x00, 0x00, 0x00, 0x4e, 0x43, 0xcd,
    0xcc, 0x8c, 0xbf, 0x1f, 0x85, 0x8b, 0x3f, 0x00, 0x00, 0x00, 0xdb, 0x43,
    0xcd, 0xcc, 0x8c, 0x3f, 0xf6, 0x28, 0x9c, 0x3f, 0x00, 0x00, 0x00, 0x8c,
    0x42, 0x9a, 0x99, 0x99, 0x3f, 0xcd, 0xcc, 0x4c, 0x40, 0x00, 0x00, 0x00,
    0xe6, 0x42, 0x9a, 0x99, 0x19, 0xbf, 0xc3, 0xf5, 0xe8, 0x3f, 0x00, 0x00,
    0xd0, 0xc0, 0x01, 0x00, 0x00, 0xd2, 0x42, 0x66, 0x66, 0xf6, 0x40, 0x33,
    0x33, 0x33, 0x3f, 0x00, 0x00, 0xd0, 0x0d, 0x46, 0x33, 0x33, 0xa3, 0x40,
    0x85, 0xeb, 0xd1, 0x3f, 0x00, 0x00, 0x00, 0xae, 0x42, 0x33, 0x33, 0x83,
    0xc0, 0x5c, 0x8f, 0xc2, 0x3e, 0x00, 0x00, 0x00, 0x9c, 0x44, 0xcd, 0xcc,
    0xcc, 0xbf, 0x52, 0xb8, 0xfe, 0x3f, 0x00, 0x00, 0x40, 0x09, 0x45, 0x33,
    0x33, 0xf3, 0x3f, 0xf6, 0x28, 0x2c, 0x40, 0x02, 0x00, 0x40, 0x1c, 0x46,
    0x66, 0x66, 0xa6, 0xbf, 0x33, 0x33, 0x33, 0x3f, 0x00, 0x00, 0x38, 0xa7,
    0x45, 0x66, 0x66, 0x66, 0xc0, 0xae, 0x47, 0xb9, 0x40, 0x00, 0x00, 0x90,
    0x85, 0x45, 0x00, 0x00, 0x40, 0x40, 0x00, 0x00, 0xc0, 0x40, 0x00, 0x00,
    0x38, 0xd0, 0x45, 0xcd, 0xcc, 0x4c, 0x40, 0xb8, 0x1e, 0xbd, 0x40, 0x00,
    0x00, 0x08, 0xb4, 0x45, 0x66, 0x66, 0xa6, 0xbf, 0xcd, 0xcc, 0x8c, 0x40,
    0x00, 0x00, 0xd0, 0xc0, 0x01, 0x00, 0x00, 0xd2, 0x42, 0x33, 0x33, 0xd3,
    0x40, 0x33, 0x33, 0x33, 0x3f, 0x00, 0x00, 0x00, 0xa8, 0x43, 0x9a, 0x99,
    0x89, 0xc0, 0xf6, 0x28, 0xdc, 0x3e, 0x00, 0x00, 0x58, 0xd5, 0x45, 0x33,
    0x33, 0xe3, 0x40, 0x8f, 0xc2, 0x35, 0x3f, 0x00, 0x00, 0x60, 0xdb, 0x44,
    0x33, 0x33, 0xa3, 0x40, 0x0a, 0xd7, 0x53, 0x40, 0x00, 0x00, 0x00, 0x5e,
    0x45, 0xcd, 0xcc, 0x6c, 0xc0, 0x1f, 0x85, 0xab, 0x3f, 0x02, 0x00, 0x40,
    0x1c, 0x46, 0xcd, 0xcc, 0x2c, 0xc0, 0x33, 0x33, 0x33, 0x3f, 0x00, 0x00,
    0x00, 0x80, 0x42, 0x00, 0x00, 0x80, 0x3f, 0xf6, 0x28, 0x5c, 0x40, 0x00,
    0x00, 0x00, 0x4a, 0x43, 0xcd, 0xcc, 0xcc, 0xbe, 0x7b, 0x14, 0x8e, 0x3f,
    0x00, 0x00, 0x80, 0xa9, 0x43, 0xcd, 0xcc, 0xcc, 0x3e, 0x5c, 0x8f, 0x12,
    0x40, 0x00, 0x00, 0xb0, 0x95, 0x45, 0x66, 0x66, 0x66, 0x3f, 0x00, 0x00,
    0xc0, 0x40, 0x9a, 0x99, 0xc9, 0xc0, 0x01, 0x00, 0x00, 0xd2, 0x42, 0x66,
    0x66, 0xd6, 0x40, 0x33, 0x33, 0x33, 0x3f, 0x00, 0x00, 0x00, 0x05, 0x43,
    0x33, 0x33, 0x83, 0xc0, 0x8f, 0xc2, 0xf5, 0x3e, 0x00, 0x00, 0x3c, 0x0d,
    0x46, 0xcd, 0xcc, 0xbc, 0x40, 0x1f, 0x85, 0xcb, 0x3f, 0x00, 0x00, 0x20,
    0xd7, 0x44, 0x66, 0x66, 0x66, 0x40, 0x9a, 0x99, 0xf9, 0x3f, 0x00, 0x00,
    0x38, 0xaa, 0x45, 0x33, 0x33, 0x73, 0xc0, 0xa4, 0x70, 0x95, 0x40, 0x02,
    0x00, 0x40, 0x1c, 0x46, 0x66, 0x66, 0xa6, 0xbf, 0x33, 0x33, 0x33, 0x3f,
    0x00, 0x00, 0xd0, 0x4d, 0x45, 0x66, 0x66, 0x06, 0xc0, 0x5c, 0x8f, 0xa2,
    0x40, 0x00, 0x00, 0x00, 0x84, 0x42, 0xcd, 0xcc, 0x4c, 0xbf, 0xae, 0x47,
    0x21, 0x40, 0x00, 0x00, 0x00, 0x36, 0x44, 0x00, 0x00, 0xc0, 0x3f, 0xc3,
    0xf5, 0xb0, 0x40, 0x00, 0x00, 0x00, 0xc4, 0x42, 0xcd, 0xcc, 0x8c, 0x3f,
    0x0a, 0xd7, 0x8b, 0x40, 0x9a, 0x99, 0x99, 0xc0, 0x01, 0x00, 0x00, 0xd2,
    0x42, 0x66, 0x66, 0x06, 0xc0, 0x33, 0x33, 0x33, 0x3f, 0x00, 0x00, 0x40,
    0x1c, 0x46, 0x33, 0x33, 0xc3, 0x40, 0xcd, 0xcc, 0xcc, 0x3e, 0x00, 0x00,
    0x20, 0x8c, 0x44, 0xcd, 0xcc, 0x2c, 0xc0, 0x85, 0xeb, 0x11, 0x3f, 0x00,
    0x00, 0x00, 0x32, 0x43, 0x9a, 0x99, 0x79, 0xc0, 0x29, 0x5c, 0x8f, 0x3f,
    0x00, 0x00, 0x80, 0x94, 0x43, 0x66, 0x66, 0x86, 0x40, 0x52, 0xb8, 0xde,
    0x3f, 0x02, 0x00, 0x40, 0x1c, 0x46, 0x66, 0x66, 0x66, 0xc0, 0x33, 0x33,
    0x33, 0x3f, 0x00, 0x00, 0x80, 0x59, 0x45, 0x33, 0x33, 0x53, 0xc0, 0xb8,
    0x1e, 0xbd, 0x40, 0x00, 0x00, 0xd0, 0x89, 0x45, 0x9a, 0x99, 0xd9, 0x3f,
    0xd7, 0xa3, 0x88, 0x40, 0x00, 0x00, 0xd0, 0x31, 0x45, 0x9a, 0x99, 0xd9,
    0x3f, 0x5c, 0x8f, 0xa2, 0x40, 0x00, 0x00, 0x00, 0x5c, 0x42, 0xcd, 0xcc,
    0xcc, 0xbe, 0x1f, 0x85, 0xcb, 0x3f, 0x66, 0x66, 0xc6, 0xc0, 0x01, 0x00,
    0x00, 0xd2, 0x42, 0x33, 0x33, 0xc3, 0x40, 0x33, 0x33, 0x33, 0x3f, 0x00,
    0x00, 0x00, 0x18, 0x43, 0x9a, 0x99, 0x89, 0xc0, 0x3d, 0x0a, 0x17, 0x3f,
    0x00, 0x00, 0xe0, 0xda, 0x44, 0xcd, 0xcc, 0x8c, 0x40, 0x9a, 0x99, 0xb9,
    0x3f, 0x00, 0x00, 0x28, 0x8c, 0x45, 0x33, 0x33, 0xf3, 0xbf, 0x7b, 0x14,
    0x2e, 0x40, 0x00, 0x00, 0x00, 0x20, 0x42, 0x00, 0x00, 0x80, 0x3f, 0x0a,
    0xd7, 0x43, 0x40, 0x02, 0x00, 0x40, 0x1c, 0x46, 0x33, 0x33, 0x33, 0xbf,
    0x33, 0x33, 0x33, 0x3f, 0x00, 0x00, 0x74, 0x16, 0x46, 0x00, 0x00, 0xc0,
    0x40, 0x48, 0xe1, 0xda, 0x3f, 0x00, 0x00, 0x58, 0xb4, 0x45, 0x33, 0x33,
    0x33, 0xc0, 0x85, 0xeb, 0xb1, 0x40, 0x00, 0x00, 0x70, 0x46, 0x45, 0x00,
    0x00, 0x00, 0xc0, 0x66, 0x66, 0x96, 0x40, 0x00, 0x00, 0xa0, 0x66, 0x45,
    0x33, 0x33, 0x33, 0x3f, 0xf6, 0x28, 0x8c, 0x40, 0x9a, 0x99, 0xc9, 0xc0,
    0x01, 0x00, 0x00, 0xd2, 0x42, 0x00, 0x00, 0xd0, 0x40, 0x33, 0x33, 0x33,
    0x3f, 0x00, 0x00, 0x00, 0xfa, 0x42, 0xcd, 0xcc, 0x2c, 0xc0, 0xcd, 0xcc,
    0x0c, 0x3f, 0x00, 0x00, 0xf4, 0x03, 0x46, 0x33, 0x33, 0x53, 0x40, 0x7b,
    0x14, 0xce, 0x3f, 0x00, 0x00, 0x80, 0x02, 0x44, 0x33, 0x33, 0x33, 0x3f,
    0x5c, 0x8f, 0x82, 0x3f, 0x00, 0x00, 0x40, 0xa2, 0x44, 0x9a, 0x99, 0x99,
    0xbf, 0xc3, 0xf5, 0x08, 0x40, 0x02, 0x00, 0x40, 0x1c, 0x46, 0x66, 0x66,
    0x46, 0xc0, 0x33, 0x33, 0x33, 0x3f, 0x00, 0x00, 0x60, 0x45, 0x45, 0x66,
    0x66, 0xe6, 0xbf, 0x48, 0xe1, 0x6a, 0x40, 0x00, 0x00, 0x60, 0x07, 0x45,
    0x66, 0x66, 0x66, 0x3f, 0xe1, 0x7a, 0x54, 0x40, 0x00, 0x00, 0x78, 0xcf,
    0x45, 0xcd, 0xcc, 0x0c, 0x40, 0x71, 0x3d, 0xba, 0x40, 0x00, 0x00, 0xc8,
    0xa9, 0x45, 0x9a, 0x99, 0x99, 0xbf, 0x66, 0x66, 0xb6, 0x40, 0x66, 0x66,
    0xe6, 0xbf, 0x01, 0x00, 0x00, 0xd2, 0x42, 0xcd, 0xcc, 0xcc, 0x3e, 0x33,
    0x33, 0x33, 0x3f, 0x00, 0x00, 0x00, 0xe0, 0x42, 0x66, 0x66, 0xb6, 0xc0,
    0x3d, 0x0a, 0xf7, 0x3f, 0x00, 0x00, 0x8c, 0x0c, 0x46, 0xcd, 0xcc, 0x4c,
    0x40, 0xc3, 0xf5, 0xc8, 0x3f, 0x00, 0x00, 0x00, 0x44, 0x42, 0x66, 0x66,
    0x66, 0x3f, 0x00, 0x00, 0xa0, 0x3f, 0x00, 0x00, 0x80, 0xcd, 0x44, 0x00,
    0x00, 0x00, 0x40, 0x8f, 0xc2, 0x45, 0x40, 0x02, 0x00, 0x40, 0x1c, 0x46,
    0x9a, 0x99, 0x89, 0xc0, 0x33, 0x33, 0x33, 0x3f, 0x00, 0x00, 0xc0, 0x19,
    0x44, 0x33, 0x33, 0xf3, 0xbf, 0x00, 0x00, 0xe0, 0x3f, 0x00, 0x00, 0x00,
    0x6a, 0x43, 0x00, 0x00, 0x00, 0x40, 0xb8, 0x1e, 0x65, 0x40, 0x00, 0x00,
    0x90, 0x2c, 0x45, 0xcd, 0xcc, 0x2c, 0xc0, 0x00, 0x00, 0xc0, 0x40, 0x00,
    0x00, 0xc0, 0x52, 0x44, 0xcd, 0xcc, 0xcc, 0x3f, 0x48, 0xe1, 0x92, 0x40,
    0xcd, 0xcc, 0xac, 0xc0, 0x01, 0x00, 0x00, 0xd2, 0x42, 0xcd, 0xcc, 0xac,
    0x40, 0x33, 0x33, 0x33, 0x3f, 0x00, 0x00, 0x00, 0x87, 0x44, 0x66, 0x66,
    0x96, 0xc0, 0x9a, 0x99, 0x99, 0x3e, 0x00, 0x00, 0x28, 0xa9, 0x45, 0x66,
    0x66, 0xd6, 0x40, 0x0a, 0xd7, 0xa3, 0x3f, 0x00, 0x00, 0x00, 0x9a, 0x43,
    0x9a, 0x99, 0x09, 0x41, 0xec, 0x51, 0x38, 0x3f, 0x00, 0x00, 0x00, 0x04,
    0x43, 0x00, 0x00, 0xc0, 0xc0, 0xd7, 0xa3, 0x30, 0x3f, 0x02, 0x00, 0x40,
    0x1c, 0x46, 0xcd, 0xcc, 0xcc, 0xbf, 0x33, 0x33, 0x33, 0x3f, 0x00, 0x00,
    0xa0, 0x46, 0x45, 0x33, 0x33, 0x83, 0xc0, 0x85, 0xeb, 0xa9, 0x40, 0x00,
    0x00, 0xd0, 0x1d, 0x45, 0x33, 0x33, 0x33, 0x40, 0x00, 0x00, 0xc0, 0x40,
    0x00, 0x00, 0x00, 0x34, 0x42, 0x9a, 0x99, 0x19, 0xbf, 0x00, 0x00, 0x00,
    0x40, 0x00, 0x00, 0xc0, 0x80, 0x45, 0x33, 0x33, 0xb3, 0x3f, 0x14, 0xae,
    0x67, 0x40, 0x33, 0x33, 0xc3, 0xc0, 0x01, 0x00, 0x00, 0xd2, 0x42, 0xcd,
    0xcc, 0xcc, 0x40, 0x33, 0x33, 0x33, 0x3f, 0x00, 0x00, 0x80, 0x09, 0x46,
    0x33, 0x33, 0xa3, 0x40, 0x8f, 0xc2, 0xb5, 0x3f, 0x00, 0x00, 0x00, 0xec,
    0x42, 0x66, 0x66, 0x46, 0xc0, 0x00, 0x00, 0x00, 0x3f, 0x00, 0x00, 0x00,
    0x14, 0x42, 0x33, 0x33, 0x33, 0x3f, 0xa4, 0x70, 0x7d, 0x40, 0x00, 0x00,
    0x10, 0x46, 0x45, 0x9a, 0x99, 0xd9, 0xbf, 0xc3, 0xf5, 0x78, 0x40, 0x02,
    0x00, 0x40, 0x1c, 0x46, 0x66, 0x66, 0x06, 0xc0, 0x33, 0x33, 0x33, 0x3f,
    0x00, 0x00, 0x60, 0x99, 0x44, 0x9a, 0x99, 0x99, 0xbf, 0x85, 0xeb, 0x21,
    0x40, 0x00, 0x00, 0x70, 0x00, 0x45, 0x9a, 0x99, 0x99, 0x3f, 0x52, 0xb8,
    0x4e, 0x40, 0x00, 0x00, 0xc0, 0x12, 0x44, 0xcd, 0xcc, 0xcc, 0x3e, 0xec,
    0x51, 0x98, 0x3f, 0x00, 0x00, 0xa0, 0xa6, 0x45, 0xcd, 0xcc, 0x8c, 0xbf,
    0x00, 0x00, 0xb8, 0x40, 0x9a, 0x99, 0xc9, 0xc0, 0x01, 0x00, 0x00, 0xd2,
    0x42, 0x00, 0x00, 0xd0, 0x40, 0x33, 0x33, 0x33, 0x3f, 0x00, 0x00, 0xd8,
    0xf6, 0x45, 0x00, 0x00, 0xd0, 0x40, 0x7b, 0x14, 0x2e, 0x3f, 0x00, 0x00,
    0x00, 0x32, 0x43, 0xcd, 0xcc, 0x4c, 0xc0, 0x48, 0xe1, 0xfa, 0x3e, 0x00,
    0x00, 0xf0, 0xaa, 0x45, 0x9a, 0x99, 0xe9, 0xc0, 0xcd, 0xcc, 0x8c, 0x40,
    0x00, 0x00, 0xc0, 0x98, 0x44, 0x33, 0x33, 0x13, 0xc0, 0x8f, 0xc2, 0x15,
    0x40, 0x02, 0x00, 0x40, 0x1c, 0x46, 0xcd, 0xcc, 0x8c, 0xbf, 0x33, 0x33,
    0x33, 0x3f, 0x00, 0x00, 0xa0, 0x0c, 0x45, 0x66, 0x66, 0xa6, 0x3f, 0xb8,
    0x1e, 0x65, 0x40, 0x00, 0x00, 0x40, 0x53, 0x45, 0x66, 0x66, 0x66, 0xbf,
    0x8f, 0xc2, 0x35, 0x40, 0x00, 0x00, 0x68, 0xd1, 0x45, 0x9a, 0x99, 0x99,
    0x3f, 0x00, 0x00, 0xc0, 0x40, 0x00, 0x00, 0x00, 0x44, 0x44, 0xcd, 0xcc,
    0xcc, 0xbe, 0xae, 0x47, 0x61, 0x40, 0x33, 0x33, 0xc3, 0xc0, 0x01, 0x00,
    0x00, 0xd2, 0x42, 0x33, 0x33, 0xd3, 0x40, 0x33, 0x33, 0x33, 0x3f, 0x00,
    0x00, 0x00, 0x1e, 0x43, 0x9a, 0x99, 0x79, 0xc0, 0x1f, 0x85, 0x6b, 0x3e,
    0x00, 0x00, 0x40, 0xff, 0x45, 0x9a, 0x99, 0xd9, 0x40, 0x00, 0x00, 0x00,
    0x3f, 0x00, 0x00, 0x90, 0xae, 0x45, 0x00, 0x00, 0xf0, 0xc0, 0x3d, 0x0a,
    0x47, 0x40, 0x00, 0x00, 0x00, 0x10, 0x42, 0xcd, 0xcc, 0xcc, 0x3f, 0xa4,
    0x70, 0xdd, 0x3f, 0x02, 0x00, 0x40, 0x1c, 0x46, 0xcd, 0xcc, 0x6c, 0xc0,
    0x33, 0x33, 0x33, 0x3f, 0x00, 0x00, 0x40, 0x89, 0x44, 0x9a, 0x99, 0x99,
    0xbf, 0xd7, 0xa3, 0x20, 0x40, 0x00, 0x00, 0x00, 0xd8, 0x43, 0x33, 0x33,
    0x33, 0x3f, 0x1f, 0x85, 0xab, 0x3f, 0x00, 0x00, 0x00, 0x3a, 0x43, 0x9a,
    0x99, 0x99, 0xbe, 0x5c, 0x8f, 0x82, 0x3f, 0x00, 0x00, 0x40, 0xf4, 0x44,
    0x00, 0x00, 0x80, 0x3f, 0x3d, 0x0a, 0x57, 0x40, 0xcd, 0xcc, 0xcc, 0xc0,
    0x01, 0x00, 0x00, 0xd2, 0x42, 0x33, 0x33, 0xf3, 0x40, 0x33, 0x33, 0x33,
    0x3f, 0x00, 0x00, 0x00, 0xc4, 0x42, 0x00, 0x00, 0x60, 0xc0, 0x52, 0xb8,
    0x9e, 0x3e, 0x00, 0x00, 0xc8, 0xfc, 0x45, 0x66, 0x66, 0x96, 0x40, 0x14,
    0xae, 0x07, 0x3f, 0x00, 0x00, 0xf8, 0xad, 0x45, 0x33, 0x33, 0xd3, 0xc0,
    0x48, 0xe1, 0x7a, 0x40, 0x00, 0x00, 0xc0, 0x96, 0x44, 0x00, 0x00, 0x00,
    0xc0, 0xa4, 0x70, 0x1d, 0x40, 0x02, 0x00, 0x40, 0x1c, 0x46, 0x33, 0x33,
    0x73, 0xc0, 0x33, 0x33, 0x33, 0x3f, 0x00, 0x00, 0xa0, 0x0a, 0x45, 0xcd,
    0xcc, 0x8c, 0x3f, 0x00, 0x00, 0x70, 0x40, 0x00, 0x00, 0x60, 0x48, 0x45,
    0x9a, 0x99, 0x99, 0xbf, 0xd7, 0xa3, 0x60, 0x40, 0x00, 0x00, 0x78, 0x88,
    0x45, 0x66, 0x66, 0xa6, 0x3f, 0x00, 0x00, 0xc0, 0x40, 0x00, 0x00, 0x00,
    0xe6, 0x42, 0xcd, 0xcc, 0xcc, 0x3d, 0xae, 0x47, 0xa1, 0x3f, 0x33, 0x33,
    0xc3, 0xc0, 0x01, 0x00, 0x00, 0xd2, 0x42, 0xcd, 0xcc, 0xcc, 0x40, 0x33,
    0x33, 0x33, 0x3f, 0x00, 0x00, 0x80, 0x09, 0x46, 0x33, 0x33, 0xa3, 0x40,
    0x8f, 0xc2, 0xb5, 0x3f, 0x00, 0x00, 0x00, 0xec, 0x42, 0x66, 0x66, 0x46,
    0xc0, 0x00, 0x00, 0x00, 0x3f, 0x00, 0x00, 0x00, 0x14, 0x42, 0x33, 0x33,
    0x33, 0x3f, 0xa4, 0x70, 0x7d, 0x40, 0x00, 0x00, 0x10, 0x46, 0x45, 0x9a,
    0x99, 0xd9, 0xbf, 0xc3, 0xf5, 0x78, 0x40, 0x02, 0x00, 0x40, 0x1c, 0x46,
    0x66, 0x66, 0x06, 0xc0, 0x33, 0x33, 0x33, 0x3f, 0x00, 0x00, 0x60, 0x99,
    0x44, 0x9a, 0x99, 0x99, 0xbf, 0x85, 0xeb, 0x21, 0x40, 0x00, 0x00, 0x70,
    0x00, 0x45, 0x9a, 0x99, 0x99, 0x3f, 0x52, 0xb8, 0x4e, 0x40, 0x00, 0x00,
    0xc0, 0x12, 0x44, 0xcd, 0xcc, 0xcc, 0x3e, 0xec, 0x51, 0x98, 0x3f, 0x00,
    0x00, 0xa0, 0xa6, 0x45, 0xcd, 0xcc, 0x8c, 0xbf, 0x00, 0x00, 0xb8, 0x40,
    0x00, 0x00, 0xd0, 0xc0, 0x01, 0x00, 0x00, 0xd2, 0x42, 0x33, 0x33, 0xe3,
    0x40, 0x33, 0x33, 0x33, 0x3f, 0x00, 0x00, 0x00, 0x09, 0x43, 0x33, 0x33,
    0x93, 0xc0, 0x5c, 0x8f, 0xc2, 0x3e, 0x00, 0x00, 0x40, 0xe7, 0x44, 0x66,
    0x66, 0x96, 0x40, 0x7b, 0x14, 0xee, 0x3f, 0x00, 0x00, 0x88, 0xb6, 0x45,
    0xcd, 0xcc, 0x44, 0xc1, 0xe1, 0x7a, 0x44, 0x40, 0x00, 0x00, 0x38, 0x1a,
    0x46, 0x66, 0x66, 0x86, 0x40, 0x3d, 0x0a, 0x57, 0x3e, 0x02, 0x00, 0x40,
    0x1c, 0x46, 0xcd, 0xcc, 0xcc, 0xc0, 0x33, 0x33, 0x33, 0x3f, 0x00, 0x00,
    0x60, 0x72, 0x45, 0x9a, 0x99, 0xd9, 0x3f, 0xd7, 0xa3, 0x98, 0x40, 0x00,
    0x00, 0xe0, 0x39, 0x45, 0x9a, 0x99, 0x99, 0xbf, 0x52, 0xb8, 0x96, 0x40,
    0x00, 0x00, 0xb0, 0xda, 0x45, 0x66, 0x66, 0x06, 0x40, 0x3d, 0x0a, 0xbf,
    0x40, 0x00, 0x00, 0xc0, 0x64, 0x44, 0xcd, 0xcc, 0xcc, 0xbe, 0x1f, 0x85,
    0x2b, 0x40, 0xcd, 0xcc, 0xcc, 0xc0, 0x01, 0x00, 0x00, 0xd2, 0x42, 0x66,
    0x66, 0xd6, 0x40, 0x33, 0x33, 0x33, 0x3f, 0x00, 0x00, 0xe0, 0x32, 0x45,
    0x33, 0x33, 0x83, 0x40, 0x00, 0x00, 0x00, 0x3f, 0x00, 0x00, 0x00, 0x2c,
    0x43, 0x33, 0x33, 0x53, 0xc0, 0x14, 0xae, 0xc7, 0x3e, 0x00, 0x00, 0xe8,
    0xaf, 0x45, 0x00, 0x00, 0x48, 0xc1, 0xf6, 0x28, 0x5c, 0x40, 0x00, 0x00,
    0x6c, 0x1b, 0x46, 0x66, 0x66, 0x26, 0x40, 0xec, 0x51, 0x38, 0x40, 0x02,
    0x00, 0x40, 0x1c, 0x46, 0x00, 0x00, 0x80, 0xc0, 0x33, 0x33, 0x33, 0x3f,
    0x00, 0x00, 0x20, 0xe7, 0x44, 0x33, 0x33, 0xb3, 0x3f, 0x5c, 0x8f, 0x22,
    0x40, 0x00, 0x00, 0x80, 0x33, 0x45, 0xcd, 0xcc, 0xcc, 0xbf, 0x33, 0x33,
    0x53, 0x40, 0x00, 0x00, 0x80, 0x80, 0x44, 0xcd, 0xcc, 0x4c, 0xbf, 0xf6,
    0x28, 0x0c, 0x40, 0x00, 0x00, 0xc0, 0x7b, 0x45, 0x00, 0x00, 0xc0, 0x3f,
    0x66, 0x66, 0x96, 0x40, 0x33, 0x33, 0xc3, 0xc0, 0x01, 0x00, 0x00, 0xd2,
    0x42, 0xcd, 0xcc, 0xcc, 0x40, 0x33, 0x33, 0x33, 0x3f, 0x00, 0x00, 0x00,
    0xf1, 0x44, 0x00, 0x00, 0x60, 0x40, 0x0a, 0xd7, 0xa3, 0x3f, 0x00, 0x00,
    0x00, 0x30, 0x43, 0x00, 0x00, 0x00, 0xc0, 0xe1, 0x7a, 0x14, 0x3f, 0x00,
    0x00, 0x20, 0xb4, 0x45, 0x9a, 0x99, 0xf9, 0xc0, 0x8f, 0xc2, 0x65, 0x40,
    0x00, 0x00, 0x00, 0xb0, 0x41, 0xcd, 0xcc, 0xcc, 0xbe, 0x33, 0x33, 0x8b,
    0x40, 0x02, 0x00, 0x40, 0x1c, 0x46, 0x66, 0x66, 0x86, 0xc0, 0x33, 0x33,
    0x33, 0x3f, 0x00, 0x00, 0xe0, 0x5c, 0x45, 0x33, 0x33, 0xb3, 0x3f, 0x52,
    0xb8, 0xb6, 0x40, 0x00, 0x00, 0xb0, 0x63, 0x45, 0x9a, 0x99, 0x99, 0xbe,
    0x9a, 0x99, 0x91, 0x40, 0x00, 0x00, 0xa0, 0xd1, 0x45, 0x9a, 0x99, 0x99,
    0x3f, 0x00, 0x00, 0xc0, 0x40, 0x00, 0x00, 0x40, 0x80, 0x44, 0xcd, 0xcc,
    0x4c, 0xbe, 0x14, 0xae, 0x27, 0x40, 0x66, 0x66, 0xc6, 0xc0, 0x01, 0x00,
    0x00, 0xd2, 0x42, 0xcd, 0xcc, 0xcc, 0x40, 0x33, 0x33, 0x33, 0x3f, 0x00,
    0x00, 0x00, 0x25, 0x43, 0xcd, 0xcc, 0x0c, 0xc0, 0x1f, 0x85, 0xeb, 0x3e,
    0x00, 0x00, 0xe0, 0xe4, 0x44, 0xcd, 0xcc, 0x0c, 0x40, 0x00, 0x00, 0x00,
    0x40, 0x00, 0x00, 0x60, 0xb2, 0x45, 0xcd, 0xcc, 0x9c, 0xc0, 0x00, 0x00,
    0x70, 0x40, 0x00, 0x00, 0xa0, 0x6d, 0x45, 0x00, 0x00, 0x60, 0x40, 0x7b,
    0x14, 0x4e, 0x40, 0x02, 0x00, 0x40, 0x1c, 0x46, 0x33, 0x33, 0x53, 0xc0,
    0x33, 0x33, 0x33, 0x3f, 0x00, 0x00, 0x80, 0x7a, 0x44, 0x33, 0x33, 0x33,
    0xbf, 0x14, 0xae, 0x27, 0x40, 0x00, 0x00, 0xc0, 0x02, 0x44, 0xcd, 0xcc,
    0x4c, 0x3e, 0x0a, 0xd7, 0xa3, 0x3f, 0x00, 0x00, 0xc0, 0xb2, 0x44, 0x00,
    0x00, 0x00, 0x3f, 0x48, 0xe1, 0xa2, 0x40, 0x00, 0x00, 0x00, 0x24, 0x42,
    0xcd, 0xcc, 0x4c, 0x3e, 0x5c, 0x8f, 0x32, 0x40, 0xcd, 0xcc, 0xcc, 0xc0,
    0x01, 0x00, 0x00, 0xd2, 0x42, 0xcd, 0xcc, 0xcc, 0x40, 0x33, 0x33, 0x33,
    0x3f, 0x00, 0x00, 0xe0, 0xe5, 0x44, 0xcd, 0xcc, 0x6c, 0x40, 0x14, 0xae,
    0x17, 0x40, 0x00, 0x00, 0x80, 0x6c, 0x44, 0x9a, 0x99, 0x99, 0xbf, 0x8f,
    0xc2, 0xb5, 0x3f, 0x00, 0x00, 0x00, 0x72, 0x43, 0x33, 0x33, 0xb3, 0xbf,
    0x00, 0x00, 0xc0, 0x3f, 0x00, 0x00, 0x80, 0xaf, 0x45, 0x66, 0x66, 0x06,
    0xc0, 0x3d, 0x0a, 0xd7, 0x3f, 0x02, 0x00, 0x40, 0x1c, 0x46, 0xcd, 0xcc,
    0xec, 0xc0, 0x33, 0x33, 0x33, 0x3f, 0x00, 0x00, 0x5c, 0x0e, 0x46, 0x66,
    0x66, 0x06, 0x40, 0x66, 0x66, 0xa6, 0x3f, 0x00, 0x00, 0x08, 0x8c, 0x45,
    0x00, 0x00, 0xc0, 0xbf, 0x8f, 0xc2, 0x75, 0x40, 0x00, 0x00, 0x60, 0x70,
    0x45, 0x9a, 0x99, 0x19, 0x40, 0x14, 0xae, 0xaf, 0x40, 0x00, 0x00, 0x00,
    0x96, 0x42, 0x33, 0x33, 0x33, 0x3f, 0xc3, 0xf5, 0x18, 0x40, 0x66, 0x66,
    0xc6, 0xc0, 0x01, 0x00, 0x00, 0xd2, 0x42, 0x33, 0x33, 0xd3, 0x40, 0x33,
    0x33, 0x33, 0x3f, 0x00, 0x00, 0x00, 0x0e, 0x43, 0x33, 0x33, 0x13, 0xc0,
    0x9a, 0x99, 0x99, 0x3e, 0x00, 0x00, 0xe0, 0xf4, 0x44, 0x00, 0x00, 0x20,
    0x40, 0xae, 0x47, 0x61, 0x3f, 0x00, 0x00, 0x78, 0xb1, 0x45, 0xcd, 0xcc,
    0x8c, 0xc0, 0x1f, 0x85, 0x8b, 0x40, 0x00, 0x00, 0x00, 0x54, 0x43, 0x00,
    0x00, 0x00, 0xbf, 0x3d, 0x0a, 0x17, 0x40, 0x02, 0x00, 0x40, 0x1c, 0x46,
    0x9a, 0x99, 0x89, 0xc0, 0x33, 0x33, 0x33, 0x3f, 0x00, 0x00, 0x60, 0x82,
    0x44, 0x00, 0x00, 0x80, 0xbf, 0xc3, 0xf5, 0x38, 0x40, 0x00, 0x00, 0xa0,
    0xb4, 0x44, 0x00, 0x00, 0x80, 0x3f, 0x1f, 0x85, 0x5b, 0x40, 0x00, 0x00,
    0x00, 0x25, 0x45, 0x66, 0x66, 0x66, 0xbf, 0xec, 0x51, 0x80, 0x40, 0x00,
    0x00, 0xd0, 0x55, 0x45, 0x66, 0x66, 0xa6, 0x3f, 0x3d, 0x0a, 0xaf, 0x40,
    0x00, 0x00, 0xc0, 0xc0, 0x01, 0x00, 0x00, 0xd2, 0x42, 0x33, 0x33, 0xc3,
    0x40, 0x33, 0x33, 0x33, 0x3f, 0x00, 0x00, 0x20, 0xe5, 0x44, 0x00, 0x00,
    0x90, 0x40, 0xcd, 0xcc, 0x2c, 0x40, 0x00, 0x00, 0x00, 0x6d, 0x43, 0x66,
    0x66, 0xa6, 0xbf, 0x48, 0xe1, 0x9a, 0x3f, 0x00, 0x00, 0x00, 0x46, 0x44,
    0x33, 0x33, 0x33, 0xbf, 0x52, 0xb8, 0x9e, 0x3f, 0x00, 0x00, 0x00, 0x80,
    0x42, 0xcd, 0xcc, 0x4c, 0x3f, 0x29, 0x5c, 0x2f, 0x40, 0x02, 0x00, 0x40,
    0x1c, 0x46, 0x33, 0x33, 0x13, 0xc1, 0x33, 0x33, 0x33, 0x3f, 0x00, 0x00,
    0xe8, 0x94, 0x45, 0x00, 0x00, 0x40, 0xc0, 0x3d, 0x0a, 0xb7, 0x40, 0x00,
    0x00, 0xd8, 0xca, 0x45, 0xcd, 0xcc, 0x2c, 0xc0, 0x00, 0x00, 0xc0, 0x40,
    0x00, 0x00, 0xd0, 0x38, 0x45, 0x00, 0x00, 0xc0, 0xbf, 0x33, 0x33, 0xb3,
    0x40, 0x00, 0x00, 0x10, 0x6c, 0x45, 0x33, 0x33, 0xf3, 0x3f, 0x52, 0xb8,
    0xbe, 0x40, 0x9a, 0x99, 0xb9, 0xc0, 0x01, 0x00, 0x00, 0xd2, 0x42, 0x66,
    0x66, 0xe6, 0x40, 0x33, 0x33, 0x33, 0x3f, 0x00, 0x00, 0x00, 0xe2, 0x42,
    0x66, 0x66, 0x86, 0xc0, 0x00, 0x00, 0x80, 0x3e, 0x00, 0x00, 0x80, 0xed,
    0x44, 0x9a, 0x99, 0x79, 0x40, 0xf6, 0x28, 0xdc, 0x3f, 0x00, 0x00, 0x40,
    0x65, 0x45, 0xcd, 0xcc, 0x6c, 0x40, 0x14, 0xae, 0xa7, 0x40, 0x00, 0x00,
    0xf8, 0xf8, 0x45, 0x66, 0x66, 0x26, 0x40, 0x5c, 0x8f, 0x02, 0x40, 0x02,
    0x00, 0x40, 0x1c, 0x46, 0x9a, 0x99, 0xb9, 0xc0, 0x33, 0x33, 0x33, 0x3f,
    0x00, 0x00, 0xf0, 0x97, 0x45, 0x33, 0x33, 0x73, 0xc0, 0x29, 0x5c, 0xbf,
    0x40, 0x00, 0x00, 0x08, 0xbe, 0x45, 0xcd, 0xcc, 0x4c, 0x40, 0x66, 0x66,
    0xbe, 0x40, 0x00, 0x00, 0xd0, 0x75, 0x45, 0x66, 0x66, 0xa6, 0x3f, 0x7b,
    0x14, 0xb6, 0x40, 0x00, 0x00, 0xc0, 0x6c, 0x44, 0xcd, 0xcc, 0xcc, 0xbe,
    0xc3, 0xf5, 0x58, 0x40, 0x66, 0x66, 0xc6, 0xc0, 0x01, 0x00, 0x00, 0xd2,
    0x42, 0x9a, 0x99, 0x39, 0xc0, 0x33, 0x33, 0x33, 0x3f, 0x00, 0x00, 0x00,
    0x13, 0x43, 0x9a, 0x99, 0x09, 0xc1, 0xb8, 0x1e, 0xe5, 0x3f, 0x00, 0x00,
    0x00, 0x93, 0x43, 0x33, 0x33, 0xf3, 0x40, 0x29, 0x5c, 0x0f, 0x40, 0x00,
    0x00, 0x20, 0xb3, 0x45, 0x66, 0x66, 0xe6, 0x3f, 0xec, 0x51, 0x38, 0x3e,
    0x00, 0x00, 0x40, 0x71, 0x44, 0x9a, 0x99, 0x79, 0xc0, 0x52, 0xb8, 0xde,
    0x3f, 0x02, 0x00, 0x40, 0x1c, 0x46, 0xcd, 0xcc, 0x8c, 0xbf, 0x33, 0x33,
    0x33, 0x3f, 0x00, 0x00, 0x00, 0x94, 0x42, 0x66, 0x66, 0xd6, 0x40, 0x29,
    0x5c, 0x2f, 0x40, 0x00, 0x00, 0x00, 0x8a, 0x42, 0x33, 0x33, 0x33, 0xc0,
    0xcd, 0xcc, 0x4c, 0x3f, 0x00, 0x00, 0xf0, 0x6e, 0x45, 0x66, 0x66, 0x66,
    0x40, 0x5c, 0x8f, 0xaa, 0x40, 0x00, 0x00, 0x18, 0x9f, 0x45, 0x00, 0x00,
    0x80, 0xc0, 0x8f, 0xc2, 0xb5, 0x40, 0x66, 0x66, 0xc6, 0xc0, 0x01, 0x00,
    0x00, 0xd2, 0x42, 0xcd, 0xcc, 0xac, 0x40, 0x33, 0x33, 0x33, 0x3f, 0x00,
    0x00, 0x00, 0x63, 0x43, 0x33, 0x33, 0x83, 0xc0, 0x1f, 0x85, 0xeb, 0x3e,
    0x00, 0x00, 0xe0, 0xbc, 0x44, 0x33, 0x33, 0xd3, 0x40, 0x14, 0xae, 0xa7,
    0x3f, 0x00, 0x00, 0x00, 0x46, 0x44, 0x66, 0x66, 0x26, 0xc0, 0x8f, 0xc2,
    0x75, 0x3f, 0x00, 0x00, 0x10, 0x0c, 0x45, 0x00, 0x00, 0x60, 0x40, 0x3d,
    0x0a, 0x27, 0x40, 0x02, 0x00, 0x40, 0x1c, 0x46, 0x66, 0x66, 0xa6, 0xbf,
    0x33, 0x33, 0x33, 0x3f, 0x00, 0x00, 0x50, 0xac, 0x45, 0x66, 0x66, 0xe6,
    0xbf, 0xe1, 0x7a, 0x94, 0x40, 0x00, 0x00, 0x00, 0x64, 0x42, 0x33, 0x33,
    0xb3, 0x3f, 0xa4, 0x70, 0x5d, 0x40, 0x00, 0x00, 0x00, 0x10, 0x42, 0xcd,
    0xcc, 0xcc, 0xbe, 0x00, 0x00, 0x00, 0x40, 0x00, 0x00, 0x00, 0xa6, 0x42,
    0x9a, 0x99, 0x19, 0xbf, 0xae, 0x47, 0x21, 0x40, 0xcd, 0xcc, 0xac, 0xc0,
    0x01, 0x00, 0x00, 0xd2, 0x42, 0x9a, 0x99, 0x99, 0x40, 0x33, 0x33, 0x33,
    0x3f, 0x00, 0x00, 0x00, 0xb0, 0x42, 0x9a, 0x99, 0xb9, 0xc0, 0x5c, 0x8f,
    0x42, 0x3f, 0x00, 0x00, 0x80, 0xf7, 0x43, 0x66, 0x66, 0x86, 0x40, 0xec,
    0x51, 0x98, 0x3f, 0x00, 0x00, 0x50, 0x92, 0x45, 0x33, 0x33, 0xb3, 0x40,
    0x00, 0x00, 0x50, 0x40, 0x00, 0x00, 0x00, 0x67, 0x43, 0xcd, 0xcc, 0x4c,
    0xc0, 0x14, 0xae, 0xc7, 0x3f, 0x02, 0x00, 0x40, 0x1c, 0x46, 0x33, 0x33,
    0x83, 0x40, 0x33, 0x33, 0x33, 0x3f, 0x00, 0x00, 0x00, 0x0d, 0x46, 0x66,
    0x66, 0x66, 0xc0, 0x3d, 0x0a, 0x27, 0x40, 0x00, 0x00, 0xd0, 0x1f, 0x45,
    0x00, 0x00, 0xc0, 0xbf, 0x8f, 0xc2, 0x25, 0x40, 0x00, 0x00, 0x00, 0x2c,
    0x42, 0x66, 0x66, 0xa6, 0xbf, 0xb8, 0x1e, 0x25, 0x40, 0x00, 0x00, 0x00,
    0x74, 0x42, 0x00, 0x00, 0x00, 0x40, 0x0a, 0xd7, 0xab, 0x40, 0x9a, 0x99,
    0xc9, 0xc0, 0x01, 0x00, 0x00, 0xd2, 0x42, 0xcd, 0xcc, 0xcc, 0x40, 0x33,
    0x33, 0x33, 0x3f, 0x00, 0x00, 0x68, 0x8e, 0x45, 0x33, 0x33, 0xb3, 0x40,
    0x85, 0xeb, 0x41, 0x40, 0x00, 0x00, 0xb0, 0x2c, 0x45, 0x66, 0x66, 0x06,
    0xc0, 0x33, 0x33, 0x93, 0x3f, 0x00, 0x00, 0x00, 0x4e, 0x43, 0x9a, 0x99,
    0xd9, 0xbf, 0x7b, 0x14, 0x2e, 0x3f, 0x00, 0x00, 0xc0, 0x08, 0x44, 0x9a,
    0x99, 0x19, 0x40, 0x66, 0x66, 0xc6, 0x3f, 0x02, 0x00, 0x40, 0x1c, 0x46,
    0xcd, 0xcc, 0x8c, 0x40, 0x33, 0x33, 0x33, 0x3f, 0x00, 0x00, 0x4c, 0x0e,
    0x46, 0x66, 0x66, 0x86, 0xc0, 0xa4, 0x70, 0xbd, 0x3f, 0x00, 0x00, 0xa0,
    0xb5, 0x45, 0x33, 0x33, 0x33, 0x40, 0x00, 0x00, 0xc0, 0x40, 0x00, 0x00,
    0x00, 0x8e, 0x42, 0x66, 0x66, 0xa6, 0x3f, 0xe1, 0x7a, 0x74, 0x40, 0x00,
    0x00, 0x00, 0xd4, 0x42, 0x00, 0x00, 0x80, 0xbf, 0x3d, 0x0a, 0x47, 0x40,
    0x00, 0x00, 0xd0, 0xc0, 0x01, 0x00, 0x00, 0xd2, 0x42, 0x33, 0x33, 0x2b,
    0x41, 0x33, 0x33, 0x33, 0x3f, 0x00, 0x00, 0x80, 0xfb, 0x44, 0x33, 0x33,
    0x73, 0x40, 0x66, 0x66, 0x66, 0x3f, 0x00, 0x00, 0x60, 0xa6, 0x44, 0xcd,
    0xcc, 0x8c, 0xc0, 0x29, 0x5c, 0x8f, 0x3f, 0x00, 0x00, 0x00, 0x3c, 0x42,
    0x00, 0x00, 0xe0, 0xc0, 0x3d, 0x0a, 0xd7, 0x3e, 0x00, 0x00, 0xc8, 0x0f,
    0x46, 0x00, 0x00, 0x60, 0x40, 0x8f, 0xc2, 0x35, 0x40, 0x02, 0x00, 0x40,
    0x1c, 0x46, 0x33, 0x33, 0x53, 0xc0, 0x33, 0x33, 0x33, 0x3f, 0x00, 0x00,
    0x20, 0x60, 0x45, 0x00, 0x00, 0x80, 0x3f, 0x00, 0x00, 0xc0, 0x40, 0x00,
    0x00, 0x80, 0x82, 0x43, 0x9a, 0x99, 0x99, 0xbe, 0xc3, 0xf5, 0x18, 0x40,
    0x00, 0x00, 0x9c, 0x01, 0x46, 0x9a, 0x99, 0xd9, 0x3f, 0x48, 0xe1, 0xba,
    0x40, 0x00, 0x00, 0x00, 0x16, 0x43, 0xcd, 0xcc, 0xcc, 0x3e, 0x00, 0x00,
    0x20, 0x40, 0x00, 0x00, 0x80, 0xc0, 0x01, 0x00, 0x00, 0xd2, 0x42, 0x33,
    0x33, 0x73, 0x40, 0x33, 0x33, 0x33, 0x3f, 0x00, 0x00, 0x00, 0xac, 0x42,
    0x33, 0x33, 0x53, 0xc0, 0x29, 0x5c, 0x8f, 0x3e, 0x00, 0x00, 0x80, 0xf1,
    0x44, 0x33, 0x33, 0x83, 0x40, 0x66, 0x66, 0x06, 0x40, 0x00, 0x00, 0xa0,
    0x0e, 0x46, 0x00, 0x00, 0x80, 0x40, 0x71, 0x3d, 0x0a, 0x40, 0x00, 0x00,
    0x00, 0xb8, 0x45, 0x00, 0x00, 0x40, 0xc0, 0xd7, 0xa3, 0xa8, 0x40, 0x02,
    0x00, 0x40, 0x1c, 0x46, 0x33, 0x33, 0x33, 0xc0, 0x33, 0x33, 0x33, 0x3f,
    0x00, 0x00, 0x30, 0x81, 0x45, 0x33, 0x33, 0xf3, 0xbf, 0xa4, 0x70, 0xb5,
    0x40, 0x00, 0x00, 0x00, 0x50, 0x42, 0x9a, 0x99, 0x19, 0xbf, 0xae, 0x47,
    0xe1, 0x3f, 0x00, 0x00, 0x00, 0xbe, 0x42, 0xcd, 0xcc, 0xcc, 0x3e, 0x14,
    0xae, 0xa7, 0x3f, 0x00, 0x00, 0x20, 0xe7, 0x45, 0x00, 0x00, 0xc0, 0x3f,
    0x33, 0x33, 0xbb, 0x40, 0xcd, 0xcc, 0x2c, 0xc0, 0x01, 0x00, 0x00, 0xd2,
    0x42, 0x9a, 0x99, 0x19, 0x40, 0x33, 0x33, 0x33, 0x3f, 0x00, 0x00, 0x20,
    0xcf, 0x44, 0x66, 0x66, 0x46, 0x40, 0x52, 0xb8, 0xbe, 0x3f, 0x00, 0x00,
    0x00, 0x01, 0x43, 0x00, 0x00, 0x80, 0xbf, 0x71, 0x3d, 0x8a, 0x3e, 0x00,
    0x00, 0x30, 0x32, 0x45, 0xcd, 0xcc, 0x0c, 0xc0, 0x1f, 0x85, 0x4b, 0x40,
    0x00, 0x00, 0xa0, 0x85, 0x44, 0x9a, 0x99, 0x99, 0xbf, 0x71, 0x3d, 0x1a,
    0x40, 0x02, 0x00, 0x40, 0x1c, 0x46, 0x00, 0x00, 0xa0, 0xc0, 0x33, 0x33,
    0x33, 0x3f, 0x00, 0x00, 0x28, 0x8e, 0x45, 0x9a, 0x99, 0xd9, 0x3f, 0x48,
    0xe1, 0xa2, 0x40, 0x00, 0x00, 0xf8, 0xb7, 0x45, 0x00, 0x00, 0xc0, 0xbf,
    0x3d, 0x0a, 0xaf, 0x40, 0x00, 0x00, 0x00, 0xfc, 0x42, 0xcd, 0xcc, 0x4c,
    0x3e, 0xb8, 0x1e, 0x05, 0x40, 0x00, 0x00, 0x00, 0x0c, 0x42, 0x9a, 0x99,
    0x99, 0x3e, 0x52, 0xb8, 0x5e, 0x40, 0x66, 0x66, 0xb6, 0xc0, 0x01, 0x00,
    0x00, 0xd2, 0x42, 0x9a, 0x99, 0xb9, 0x40, 0x33, 0x33, 0x33, 0x3f, 0x00,
    0x00, 0xd0, 0x38, 0x45, 0x9a, 0x99, 0x59, 0xc0, 0xc3, 0xf5, 0x18, 0x40,
    0x00, 0x00, 0x60, 0xe9, 0x44, 0x66, 0x66, 0xe6, 0x3f, 0x7b, 0x14, 0x2e,
    0x40, 0x00, 0x00, 0xd8, 0x9c, 0x45, 0x9a, 0x99, 0x19, 0x40, 0xa4, 0x70,
    0x8d, 0x40, 0x00, 0x00, 0x00, 0x3f, 0x43, 0xcd, 0xcc, 0x4c, 0xbf, 0x3d,
    0x0a, 0xd7, 0x3f, 0x02, 0x00, 0x40, 0x1c, 0x46, 0xcd, 0xcc, 0xcc, 0xbf,
    0x33, 0x33, 0x33, 0x3f, 0x00, 0x00, 0x00, 0x28, 0x44, 0x00, 0x00, 0x80,
    0x3f, 0x29, 0x5c, 0x0f, 0x40, 0x00, 0x00, 0x20, 0x8e, 0x44, 0x00, 0x00,
    0x80, 0xbf, 0xec, 0x51, 0x08, 0x40, 0x00, 0x00, 0x00, 0x88, 0x42, 0x9a,
    0x99, 0x19, 0xbf, 0x1f, 0x85, 0x4b, 0x40, 0x00, 0x00, 0xc0, 0xbf, 0x44,
    0x33, 0x33, 0x33, 0x3f, 0xae, 0x47, 0xa9, 0x40, 0x66, 0x66, 0xd6, 0xc0,
    0x01, 0x00, 0x00, 0xd2, 0x42, 0x00, 0x00, 0x80, 0xc0, 0x33, 0x33, 0x33,
    0x3f, 0x00, 0x00, 0x10, 0xfa, 0x45, 0xcd, 0xcc, 0xcc, 0x40, 0xa4, 0x70,
    0x3d, 0x3f, 0x00, 0x00, 0xa0, 0xd4, 0x44, 0x66, 0x66, 0xb6, 0xc0, 0xf6,
    0x28, 0x5c, 0x3f, 0x00, 0x00, 0x00, 0x21, 0x43, 0x66, 0x66, 0x26, 0xc0,
    0xcd, 0xcc, 0xcc, 0x3f, 0x00, 0x00, 0x50, 0x70, 0x45, 0x33, 0x33, 0xa3,
    0x40, 0xd7, 0xa3, 0x50, 0x40, 0x02, 0x00, 0x40, 0x1c, 0x46, 0x66, 0x66,
    0x06, 0x40, 0x33, 0x33, 0x33, 0x3f, 0x00, 0x00, 0x80, 0xca, 0x43, 0x00,
    0x00, 0xc0, 0x3f, 0x66, 0x66, 0x06, 0x40, 0x00, 0x00, 0x00, 0x45, 0x44,
    0x9a, 0x99, 0x99, 0xbf, 0x7b, 0x14, 0xee, 0x3f, 0x00, 0x00, 0x00, 0x9f,
    0x45, 0x00, 0x00, 0xc0, 0xbf, 0x00, 0x00, 0xc0, 0x40, 0x00, 0x00, 0x00,
    0xaa, 0x44, 0x33, 0x33, 0x33, 0x3f, 0x29, 0x5c, 0x3f, 0x40, 0x9a, 0x99,
    0x89, 0xc0, 0x01, 0x00, 0x00, 0xd2, 0x42, 0x33, 0x33, 0xe3, 0x40, 0x33,
    0x33, 0x33, 0x3f, 0x00, 0x00, 0x80, 0x59, 0x44, 0x9a, 0x99, 0x89, 0x40,
    0xf6, 0x28, 0xdc, 0x3e, 0x00, 0x00, 0x00, 0x50, 0x42, 0x66, 0x66, 0x1e,
    0xc1, 0xec, 0x51, 0xb8, 0x3e, 0x00, 0x00, 0xe0, 0x37, 0x45, 0xcd, 0xcc,
    0x8c, 0xc0, 0x3d, 0x0a, 0xd7, 0x3e, 0x00, 0x00, 0xe0, 0x80, 0x45, 0x00,
    0x00, 0xf0, 0x40, 0xb8, 0x1e, 0x25, 0x40, 0x02, 0x00, 0x40, 0x1c, 0x46,
    0x66, 0x66, 0x26, 0xc0, 0x33, 0x33, 0x33, 0x3f, 0x00, 0x00, 0x00, 0xf0,
    0x42, 0x66, 0x66, 0xa6, 0xbf, 0xc3, 0xf5, 0x08, 0x40, 0x00, 0x00, 0x00,
    0x45, 0x43, 0x9a, 0x99, 0x99, 0x3f, 0x85, 0xeb, 0x31, 0x40, 0x00, 0x00,
    0x00, 0x78, 0x42, 0x66, 0x66, 0xa6, 0x3f, 0xb8, 0x1e, 0x35, 0x40, 0x00,
    0x00, 0x00, 0x14, 0x42, 0x33, 0x33, 0x33, 0xbf, 0x48, 0xe1, 0x0a, 0x40,
    0xcd, 0xcc, 0xcc, 0xc0, 0x01, 0x00, 0x00, 0xd2, 0x42, 0xcd, 0xcc, 0xec,
    0xc0, 0x33, 0x33, 0x33, 0x3f, 0x00, 0x00, 0x00, 0x43, 0x43, 0x66, 0x66,
    0x66, 0xc0, 0xf6, 0x28, 0x9c, 0x3f, 0x00, 0x00, 0x90, 0x15, 0x45, 0x33,
    0x33, 0xc3, 0x40, 0x14, 0xae, 0xe7, 0x3f, 0x00, 0x00, 0xc0, 0xd7, 0x44,
    0xcd, 0xcc, 0xcc, 0x3f, 0x48, 0xe1, 0xda, 0x3f, 0x00, 0x00, 0xd0, 0x34,
    0x45, 0xcd, 0xcc, 0x4c, 0xc0, 0x7b, 0x14, 0xbe, 0x40, 0x02, 0x00, 0x40,
    0x1c, 0x46, 0x00, 0x00, 0x00, 0x3f, 0x33, 0x33, 0x33, 0x3f, 0x00, 0x00,
    0x00, 0x7c, 0x42, 0x9a, 0x99, 0xd9, 0x3f, 0x3d, 0x0a, 0x37, 0x40, 0x00,
    0x00, 0x00, 0x23, 0x44, 0x9a, 0x99, 0x99, 0x3f, 0x00, 0x00, 0x10, 0x40,
    0x00, 0x00, 0x00, 0x6e, 0x44, 0x00, 0x00, 0x80, 0xbf, 0xf6, 0x28, 0x6c,
    0x40, 0x00, 0x00, 0x00, 0x9e, 0x43, 0x66, 0x66, 0x66, 0xbf, 0xa4, 0x70,
    0x5d, 0x40, 0x66, 0x66, 0xc6, 0xc0, 0x01, 0x00, 0x00, 0xd2, 0x42, 0xcd,
    0xcc, 0xcc, 0x40, 0x33, 0x33, 0x33, 0x3f, 0x00, 0x00, 0x00, 0x2b, 0x43,
    0xcd, 0xcc, 0x2c, 0xc0, 0xcd, 0xcc, 0x0c, 0x3f, 0x00, 0x00, 0xd0, 0xe7,
    0x45, 0x66, 0x66, 0x26, 0x40, 0x3d, 0x0a, 0xf7, 0x3f, 0x00, 0x00, 0x60,
    0x6c, 0x45, 0x66, 0x66, 0x66, 0x40, 0x85, 0xeb, 0x61, 0x40, 0x00, 0x00,
    0x20, 0xb1, 0x45, 0xcd, 0xcc, 0x4c, 0xc0, 0x66, 0x66, 0x46, 0x40, 0x02,
    0x00, 0x40, 0x1c, 0x46, 0x00, 0x00, 0xc0, 0xbf, 0x33, 0x33, 0x33, 0x3f,
    0x00, 0x00, 0xa0, 0xc6, 0x44, 0x00, 0x00, 0xc0, 0x3f, 0xa4, 0x70, 0x4d,
    0x40, 0x00, 0x00, 0x40, 0x8d, 0x44, 0x00, 0x00, 0x80, 0xbf, 0x66, 0x66,
    0x16, 0x40, 0x00, 0x00, 0x70, 0x1a, 0x45, 0x33, 0x33, 0x33, 0xbf, 0xa4,
    0x70, 0x3d, 0x40, 0x00, 0x00, 0x00, 0xe1, 0x44, 0x00, 0x00, 0x00, 0x3f,
    0x33, 0x33, 0x23, 0x40, 0x9a, 0x99, 0xc9, 0xc0, 0x01, 0x00, 0x00, 0xd2,
    0x42, 0xcd, 0xcc, 0xcc, 0x40, 0x33, 0x33, 0x33, 0x3f, 0x00, 0x00, 0x00,
    0x41, 0x43, 0x33, 0x33, 0x33, 0xc0, 0x85, 0xeb, 0x11, 0x3f, 0x00, 0x00,
    0x90, 0x15, 0x46, 0x9a, 0x99, 0x99, 0x40, 0x7b, 0x14, 0xae, 0x3e, 0x00,
    0x00, 0xf0, 0xa2, 0x45, 0x00, 0x00, 0xc0, 0xc0, 0xa4, 0x70, 0xbd, 0x3f,
    0x00, 0x00, 0xb0, 0x75, 0x45, 0xcd, 0xcc, 0x4c, 0x40, 0x85, 0xeb, 0x99,
    0x40, 0x02, 0x00, 0x40, 0x1c, 0x46, 0xcd, 0xcc, 0x8c, 0xc0, 0x33, 0x33,
    0x33, 0x3f, 0x00, 0x00, 0xc0, 0xca, 0x44, 0x00, 0x00, 0xc0, 0x3f, 0x5c,
    0x8f, 0x62, 0x40, 0x00, 0x00, 0x00, 0x92, 0x44, 0xcd, 0xcc, 0x8c, 0xbf,
    0x7b, 0x14, 0x2e, 0x40, 0x00, 0x00, 0x90, 0xe0, 0x45, 0x33, 0x33, 0xf3,
    0x3f, 0xf6, 0x28, 0xbc, 0x40, 0x00, 0x00, 0x00, 0x50, 0x42, 0x00, 0x00,
    0x00, 0x3f, 0x9a, 0x99, 0x81, 0x40, 0x9a, 0x99, 0xd9, 0xc0, 0x01, 0x00,
    0x00, 0xd2, 0x42, 0xcd, 0xcc, 0x0c, 0x41, 0x33, 0x33, 0x33, 0x3f, 0x00,
    0x00, 0xc4, 0x0b, 0x46, 0x00, 0x00, 0xd0, 0x40, 0xb8, 0x1e, 0xe5, 0x3f,
    0x00, 0x00, 0x00, 0x78, 0x42, 0x9a, 0x99, 0xb9, 0xc0, 0x00, 0x00, 0x00,
    0x3f, 0x00, 0x00, 0xa0, 0xa6, 0x44, 0xcd, 0xcc, 0x0c, 0xc0, 0x14, 0xae,
    0xc7, 0x3f, 0x00, 0x00, 0x00, 0x07, 0x44, 0x33, 0x33, 0x33, 0x3f, 0x9a,
    0x99, 0xb9, 0x3f, 0x02, 0x00, 0x40, 0x1c, 0x46, 0xcd, 0xcc, 0x4c, 0xbe,
    0x33, 0x33, 0x33, 0x3f, 0x00, 0x00, 0x70, 0xa0, 0x45, 0x66, 0x66, 0xe6,
    0xbf, 0x00, 0x00, 0xc0, 0x40, 0x00, 0x00, 0x50, 0xc4, 0x45, 0xcd, 0xcc,
    0x8c, 0x3f, 0x29, 0x5c, 0x6f, 0x40, 0x00, 0x00, 0x60, 0x86, 0x45, 0x9a,
    0x99, 0x99, 0x3f, 0x00, 0x00, 0xc0, 0x40, 0x00, 0x00, 0xb8, 0xa9, 0x45,
    0x66, 0x66, 0x66, 0xbf, 0x85, 0xeb, 0x91, 0x40, 0x33, 0x33, 0xd3, 0xc0,
    0x01, 0x00, 0x00, 0xd2, 0x42, 0x9a, 0x99, 0x21, 0x41, 0x33, 0x33, 0x33,
    0x3f, 0x00, 0x00, 0x00, 0x64, 0x42, 0x66, 0x66, 0xf6, 0xc0, 0x66, 0x66,
    0xe6, 0x3e, 0x00, 0x00, 0x20, 0x9b, 0x44, 0x66, 0x66, 0xe6, 0xbf, 0x14,
    0xae, 0x17, 0x40, 0x00, 0x00, 0x00, 0x78, 0x42, 0xcd, 0xcc, 0xcc, 0xbe,
    0xec, 0x51, 0xd8, 0x3f, 0x00, 0x00, 0xd8, 0x83, 0x45, 0xcd, 0xcc, 0x0c,
    0x40, 0x48, 0xe1, 0xb2, 0x40, 0x02, 0x00, 0x40, 0x1c, 0x46, 0xcd, 0xcc,
    0x8c, 0xbf, 0x33, 0x33, 0x33, 0x3f, 0x00, 0x00, 0x0c, 0x0b, 0x46, 0x66,
    0x66, 0xd6, 0x40, 0x66, 0x66, 0x66, 0x3f, 0x00, 0x00, 0x10, 0xa4, 0x45,
    0x33, 0x33, 0x93, 0xc0, 0x33, 0x33, 0x8b, 0x40, 0x00, 0x00, 0x70, 0x52,
    0x45, 0x00, 0x00, 0xc0, 0xbf, 0x9a, 0x99, 0x59, 0x40, 0x00, 0x00, 0x70,
    0x12, 0x45, 0xcd, 0xcc, 0x8c, 0xbf, 0x52, 0xb8, 0xae, 0x40, 0x9a, 0x99,
    0xc9, 0xc0, 0x01, 0x00, 0x00, 0xd2, 0x42, 0xcd, 0xcc, 0xac, 0x40, 0x33,
    0x33, 0x33, 0x3f, 0x00, 0x00, 0x00, 0xb8, 0x42, 0x9a, 0x99, 0xe9, 0xc0,
    0x33, 0x33, 0xb3, 0x3e, 0x00, 0x00, 0xa8, 0x16, 0x46, 0x9a, 0x99, 0xb9,
    0x40, 0xec, 0x51, 0x38, 0x3e, 0x00, 0x00, 0x80, 0xc3, 0x44, 0x9a, 0x99,
    0xb9, 0xc0, 0x14, 0xae, 0xc7, 0x3f, 0x00, 0x00, 0x00, 0x0c, 0x42, 0x33,
    0x33, 0xa3, 0x40, 0x52, 0xb8, 0x5e, 0x3f, 0x02, 0x00, 0x40, 0x1c, 0x46,
    0x00, 0x00, 0x00, 0xbf, 0x33, 0x33, 0x33, 0x3f, 0x00, 0x00, 0xb0, 0x96,
    0x45, 0x00, 0x00, 0x60, 0xc0, 0x00, 0x00, 0xc0, 0x40, 0x00, 0x00, 0x60,
    0x1f, 0x45, 0x9a, 0x99, 0x19, 0x40, 0x85, 0xeb, 0x89, 0x40, 0x00, 0x00,
    0x60, 0xf3, 0x44, 0x9a, 0x99, 0x99, 0xbf, 0xcd, 0xcc, 0x84, 0x40, 0x00,
    0x00, 0xe0, 0xc0, 0x45, 0x9a, 0x99, 0x99, 0x3f, 0x66, 0x66, 0x66, 0x40,
    0x00, 0x00, 0x40, 0xc0, 0x01, 0x00, 0x00, 0xd2, 0x42, 0x00, 0x00, 0x20,
    0x40, 0x33, 0x33, 0x33, 0x3f, 0x00, 0x00, 0x00, 0x39, 0x43, 0x00, 0x00,
    0x60, 0xc0, 0xcd, 0xcc, 0xac, 0x3f, 0x00, 0x00, 0x50, 0x3b, 0x45, 0x66,
    0x66, 0x46, 0x40, 0x52, 0xb8, 0x9e, 0x3f, 0x00, 0x00, 0xb0, 0xa4, 0x45,
    0x66, 0x66, 0xb6, 0xc0, 0xc3, 0xf5, 0x80, 0x40, 0x00, 0x00, 0x68, 0x8a,
    0x45, 0xcd, 0xcc, 0x4c, 0x40, 0x29, 0x5c, 0xbf, 0x40, 0x02, 0x00, 0x40,
    0x1c, 0x46, 0x66, 0x66, 0x26, 0xc0, 0x33, 0x33, 0x33, 0x3f, 0x00, 0x00,
    0x00, 0x44, 0x42, 0xcd, 0xcc, 0x4c, 0xbf, 0x1f, 0x85, 0xeb, 0x3f, 0x00,
    0x00, 0x80, 0xb3, 0x43, 0xcd, 0xcc, 0x4c, 0x3f, 0x29, 0x5c, 0x0f, 0x40,
    0x00, 0x00, 0x00, 0x78, 0x43, 0x66, 0x66, 0x66, 0xbf, 0x0a, 0xd7, 0x93,
    0x40, 0x00, 0x00, 0xc0, 0x37, 0x44, 0xcd, 0xcc, 0xcc, 0x3e, 0x9a, 0x99,
    0x39, 0x40, 0xcd, 0xcc, 0xac, 0xc0, 0x01, 0x00, 0x00, 0xd2, 0x42, 0x9a,
    0x99, 0xb9, 0x40, 0x33, 0x33, 0x33, 0x3f, 0x00, 0x00, 0x80, 0xeb, 0x43,
    0x33, 0x33, 0xa3, 0x40, 0xa4, 0x70, 0x3d, 0x3f, 0x00, 0x00, 0x00, 0x01,
    0x43, 0x00, 0x00, 0xc0, 0xc0, 0x7b, 0x14, 0x2e, 0x3f, 0x00, 0x00, 0xe8,
    0xa5, 0x45, 0x9a, 0x99, 0x89, 0xc0, 0xa4, 0x70, 0x2d, 0x40, 0x00, 0x00,
    0xc0, 0x35, 0x45, 0x66, 0x66, 0x66, 0xc0, 0xae, 0x47, 0xa1, 0x40, 0x02,
    0x00, 0x40, 0x1c, 0x46, 0xcd, 0xcc, 0xcc, 0xbf, 0x33, 0x33, 0x33, 0x3f,
    0x00, 0x00, 0xc0, 0xec, 0x44, 0x00, 0x00, 0xc0, 0xbf, 0xf6, 0x28, 0x4c,
    0x40, 0x00, 0x00, 0x00, 0x4c, 0x42, 0x66, 0x66, 0xa6, 0xbf, 0xb8, 0x1e,
    0x15, 0x40, 0x00, 0x00, 0x00, 0x9c, 0x42, 0xcd, 0xcc, 0x8c, 0x3f, 0x52,
    0xb8, 0x1e, 0x40, 0x00, 0x00, 0xe0, 0x69, 0x45, 0x00, 0x00, 0x00, 0x40,
    0x00, 0x00, 0xc0, 0x40, 0x9a, 0x99, 0x59, 0xc0, 0x01, 0x00, 0x00, 0xd2,
    0x42, 0x33, 0x33, 0xf3, 0x3f, 0x33, 0x33, 0x33, 0x3f, 0x00, 0x00, 0x00,
    0xd6, 0x42, 0x66, 0x66, 0xb6, 0xc0, 0xe1, 0x7a, 0x14, 0x3f, 0x00, 0x00,
    0x00, 0x2c, 0x44, 0x9a, 0x99, 0xd9, 0x3f, 0x52, 0xb8, 0x1e, 0x3f, 0x00,
    0x00, 0xa0, 0xca, 0x45, 0x00, 0x00, 0x00, 0x40, 0x52, 0xb8, 0x9e, 0x3e,
    0x00, 0x00, 0x50, 0x29, 0x45, 0x33, 0x33, 0x13, 0xc0, 0xf6, 0x28, 0xfc,
    0x3f, 0x02, 0x00, 0x40, 0x1c, 0x46, 0xcd, 0xcc, 0xcc, 0xbe, 0x33, 0x33,
    0x33, 0x3f, 0x00, 0x00, 0x60, 0x96, 0x45, 0x00, 0x00, 0x00, 0x40, 0x8f,
    0xc2, 0x95, 0x40, 0x00, 0x00, 0xa0, 0xb9, 0x45, 0x9a, 0x99, 0x19, 0xc0,
    0x00, 0x00, 0xc0, 0x40, 0x00, 0x00, 0x00, 0x20, 0x42, 0x9a, 0x99, 0x19,
    0xbf, 0x33, 0x33, 0x03, 0x40, 0x00, 0x00, 0x00, 0x70, 0x42, 0xcd, 0xcc,
    0x4c, 0x3f, 0xc3, 0xf5, 0x80, 0x40, 0x66, 0x66, 0xc6, 0xc0, 0x01, 0x00,
    0x00, 0xd2, 0x42, 0x66, 0x66, 0xc6, 0x40, 0x33, 0x33, 0x33, 0x3f, 0x00,
    0x00, 0x40, 0x3f, 0x45, 0x00, 0x00, 0x90, 0xc0, 0x33, 0x33, 0xb3, 0x3f,
    0x00, 0x00, 0x40, 0x11, 0x44, 0x00, 0x00, 0x00, 0x40, 0x33, 0x33, 0x73,
    0x3f, 0x00, 0x00, 0xe0, 0x93, 0x45, 0x66, 0x66, 0x86, 0x40, 0x7b, 0x14,
    0x4e, 0x40, 0x00, 0x00, 0x00, 0x34, 0x43, 0x9a, 0x99, 0x99, 0xbf, 0x85,
    0xeb, 0x51, 0x3f, 0x02, 0x00, 0x40, 0x1c, 0x46, 0xcd, 0xcc, 0x8c, 0xbf,
    0x33, 0x33, 0x33, 0x3f, 0x00, 0x00, 0x00, 0x6c, 0x42, 0x00, 0x00, 0x00,
    0x3f, 0x14, 0xae, 0x37, 0x40, 0x00, 0x00, 0x00, 0xb2, 0x42, 0xcd, 0xcc,
    0x4c, 0xbe, 0x33, 0x33, 0x03, 0x40, 0x00, 0x00, 0xe8, 0xc5, 0x45, 0x00,
    0x00, 0x80, 0xbf, 0x00, 0x00, 0xc0, 0x40, 0x00, 0x00, 0xe0, 0xe3, 0x45,
    0x66, 0x66, 0xa6, 0x3f, 0x52, 0xb8, 0xbe, 0x40, 0xcd, 0xcc, 0xbc, 0xc0,
    0x01, 0x00, 0x00, 0xd2, 0x42, 0x9a, 0x99, 0x09, 0x41, 0x33, 0x33, 0x33,
    0x3f, 0x00, 0x00, 0x00, 0x7c, 0x42, 0x33, 0x33, 0xd3, 0xc0, 0xf6, 0x28,
    0xdc, 0x3e, 0x00, 0x00, 0xb4, 0x05, 0x46, 0xcd, 0xcc, 0x2c, 0xc0, 0x7b,
    0x14, 0x2e, 0x40, 0x00, 0x00, 0x80, 0x58, 0x45, 0x00, 0x00, 0x20, 0x40,
    0x3d, 0x0a, 0xf7, 0x3f, 0x00, 0x00, 0x00, 0x5b, 0x43, 0xcd, 0xcc, 0x4c,
    0x40, 0x3d, 0x0a, 0xf7, 0x3f, 0x02, 0x00, 0x40, 0x1c, 0x46, 0x66, 0x66,
    0x66, 0xbf, 0x33, 0x33, 0x33, 0x3f, 0x00, 0x00, 0x80, 0x29, 0x44, 0xcd,
    0xcc, 0x4c, 0x3f, 0x48, 0xe1, 0xda, 0x3f, 0x00, 0x00, 0x40, 0xda, 0x44,
    0x00, 0x00, 0x80, 0xbf, 0x85, 0xeb, 0x11, 0x40, 0x00, 0x00, 0x38, 0xc1,
    0x45, 0xcd, 0xcc, 0xcc, 0x3f, 0x00, 0x00, 0xc0, 0x40, 0x00, 0x00, 0xe0,
    0x15, 0x45, 0x33, 0x33, 0x33, 0x3f, 0xcd, 0xcc, 0x84, 0x40, 0x9a, 0x99,
    0xa9, 0xc0, 0x01, 0x00, 0x00, 0xd2, 0x42, 0x00, 0x00, 0x00, 0xbf, 0x33,
    0x33, 0x33, 0x3f, 0x00, 0x00, 0x00, 0x20, 0x43, 0x00, 0x00, 0xb0, 0xc0,
    0xd7, 0xa3, 0xf0, 0x3e, 0x00, 0x00, 0x68, 0x80, 0x45, 0x00, 0x00, 0xa0,
    0x40, 0x14, 0xae, 0x77, 0x40, 0x00, 0x00, 0x60, 0xb2, 0x44, 0x00, 0x00,
    0x20, 0x40, 0x9a, 0x99, 0x59, 0x3f, 0x00, 0x00, 0x00, 0x9b, 0x43, 0x00,
    0x00, 0xb0, 0x40, 0xc3, 0xf5, 0x08, 0x40, 0x02, 0x00, 0x40, 0x1c, 0x46,
    0x00, 0x00, 0x80, 0xc0, 0x33, 0x33, 0x33, 0x3f, 0x00, 0x00, 0x00, 0x4c,
    0x42, 0x9a, 0x99, 0x19, 0xbf, 0x48, 0xe1, 0xda, 0x3f, 0x00, 0x00, 0x00,
    0xb0, 0x42, 0x33, 0x33, 0x33, 0x3f, 0x9a, 0x99, 0x29, 0x40, 0x00, 0x00,
    0x00, 0x3d, 0x43, 0x00, 0x00, 0x00, 0xbf, 0x71, 0x3d, 0x4a, 0x40, 0x00,
    0x00, 0xa0, 0xa5, 0x45, 0x33, 0x33, 0x33, 0xbf, 0x00, 0x00, 0xc0, 0x40,
    0x9a, 0x99, 0xb9, 0xc0, 0x01, 0x00, 0x00, 0xd2, 0x42, 0x66, 0x66, 0xc6,
    0x40, 0x33, 0x33, 0x33, 0x3f, 0x00, 0x00, 0x00, 0xd6, 0x42, 0xcd, 0xcc,
    0x04, 0xc1, 0xcd, 0xcc, 0x4c, 0x3f, 0x00, 0x00, 0x80, 0x8b, 0x43, 0x9a,
    0x99, 0x39, 0x40, 0xec, 0x51, 0xb8, 0x3e, 0x00, 0x00, 0x00, 0x68, 0x42,
    0x9a, 0x99, 0x19, 0x40, 0xa4, 0x70, 0x85, 0x40, 0x00, 0x00, 0x38, 0xbb,
    0x45, 0x66, 0x66, 0xe6, 0xbf, 0x66, 0x66, 0x26, 0x40, 0x02, 0x00, 0x40,
    0x1c, 0x46, 0x00, 0x00, 0x00, 0xc0, 0x33, 0x33, 0x33, 0x3f, 0x00, 0x00,
    0x40, 0xf3, 0x44, 0x33, 0x33, 0x33, 0xbf, 0xec, 0x51, 0x28, 0x40, 0x00,
    0x00, 0x00, 0x1c, 0x42, 0xcd, 0xcc, 0xcc, 0xbe, 0xd7, 0xa3, 0x50, 0x40,
    0x00, 0x00, 0x80, 0x82, 0x43, 0x9a, 0x99, 0x19, 0x3f, 0xc3, 0xf5, 0x48,
    0x40, 0x00, 0x00, 0x00, 0xa6, 0x43, 0xcd, 0xcc, 0x4c, 0xbf, 0x66, 0x66,
    0x96, 0x40, 0x33, 0x33, 0x53, 0xc0, 0x01, 0x00, 0x00, 0xd2, 0x42, 0x33,
    0x33, 0xb3, 0xbf, 0x33, 0x33, 0x33, 0x3f, 0x00, 0x00, 0xc0, 0x9c, 0x44,
    0x33, 0x33, 0x13, 0x40, 0x9a, 0x99, 0x19, 0x3f, 0x00, 0x00, 0x00, 0xf2,
    0x42, 0x66, 0x66, 0x66, 0xc0, 0x8f, 0xc2, 0x35, 0x3f, 0x00, 0x00, 0xd8,
    0xa8, 0x45, 0x66, 0x66, 0x46, 0xc0, 0xd7, 0xa3, 0x30, 0x40, 0x00, 0x00,
    0x70, 0x85, 0x45, 0x9a, 0x99, 0x79, 0x40, 0xcd, 0xcc, 0x94, 0x40, 0x02,
    0x00, 0x40, 0x1c, 0x46, 0x33, 0x33, 0x93, 0xc0, 0x33, 0x33, 0x33, 0x3f,
    0x00, 0x00, 0x00, 0x38, 0x42, 0xcd, 0xcc, 0xcc, 0xbe, 0xa4, 0x70, 0xdd,
    0x3f, 0x00, 0x00, 0x00, 0x7b, 0x43, 0x9a, 0x99, 0x99, 0x3f, 0xec, 0x51,
    0x68, 0x40, 0x00, 0x00, 0x00, 0x2a, 0x43, 0x33, 0x33, 0x33, 0xbf, 0xc3,
    0xf5, 0x48, 0x40, 0x00, 0x00, 0x00, 0xd1, 0x43, 0x9a, 0x99, 0x19, 0xbf,
    0x8f, 0xc2, 0x35, 0x40, 0x66, 0x66, 0xa6, 0xc0, 0x01, 0x00, 0x00, 0xd2,
    0x42, 0xcd, 0xcc, 0x9c, 0x40, 0x33, 0x33, 0x33, 0x3f, 0x00, 0x00, 0x00,
    0x0f, 0x43, 0x00, 0x00, 0x80, 0xc0, 0xec, 0x51, 0x38, 0x3e, 0x00, 0x00,
    0x2c, 0x0c, 0x46, 0x66, 0x66, 0x06, 0x40, 0x0a, 0xd7, 0xa3, 0x3f, 0x00,
    0x00, 0xc0, 0x97, 0x44, 0x66, 0x66, 0x46, 0x40, 0x0a, 0xd7, 0x23, 0x3f,
    0x00, 0x00, 0x80, 0x45, 0x45, 0xcd, 0xcc, 0x8c, 0x40, 0x52, 0xb8, 0x86,
    0x40, 0x02, 0x00, 0x40, 0x1c, 0x46, 0x9a, 0x99, 0x99, 0xbe, 0x33, 0x33,
    0x33, 0x3f, 0x00, 0x00, 0x80, 0x8f, 0x45, 0x66, 0x66, 0x26, 0xc0, 0x00,
    0x00, 0x98, 0x40, 0x00, 0x00, 0x28, 0xb8, 0x45, 0xcd, 0xcc, 0x0c, 0x40,
    0x52, 0xb8, 0xb6, 0x40, 0x00, 0x00, 0x00, 0x44, 0x42, 0x9a, 0x99, 0x19,
    0xbf, 0x33, 0x33, 0xd3, 0x3f, 0x00, 0x00, 0x00, 0xf2, 0x42, 0x00, 0x00,
    0x00, 0x3f, 0x29, 0x5c, 0xcf, 0x3f, 0xcd, 0xcc, 0xbc, 0xc0, 0x01, 0x00,
    0x00, 0xd2, 0x42, 0x66, 0x66, 0x26, 0xc0, 0x33, 0x33, 0x33, 0x3f, 0x00,
    0x00, 0x00, 0x29, 0x43, 0xcd, 0xcc, 0xfc, 0xc0, 0x14, 0xae, 0x47, 0x3f,
    0x00, 0x00, 0x80, 0xef, 0x43, 0x9a, 0x99, 0x01, 0x41, 0x1f, 0x85, 0x6b,
    0x3f, 0x00, 0x00, 0xd0, 0x5b, 0x45, 0x66, 0x66, 0xa6, 0x40, 0xec, 0x51,
    0x08, 0x40, 0x00, 0x00, 0x60, 0x82, 0x44, 0x00, 0x00, 0x80, 0xc0, 0xae,
    0x47, 0xc1, 0x3f, 0x02, 0x00, 0x40, 0x1c, 0x46, 0xcd, 0xcc, 0xcc, 0xc0,
    0x33, 0x33, 0x33, 0x3f, 0x00, 0x00, 0x68, 0xcc, 0x45, 0x9a, 0x99, 0x39,
    0x40, 0x8f, 0xc2, 0xbd, 0x40, 0x00, 0x00, 0x48, 0xa9, 0x45, 0x00, 0x00,
    0x20, 0xc0, 0x14, 0xae, 0xbf, 0x40, 0x00, 0x00, 0xc8, 0x92, 0x45, 0x00,
    0x00, 0x00, 0x40, 0x00, 0x00, 0xc0, 0x40, 0x00, 0x00, 0x00, 0x08, 0x42,
    0xcd, 0xcc, 0x4c, 0xbe, 0xae, 0x47, 0x01, 0x40, 0x00, 0x00, 0xe0, 0xc0,
    0x01, 0x00, 0x00, 0xd2, 0x42, 0x00, 0x00, 0x58, 0x41, 0x33, 0x33, 0x33,
    0x3f, 0x00, 0x00, 0x00, 0x58, 0x42, 0xcd, 0xcc, 0x34, 0xc1, 0xec, 0x51,
    0xb8, 0x3e, 0x00, 0x00, 0x20, 0x81, 0x44, 0x66, 0x66, 0x26, 0x40, 0x14,
    0xae, 0xc7, 0x3e, 0x00, 0x00, 0x90, 0x28, 0x45, 0x00, 0x00, 0xa0, 0xc0,
    0xf6, 0x28, 0x0c, 0x40, 0x00, 0x00, 0xd8, 0xee, 0x45, 0x9a, 0x99, 0x39,
    0x40, 0xe1, 0x7a, 0xb4, 0x3f, 0x02, 0x00, 0x40, 0x1c, 0x46, 0x00, 0x00,
    0xf0, 0xc0, 0x33, 0x33, 0x33, 0x3f, 0x00, 0x00, 0x60, 0x7b, 0x45, 0xcd,
    0xcc, 0x0c, 0xc0, 0x00, 0x00, 0xc0, 0x40, 0x00, 0x00, 0xd0, 0xa2, 0x45,
    0xcd, 0xcc, 0x2c, 0x40, 0x29, 0x5c, 0xbf, 0x40, 0x00, 0x00, 0x90, 0x5a,
    0x45, 0x9a, 0x99, 0xd9, 0x3f, 0x00, 0x00, 0xc0, 0x40, 0x00, 0x00, 0xc8,
    0x85, 0x45, 0xcd, 0xcc, 0x4c, 0xbf, 0x1f, 0x85, 0x8b, 0x40, 0x66, 0x66,
    0xb6, 0xc0, 0x01, 0x00, 0x00, 0xd2, 0x42, 0xcd, 0xcc, 0x8c, 0xbf, 0x33,
    0x33, 0x33, 0x3f, 0x00, 0x00, 0x00, 0x8d, 0x44, 0x9a, 0x99, 0x39, 0xc0,
    0xcd, 0xcc, 0x8c, 0x3f, 0x00, 0x00, 0x00, 0x4b, 0x43, 0x9a, 0x99, 0x09,
    0x41, 0x33, 0x33, 0xf3, 0x3f, 0x00, 0x00, 0xd8, 0xa7, 0x45, 0x66, 0x66,
    0xa6, 0x40, 0x00, 0x00, 0x70, 0x40, 0x00, 0x00, 0x00, 0x11, 0x43, 0x33,
    0x33, 0x53, 0xc0, 0xc3, 0xf5, 0x28, 0x3f, 0x02, 0x00, 0x40, 0x1c, 0x46,
    0x33, 0x33, 0x0b, 0xc1, 0x33, 0x33, 0x33, 0x3f, 0x00, 0x00, 0x24, 0x14,
    0x46, 0x00, 0x00, 0x20, 0x40, 0xae, 0x47, 0x61, 0x3f, 0x00, 0x00, 0x00,
    0x38, 0x42, 0xcd, 0xcc, 0x8c, 0xbf, 0xf6, 0x28, 0x1c, 0x40, 0x00, 0x00,
    0x60, 0x75, 0x45, 0x9a, 0x99, 0xd9, 0xbf, 0x7b, 0x14, 0xae, 0x40, 0x00,
    0x00, 0x00, 0xa0, 0x42, 0x66, 0x66, 0x66, 0x3f, 0x71, 0x3d, 0x3a, 0x40,
    0x00, 0x00, 0xc0, 0xc0, 0x01, 0x00, 0x00, 0xd2, 0x42, 0x00, 0x00, 0xe0,
    0x40, 0x33, 0x33, 0x33, 0x3f, 0x00, 0x00, 0xc0, 0x4d, 0x44, 0xcd, 0xcc,
    0xac, 0x40, 0xc3, 0xf5, 0x38, 0x40, 0x00, 0x00, 0x30, 0x10, 0x45, 0x00,
    0x00, 0xb0, 0xc0, 0x3d, 0x0a, 0x47, 0x40, 0x00, 0x00, 0x00, 0x5c, 0x42,
    0x66, 0x66, 0xb6, 0xc0, 0x48, 0xe1, 0xfa, 0x3e, 0x00, 0x00, 0x80, 0x0c,
    0x44, 0x33, 0x33, 0x13, 0x40, 0x71, 0x3d, 0xea, 0x3f, 0x02, 0x00, 0x40,
    0x1c, 0x46, 0x9a, 0x99, 0xd9, 0x3f, 0x33, 0x33, 0x33, 0x3f, 0x00, 0x00,
    0x78, 0xad, 0x45, 0x00, 0x00, 0x40, 0x40, 0xcd, 0xcc, 0x2c, 0x40, 0x00,
    0x00, 0x90, 0xdf, 0x45, 0x33, 0x33, 0x53, 0xc0, 0xa4, 0x70, 0x5d, 0x40,
    0x00, 0x00, 0x60, 0x5d, 0x45, 0xcd, 0xcc, 0x0c, 0x40, 0x00, 0x00, 0xc0,
    0x40, 0x00, 0x00, 0xf0, 0x38, 0x45, 0x00, 0x00, 0xc0, 0xbf, 0x5c, 0x8f,
    0x82, 0x40, 0x33, 0x33, 0xb3, 0xc0, 0x01, 0x00, 0x00, 0xd2, 0x42, 0x66,
    0x66, 0x66, 0x3f, 0x33, 0x33, 0x33, 0x3f, 0x00, 0x00, 0x00, 0x16, 0x43,
    0x66, 0x66, 0x66, 0xc0, 0xae, 0x47, 0x61, 0x3f, 0x00, 0x00, 0x20, 0x91,
    0x44, 0x00, 0x00, 0xc0, 0x40, 0x9a, 0x99, 0xf9, 0x3f, 0x00, 0x00, 0xe0,
    0x3d, 0x45, 0x00, 0x00, 0x00, 0x40, 0xc3, 0xf5, 0x38, 0x40, 0x00, 0x00,
    0xa0, 0xdd, 0x44, 0x00, 0x00, 0x40, 0xc0, 0x48, 0xe1, 0x3a, 0x40, 0x02,
    0x00, 0x40, 0x1c, 0x46, 0x00, 0x00, 0x20, 0x40, 0x33, 0x33, 0x33, 0x3f,
    0x00, 0x00, 0xc0, 0xb5, 0x45, 0x66, 0x66, 0x86, 0xc0, 0x00, 0x00, 0xc0,
    0x40, 0x00, 0x00, 0x00, 0xbe, 0x43, 0x66, 0x66, 0xa6, 0x3f, 0x8f, 0xc2,
    0x8d, 0x40, 0x00, 0x00, 0x80, 0x8a, 0x43, 0xcd, 0xcc, 0x4c, 0xbf, 0x52,
    0xb8, 0x7e, 0x40, 0x00, 0x00, 0x18, 0x85, 0x45, 0xcd, 0xcc, 0x8c, 0xbf,
    0x00, 0x00, 0xc0, 0x40, 0x9a, 0x99, 0xb9, 0xc0, 0x01, 0x00, 0x00, 0xd2,
    0x42, 0xcd, 0xcc, 0x24, 0x41, 0x33, 0x33, 0x33, 0x3f, 0x00, 0x00, 0xd8,
    0xa9, 0x45, 0x33, 0x33, 0x73, 0xc0, 0x66, 0x66, 0x66, 0x3f, 0x00, 0x00,
    0xc0, 0x53, 0x44, 0x33, 0x33, 0xf3, 0x3f, 0x33, 0x33, 0x33, 0x3f, 0x00,
    0x00, 0x00, 0x66, 0x43, 0xcd, 0xcc, 0x6c, 0x40, 0xb8, 0x1e, 0x05, 0x40,
    0x00, 0x00, 0x00, 0x40, 0x42, 0x00, 0x00, 0x18, 0xc1, 0xb8, 0x1e, 0x05,
    0x3f, 0x02, 0x00, 0x40, 0x1c, 0x46, 0x33, 0x33, 0x73, 0x40, 0x33, 0x33,
    0x33, 0x3f, 0x00, 0x00, 0x50, 0xeb, 0x45, 0x33, 0x33, 0xb3, 0xbf, 0xd7,
    0xa3, 0x50, 0x40, 0x00, 0x00, 0x40, 0x36, 0x45, 0x33, 0x33, 0xf3, 0xbf,
    0x71, 0x3d, 0xb2, 0x40, 0x00, 0x00, 0x40, 0x6a, 0x45, 0x66, 0x66, 0x26,
    0x40, 0xb8, 0x1e, 0xbd, 0x40, 0x00, 0x00, 0x40, 0x8b, 0x45, 0xcd, 0xcc,
    0xcc, 0xbf, 0x00, 0x00, 0xc0, 0x40, 0x33, 0x33, 0xd3, 0xc0, 0x01, 0x00,
    0x00, 0xd2, 0x42, 0x00, 0x00, 0xe0, 0x40, 0x33, 0x33, 0x33, 0x3f, 0x00,
    0x00, 0x00, 0x9c, 0x42, 0x66, 0x66, 0x66, 0xc0, 0x5c, 0x8f, 0x42, 0x3f,
    0x00, 0x00, 0xc0, 0xf7, 0x44, 0x66, 0x66, 0xd6, 0x40, 0xb8, 0x1e, 0xc5,
    0x3f, 0x00, 0x00, 0x80, 0x58, 0x44, 0x9a, 0x99, 0x39, 0xc0, 0xec, 0x51,
    0x38, 0x3e, 0x00, 0x00, 0x40, 0xda, 0x45, 0x9a, 0x99, 0xa9, 0x40, 0x66,
    0x66, 0x86, 0x3f, 0x02, 0x00, 0x40, 0x1c, 0x46, 0xcd, 0xcc, 0xac, 0x40,
    0x33, 0x33, 0x33, 0x3f, 0x00, 0x00, 0xe0, 0x75, 0x45, 0xcd, 0xcc, 0x8c,
    0xbf, 0x3d, 0x0a, 0x37, 0x40, 0x00, 0x00, 0x30, 0xf1, 0x45, 0x33, 0x33,
    0x33, 0xc0, 0x1f, 0x85, 0x6b, 0x40, 0x00, 0x00, 0x78, 0xb5, 0x45, 0xcd,
    0xcc, 0xcc, 0x3f, 0xb8, 0x1e, 0x85, 0x40, 0x00, 0x00, 0x00, 0x3c, 0x43,
    0x9a, 0x99, 0x19, 0xbf, 0xc3, 0xf5, 0x28, 0x40, 0xcd, 0xcc, 0xcc, 0xc0,
    0x01, 0x00, 0x00, 0xd2, 0x42, 0xcd, 0xcc, 0xcc, 0x40, 0x33, 0x33, 0x33,
    0x3f, 0x00, 0x00, 0x10, 0xe8, 0x45, 0xcd, 0xcc, 0xec, 0x40, 0x71, 0x3d,
    0x8a, 0x3e, 0x00, 0x00, 0xc0, 0xa7, 0x44, 0x33, 0x33, 0xd3, 0xc0, 0xec,
    0x51, 0x78, 0x3f, 0x00, 0x00, 0x00, 0x65, 0x43, 0x66, 0x66, 0xe6, 0xbf,
    0x1f, 0x85, 0x6b, 0x3f, 0x00, 0x00, 0xc8, 0x95, 0x45, 0x00, 0x00, 0xc0,
    0xc0, 0xb8, 0x1e, 0xc5, 0x3f, 0x02, 0x00, 0x40, 0x1c, 0x46, 0x9a, 0x99,
    0x59, 0xc0, 0x33, 0x33, 0x33, 0x3f, 0x00, 0x00, 0x00, 0x98, 0x42, 0x66,
    0x66, 0xa6, 0x3f, 0xf6, 0x28, 0x5c, 0x40, 0x00, 0x00, 0x00, 0xf8, 0x42,
    0xcd, 0xcc, 0xcc, 0xbe, 0x1f, 0x85, 0xeb, 0x3f, 0x00, 0x00, 0x30, 0x11,
    0x45, 0x66, 0x66, 0x66, 0x3f, 0x29, 0x5c, 0x87, 0x40, 0x00, 0x00, 0x30,
    0x38, 0x45, 0x00, 0x00, 0x80, 0xbf, 0x48, 0xe1, 0xaa, 0x40, 0x33, 0x33,
    0xd3, 0xc0, 0x01, 0x00, 0x00, 0xd2, 0x42, 0x33, 0x33, 0xe3, 0x40, 0x33,
    0x33, 0x33, 0x3f, 0x00, 0x00, 0x00, 0xc2, 0x42, 0x33, 0x33, 0x73, 0xc0,
    0x29, 0x5c, 0x0f, 0x3f, 0x00, 0x00, 0x20, 0xc6, 0x44, 0x66, 0x66, 0x96,
    0x40, 0x9a, 0x99, 0x19, 0x40, 0x00, 0x00, 0x00, 0x8c, 0x44, 0x33, 0x33,
    0x83, 0xc0, 0x8f, 0xc2, 0xf5, 0x3f, 0x00, 0x00, 0x90, 0x10, 0x45, 0x33,
    0x33, 0xb3, 0x3f, 0xd7, 0xa3, 0xb0, 0x3f, 0x02, 0x00, 0x40, 0x1c, 0x46,
    0x66, 0x66, 0x46, 0x40, 0x33, 0x33, 0x33, 0x3f, 0x00, 0x00, 0x00, 0x2c,
    0x42, 0xcd, 0xcc, 0x8c, 0x3f, 0xf6, 0x28, 0x7c, 0x40, 0x00, 0x00, 0x00,
    0x78, 0x42, 0xcd, 0xcc, 0x4c, 0xbf, 0x5c, 0x8f, 0x32, 0x40, 0x00, 0x00,
    0x20, 0x79, 0x45, 0x66, 0x66, 0xa6, 0xbf, 0x00, 0x00, 0xc0, 0x40, 0x00,
    0x00, 0x00, 0x05, 0x43, 0xcd, 0xcc, 0xcc, 0x3e, 0x14, 0xae, 0x27, 0x40,
    0x33, 0x33, 0x83, 0xc0, 0x01, 0x00, 0x00, 0xd2, 0x42, 0x33, 0x33, 0x1b,
    0x41, 0x33, 0x33, 0x33, 0x3f, 0x00, 0x00, 0x00, 0x38, 0x42, 0x33, 0x33,
    0x13, 0xc1, 0xa4, 0x70, 0xbd, 0x3e, 0x00, 0x00, 0x40, 0xd7, 0x44, 0x33,
    0x33, 0x33, 0x40, 0x33, 0x33, 0x73, 0x3f, 0x00, 0x00, 0x18, 0x91, 0x45,
    0x33, 0x33, 0x13, 0x41, 0x52, 0xb8, 0xfe, 0x3f, 0x00, 0x00, 0x98, 0xb4,
    0x45, 0x33, 0x33, 0x13, 0xc1, 0x00, 0x00, 0xc0, 0x3f, 0x02, 0x00, 0x40,
    0x1c, 0x46, 0xcd, 0xcc, 0x0c, 0xc0, 0x33, 0x33, 0x33, 0x3f, 0x00, 0x00,
    0x40, 0x30, 0x44, 0xcd, 0xcc, 0x4c, 0x3f, 0xcd, 0xcc, 0x1c, 0x40, 0x00,
    0x00, 0x00, 0x72, 0x43, 0x33, 0x33, 0x33, 0xbf, 0x5c, 0x8f, 0x02, 0x40,
    0x00, 0x00, 0x00, 0x00, 0x43, 0x00, 0x00, 0x00, 0x3f, 0x8f, 0xc2, 0x05,
    0x40, 0x00, 0x00, 0xb0, 0x38, 0x45, 0x66, 0x66, 0x66, 0xbf, 0x5c, 0x8f,
    0x92, 0x40, 0x66, 0x66, 0xc6, 0xc0, 0x01, 0x00, 0x00, 0xd2, 0x42, 0x33,
    0x33, 0xc3, 0x40, 0x33, 0x33, 0x33, 0x3f, 0x00, 0x00, 0xa0, 0x4e, 0x45,
    0x66, 0x66, 0xd6, 0x40, 0x85, 0xeb, 0xf1, 0x3f, 0x00, 0x00, 0x80, 0xba,
    0x44, 0x9a, 0x99, 0x59, 0xc0, 0xa4, 0x70, 0x7d, 0x3f, 0x00, 0x00, 0x00,
    0x23, 0x43, 0x9a, 0x99, 0xd9, 0xbf, 0x1f, 0x85, 0x8b, 0x3f, 0x00, 0x00,
    0x00, 0x92, 0x42, 0xcd, 0xcc, 0xcc, 0x3f, 0x66, 0x66, 0x36, 0x40, 0x02,
    0x00, 0x40, 0x1c, 0x46, 0x9a, 0x99, 0x39, 0xc0, 0x33, 0x33, 0x33, 0x3f,
    0x00, 0x00, 0xa0, 0xab, 0x45, 0xcd, 0xcc, 0x0c, 0xc0, 0x5c, 0x8f, 0xba,
    0x40, 0x00, 0x00, 0x00, 0xf9, 0x43, 0x9a, 0x99, 0x19, 0x3f, 0x71, 0x3d,
    0xca, 0x3f, 0x00, 0x00, 0xf8, 0x8c, 0x45, 0x33, 0x33, 0xf3, 0x3f, 0x00,
    0x00, 0xc0, 0x40, 0x00, 0x00, 0x00, 0x51, 0x44, 0x00, 0x00, 0x00, 0xbf,
    0xa4, 0x70, 0x1d, 0x40, 0x66, 0x66, 0xc6, 0xc0, 0x01, 0x00, 0x00, 0xd2,
    0x42, 0x00, 0x00, 0x00, 0xbf, 0x33, 0x33, 0x33, 0x3f, 0x00, 0x00, 0x00,
    0x0d, 0x43, 0x66, 0x66, 0xa6, 0xc0, 0xc3, 0xf5, 0x68, 0x3f, 0x00, 0x00,
    0xa0, 0x76, 0x45, 0x33, 0x33, 0xe3, 0x40, 0xc3, 0xf5, 0xe8, 0x3f, 0x00,
    0x00, 0xf0, 0x4d, 0x45, 0x33, 0x33, 0x0b, 0xc1, 0xae, 0x47, 0xa1, 0x40,
    0x00, 0x00, 0xf0, 0xb5, 0x45, 0x66, 0x66, 0x46, 0x40, 0xc3, 0xf5, 0x18,
    0x40, 0x02, 0x00, 0x40, 0x1c, 0x46, 0xcd, 0xcc, 0xcc, 0xbd, 0x33, 0x33,
    0x33, 0x3f, 0x00, 0x00, 0xe0, 0xaf, 0x44, 0x66, 0x66, 0x66, 0x3f, 0x9a,
    0x99, 0x29, 0x40, 0x00, 0x00, 0x80, 0x0a, 0x44, 0xcd, 0xcc, 0x4c, 0x3f,
    0x5c, 0x8f, 0x62, 0x40, 0x00, 0x00, 0x80, 0x06, 0x45, 0x33, 0x33, 0x33,
    0xbf, 0xe1, 0x7a, 0x64, 0x40, 0x00, 0x00, 0x00, 0x6f, 0x43, 0x9a, 0x99,
    0x99, 0xbe, 0x33, 0x33, 0x23, 0x40, 0xcd, 0xcc, 0xcc, 0xc0, 0x01, 0x00,
    0x00, 0xd2, 0x42, 0xcd, 0xcc, 0xcc, 0xbe, 0x33, 0x33, 0x33, 0x3f, 0x00,
    0x00, 0x00, 0x23, 0x43, 0x00, 0x00, 0x90, 0xc0, 0x71, 0x3d, 0x8a, 0x3f,
    0x00, 0x00, 0x38, 0x82, 0x45, 0xcd, 0xcc, 0xcc, 0x40, 0x5c, 0x8f, 0x32,
    0x40, 0x00, 0x00, 0x00, 0xb1, 0x44, 0x66, 0x66, 0xd6, 0x40, 0xc3, 0xf5,
    0x38, 0x40, 0x00, 0x00, 0xf0, 0x16, 0x45, 0x33, 0x33, 0x33, 0xc0, 0x5c,
    0x8f, 0x22, 0x40, 0x02, 0x00, 0x40, 0x1c, 0x46, 0x00, 0x00, 0xc0, 0x3f,
    0x33, 0x33, 0x33, 0x3f, 0x00, 0x00, 0x00, 0x28, 0x42, 0x33, 0x33, 0xb3,
    0xbf, 0xa4, 0x70, 0x2d, 0x40, 0x00, 0x00, 0xc0, 0x57, 0x44, 0x33, 0x33,
    0x13, 0xc0, 0xae, 0x47, 0x89, 0x40, 0x00, 0x00, 0xe8, 0xce, 0x45, 0x33,
    0x33, 0x53, 0xc0, 0x00, 0x00, 0xc0, 0x40, 0x00, 0x00, 0xac, 0x0b, 0x46,
    0x00, 0x00, 0x40, 0xc0, 0xb8, 0x1e, 0x55, 0x40, 0x9a, 0x99, 0x99, 0xc0,
    0x01, 0x00, 0x00, 0xd2, 0x42, 0xcd, 0xcc, 0x8c, 0xbf, 0x33, 0x33, 0x33,
    0x3f, 0x00, 0x00, 0x00, 0xea, 0x42, 0x66, 0x66, 0x86, 0xc0, 0x7b, 0x14,
    0x2e, 0x3f, 0x00, 0x00, 0x00, 0x6c, 0x42, 0xcd, 0xcc, 0x0c, 0x40, 0xae,
    0x47, 0x11, 0x40, 0x00, 0x00, 0xc8, 0x88, 0x45, 0x9a, 0x99, 0x79, 0x40,
    0x66, 0x66, 0x9e, 0x40, 0x00, 0x00, 0xe0, 0x1f, 0x45, 0xcd, 0xcc, 0x4c,
    0x40, 0x8f, 0xc2, 0xad, 0x40, 0x02, 0x00, 0x40, 0x1c, 0x46, 0x9a, 0x99,
    0x79, 0x40, 0x33, 0x33, 0x33, 0x3f, 0x00, 0x00, 0x40, 0x9e, 0x44, 0x00,
    0x00, 0xc0, 0x3f, 0xcd, 0xcc, 0x1c, 0x40, 0x00, 0x00, 0xc0, 0x4e, 0x45,
    0x33, 0x33, 0x53, 0xc0, 0x00, 0x00, 0xc0, 0x40, 0x00, 0x00, 0xd0, 0xaf,
    0x45, 0x9a, 0x99, 0x19, 0xc0, 0x00, 0x00, 0xc0, 0x40, 0x00, 0x00, 0x68,
    0x83, 0x45, 0x9a, 0x99, 0x99, 0x3f, 0xe1, 0x7a, 0x54, 0x40, 0x9a, 0x99,
    0xc9, 0xc0, 0x01, 0x00, 0x00, 0xd2, 0x42, 0xcd, 0xcc, 0xcc, 0x40, 0x33,
    0x33, 0x33, 0x3f, 0x00, 0x00, 0x00, 0x35, 0x44, 0x33, 0x33, 0x33, 0xc0,
    0xf6, 0x28, 0xdc, 0x3f, 0x00, 0x00, 0x00, 0xc0, 0x42, 0x66, 0x66, 0x66,
    0xc0, 0x52, 0xb8, 0xde, 0x3f, 0x00, 0x00, 0x08, 0xbd, 0x45, 0x33, 0x33,
    0x73, 0x40, 0x33, 0x33, 0x9b, 0x40, 0x00, 0x00, 0x14, 0x05, 0x46, 0xcd,
    0xcc, 0x4c, 0x40, 0x52, 0xb8, 0x9e, 0x3f, 0x02, 0x00, 0x40, 0x1c, 0x46,
    0x00, 0x00, 0xc0, 0x3f, 0x33, 0x33, 0x33, 0x3f, 0x00, 0x00, 0x80, 0xaf,
    0x44, 0xcd, 0xcc, 0x2c, 0x40, 0xa4, 0x70, 0x8d, 0x40, 0x00, 0x00, 0xe0,
    0xe4, 0x44, 0x00, 0x00, 0x20, 0xc0, 0xb8, 0x1e, 0x85, 0x40, 0x00, 0x00,
    0x60, 0x58, 0x45, 0x33, 0x33, 0xf3, 0xbf, 0xec, 0x51, 0x98, 0x40, 0x00,
    0x00, 0x40, 0x8f, 0x45, 0x66, 0x66, 0xe6, 0x3f, 0x48, 0xe1, 0xa2, 0x40,
    0x00, 0x00, 0xd0, 0xc0, 0x01, 0x00, 0x00, 0xd2, 0x42, 0x33, 0x33, 0xc3,
    0x40, 0x33, 0x33, 0x33, 0x3f, 0x00, 0x00, 0x70, 0xc5, 0x45, 0x00, 0x00,
    0xd0, 0x40, 0x9a, 0x99, 0x59, 0x3f, 0x00, 0x00, 0x00, 0xc8, 0x42, 0x33,
    0x33, 0xd3, 0xc0, 0x85, 0xeb, 0x11, 0x3f, 0x00, 0x00, 0x60, 0xc1, 0x44,
    0xcd, 0xcc, 0x8c, 0xc0, 0x5c, 0x8f, 0x12, 0x40, 0x00, 0x00, 0x00, 0xf0,
    0x41, 0x66, 0x66, 0xe6, 0x3f, 0xa4, 0x70, 0xdd, 0x3f, 0x02, 0x00, 0x40,
    0x1c, 0x46, 0x9a, 0x99, 0x99, 0xbe, 0x33, 0x33, 0x33, 0x3f, 0x00, 0x00,
    0x90, 0x4c, 0x45, 0x66, 0x66, 0x86, 0xc0, 0x3d, 0x0a, 0xa7, 0x40, 0x00,
    0x00, 0x00, 0x10, 0x44, 0x33, 0x33, 0x33, 0x3f, 0xd7, 0xa3, 0x00, 0x40,
    0x00, 0x00, 0xd0, 0x24, 0x45, 0x00, 0x00, 0x00, 0x40, 0x5c, 0x8f, 0x8a,
    0x40, 0x00, 0x00, 0x10, 0x89, 0x45, 0xcd, 0xcc, 0x0c, 0x40, 0xe1, 0x7a,
    0xa4, 0x40, 0x00, 0x00, 0xe0, 0xc0, 0x01, 0x00, 0x00, 0xd2, 0x42, 0x33,
    0x33, 0x6b, 0x41, 0x33, 0x33, 0x33, 0x3f, 0x00, 0x00, 0x00, 0x94, 0x42,
    0xcd, 0xcc, 0x24, 0xc1, 0x9a, 0x99, 0x59, 0x3f, 0x00, 0x00, 0x00, 0xf8,
    0x41, 0x66, 0x66, 0x1e, 0xc1, 0x14, 0xae, 0x47, 0x3f, 0x00, 0x00, 0xc8,
    0x8c, 0x45, 0x66, 0x66, 0x66, 0x40, 0xcd, 0xcc, 0x5c, 0x40, 0x00, 0x00,
    0x00, 0xf2, 0x43, 0x66, 0x66, 0x26, 0x40, 0x71, 0x3d, 0x6a, 0x40, 0x02,
    0x00, 0x40, 0x1c, 0x46, 0x33, 0x33, 0x63, 0xc1, 0x33, 0x33, 0x33, 0x3f,
    0x00, 0x00, 0xa0, 0x0b, 0x46, 0xcd, 0xcc, 0xbc, 0x40, 0x29, 0x5c, 0x8f,
    0x3f, 0x00, 0x00, 0x18, 0xaa, 0x45, 0x00, 0x00, 0x00, 0xc0, 0x52, 0xb8,
    0xa6, 0x40, 0x00, 0x00, 0xf0, 0x0c, 0x45, 0x9a, 0x99, 0x59, 0xc0, 0x00,
    0x00, 0x88, 0x40, 0x00, 0x00, 0xe0, 0xdf, 0x44, 0x9a, 0x99, 0x19, 0x40,
    0x00, 0x00, 0xc0, 0x40, 0xcd, 0xcc, 0xac, 0xc0, 0x01, 0x00, 0x00, 0xd2,
    0x42, 0x33, 0x33, 0x33, 0xbf, 0x33, 0x33, 0x33, 0x3f, 0x00, 0x00, 0xc0,
    0x96, 0x44, 0x66, 0x66, 0x0e, 0x41, 0x1f, 0x85, 0xeb, 0x3e, 0x00, 0x00,
    0x00, 0x3a, 0x43, 0x00, 0x00, 0xa0, 0xc0, 0x71, 0x3d, 0x0a, 0x3f, 0x00,
    0x00, 0xa0, 0xd9, 0x44, 0xcd, 0xcc, 0x3c, 0xc1, 0x52, 0xb8, 0x9e, 0x3f,
    0x00, 0x00, 0x00, 0xa0, 0x42, 0x9a, 0x99, 0xd9, 0x3f, 0x5c, 0x8f, 0x02,
    0x3f, 0x02, 0x00, 0x40, 0x1c, 0x46, 0x33, 0x33, 0x73, 0x40, 0x33, 0x33,
    0x33, 0x3f, 0x00, 0x00, 0x38, 0xad, 0x45, 0xcd, 0xcc, 0x2c, 0xc0, 0x00,
    0x00, 0xc0, 0x40, 0x00, 0x00, 0xc0, 0x54, 0x44, 0x66, 0x66, 0xa6, 0x3f,
    0x71, 0x3d, 0x5a, 0x40, 0x00, 0x00, 0x40, 0x27, 0x44, 0xcd, 0xcc, 0x8c,
    0xbf, 0x1f, 0x85, 0x3b, 0x40, 0x00, 0x00, 0x20, 0x5c, 0x45, 0x00, 0x00,
    0xc0, 0x3f, 0x00, 0x00, 0xc0, 0x40, 0x9a, 0x99, 0xa9, 0xc0, 0x01, 0x00,
    0x00, 0xd2, 0x42, 0x33, 0x33, 0x83, 0xc0, 0x33, 0x33, 0x33, 0x3f, 0x00,
    0x00, 0x00, 0x0f, 0x43, 0xcd, 0xcc, 0xbc, 0xc0, 0x5c, 0x8f, 0x82, 0x3f,
    0x00, 0x00, 0x60, 0xb0, 0x44, 0x66, 0x66, 0xc6, 0x40, 0xcd, 0xcc, 0x8c,
    0x3f, 0x00, 0x00, 0x40, 0x2e, 0x44, 0x33, 0x33, 0x33, 0xc0, 0x1f, 0x85,
    0x6b, 0x3f, 0x00, 0x00, 0xd8, 0x86, 0x45, 0xcd, 0xcc, 0x8c, 0x40, 0xa4,
    0x70, 0xfd, 0x3f, 0x02, 0x00, 0x40, 0x1c, 0x46, 0x33, 0x33, 0xb3, 0x3f,
    0x33, 0x33, 0x33, 0x3f, 0x00, 0x00, 0x20, 0x0d, 0x46, 0x00, 0x00, 0xc0,
    0xbf, 0x00, 0x00, 0x00, 0x40, 0x00, 0x00, 0x08, 0xd0, 0x45, 0x66, 0x66,
    0x06, 0x40, 0x00, 0x00, 0xc0, 0x40, 0x00, 0x00, 0x28, 0xb0, 0x45, 0x9a,
    0x99, 0x99, 0xbf, 0x5c, 0x8f, 0xba, 0x40, 0x00, 0x00, 0x00, 0x5c, 0x42,
    0x9a, 0x99, 0x99, 0x3e, 0x29, 0x5c, 0x0f, 0x40, 0x33, 0x33, 0xc3, 0xc0,
    0x01, 0x00, 0x00, 0xd2, 0x42, 0x66, 0x66, 0x86, 0xc0, 0x33, 0x33, 0x33,
    0x3f, 0x00, 0x00, 0x00, 0x0f, 0x43, 0x66, 0x66, 0xa6, 0xc0, 0xcd, 0xcc,
    0x8c, 0x3f, 0x00, 0x00, 0x10, 0x0f, 0x45, 0x33, 0x33, 0xc3, 0x40, 0xc3,
    0xf5, 0xc8, 0x3f, 0x00, 0x00, 0x00, 0x60, 0x42, 0x9a, 0x99, 0x99, 0x3f,
    0xec, 0x51, 0x98, 0x3f, 0x00, 0x00, 0xc0, 0xa0, 0x45, 0xcd, 0xcc, 0x4c,
    0xc0, 0x00, 0x00, 0xc0, 0x40, 0x02, 0x00, 0x40, 0x1c, 0x46, 0x00, 0x00,
    0x80, 0xbf, 0x33, 0x33, 0x33, 0x3f, 0x00, 0x00, 0x80, 0xcb, 0x43, 0x9a,
    0x99, 0xd9, 0x3f, 0xc3, 0xf5, 0x48, 0x40, 0x00, 0x00, 0xd8, 0xd1, 0x45,
    0x00, 0x00, 0x40, 0x40, 0x14, 0xae, 0xbf, 0x40, 0x00, 0x00, 0xc0, 0x7b,
    0x44, 0x00, 0x00, 0x80, 0x3f, 0x71, 0x3d, 0x5a, 0x40, 0x00, 0x00, 0x00,
    0x10, 0x44, 0x9a, 0x99, 0x99, 0xbf, 0x33, 0x33, 0x63, 0x40, 0x66, 0x66,
    0xc6, 0xc0, 0x01, 0x00, 0x00, 0xd2, 0x42, 0xcd, 0xcc, 0x4c, 0xc0, 0x33,
    0x33, 0x33, 0x3f, 0x00, 0x00, 0x00, 0x19, 0x45, 0xcd, 0xcc, 0xdc, 0x40,
    0xa4, 0x70, 0x1d, 0x40, 0x00, 0x00, 0x00, 0x2d, 0x43, 0x33, 0x33, 0xb3,
    0xc0, 0x8f, 0xc2, 0x75, 0x3f, 0x00, 0x00, 0x40, 0x3d, 0x45, 0xcd, 0xcc,
    0xac, 0xc0, 0x85, 0xeb, 0x01, 0x40, 0x00, 0x00, 0xe0, 0xa5, 0x44, 0x33,
    0x33, 0x53, 0x40, 0xe1, 0x7a, 0x14, 0x3f, 0x02, 0x00, 0x40, 0x1c, 0x46,
    0xcd, 0xcc, 0x9c, 0x40, 0x33, 0x33, 0x33, 0x3f, 0x00, 0x00, 0xf0, 0xbe,
    0x45, 0x33, 0x33, 0x13, 0xc0, 0x85, 0xeb, 0xb9, 0x40, 0x00, 0x00, 0xc0,
    0x5a, 0x44, 0x9a, 0x99, 0x99, 0xbf, 0x71, 0x3d, 0x82, 0x40, 0x00, 0x00,
    0xa0, 0x95, 0x44, 0x00, 0x00, 0x80, 0x3f, 0x85, 0xeb, 0x51, 0x40, 0x00,
    0x00, 0x00, 0x7c, 0x42, 0xcd, 0xcc, 0xcc, 0x3e, 0xec, 0x51, 0x08, 0x40,
    0xcd, 0xcc, 0xcc, 0xc0, 0x01, 0x00, 0x00, 0xd2, 0x42, 0x00, 0x00, 0xb0,
    0x40, 0x33, 0x33, 0x33, 0x3f, 0x00, 0x00, 0x00, 0x88, 0x42, 0xcd, 0xcc,
    0x1c, 0xc1, 0xe1, 0x7a, 0x54, 0x3f, 0x00, 0x00, 0xc0, 0xa7, 0x45, 0xcd,
    0xcc, 0xcc, 0x40, 0x3d, 0x0a, 0x07, 0x40, 0x00, 0x00, 0x20, 0xaf, 0x44,
    0x66, 0x66, 0x06, 0xc0, 0xcd, 0xcc, 0x0c, 0x40, 0x00, 0x00, 0x10, 0x0d,
    0x45, 0x66, 0x66, 0x66, 0x3f, 0x8f, 0xc2, 0x25, 0x40, 0x02, 0x00, 0x40,
    0x1c, 0x46, 0x33, 0x33, 0x33, 0xbf, 0x33, 0x33, 0x33, 0x3f, 0x00, 0x00,
    0x00, 0x6f, 0x43, 0x9a, 0x99, 0x99, 0x3f, 0x66, 0x66, 0x86, 0x3f, 0x00,
    0x00, 0x00, 0xf0, 0x42, 0xcd, 0xcc, 0x8c, 0xbf, 0x00, 0x00, 0xe0, 0x3f,
    0x00, 0x00, 0x00, 0x10, 0x44, 0x33, 0x33, 0x33, 0xbf, 0x71, 0x3d, 0x3a,
    0x40, 0x00, 0x00, 0x00, 0x88, 0x42, 0xcd, 0xcc, 0xcc, 0x3e, 0xd7, 0xa3,
    0x30, 0x40, 0x66, 0x66, 0xd6, 0xc0, 0x01, 0x00, 0x00, 0xd2, 0x42, 0xcd,
    0xcc, 0xcc, 0xbd, 0x33, 0x33, 0x33, 0x3f, 0x00, 0x00, 0x00, 0x2d, 0x43,
    0x33, 0x33, 0x83, 0xc0, 0x66, 0x66, 0x26, 0x3f, 0x00, 0x00, 0xc0, 0x1e,
    0x45, 0x33, 0x33, 0xd3, 0x40, 0xae, 0x47, 0x21, 0x40, 0x00, 0x00, 0xd0,
    0x13, 0x46, 0x00, 0x00, 0xc0, 0x3f, 0x71, 0x3d, 0x4a, 0x3f, 0x00, 0x00,
    0x00, 0xd8, 0x41, 0xcd, 0xcc, 0xcc, 0x3e, 0x5c, 0x8f, 0xe2, 0x3f, 0x02,
    0x00, 0x40, 0x1c, 0x46, 0x9a, 0x99, 0x99, 0x3e, 0x33, 0x33, 0x33, 0x3f,
    0x00, 0x00, 0x28, 0xa1, 0x45, 0x33, 0x33, 0x13, 0x40, 0x5c, 0x8f, 0x72,
    0x40, 0x00, 0x00, 0x18, 0xcb, 0x45, 0x33, 0x33, 0x13, 0xc0, 0x00, 0x00,
    0xc0, 0x40, 0x00, 0x00, 0x10, 0x80, 0x45, 0x9a, 0x99, 0x39, 0xc0, 0x00,
    0x00, 0xc0, 0x40, 0x00, 0x00, 0xd0, 0x64, 0x45, 0x00, 0x00, 0xc0, 0x3f,
    0x00, 0x00, 0xc0, 0x40, 0x33, 0x33, 0x53, 0xc0, 0x01, 0x00, 0x00, 0xd2,
    0x42, 0xcd, 0xcc, 0x4c, 0x40, 0x33, 0x33, 0x33, 0x3f, 0x00, 0x00, 0x00,
    0x16, 0x44, 0x9a, 0x99, 0xc9, 0xc0, 0x00, 0x00, 0x10, 0x40, 0x00, 0x00,
    0x00, 0xa2, 0x42, 0xcd, 0xcc, 0x4c, 0xc0, 0x1f, 0x85, 0x6b, 0x3f, 0x00,
    0x00, 0xc0, 0x0f, 0x45, 0x33, 0x33, 0x33, 0x40, 0xb8, 0x1e, 0x35, 0x40,
    0x00, 0x00, 0x40, 0x1c, 0x46, 0xcd, 0xcc, 0x4c, 0x40, 0x71, 0x3d, 0x0a,
    0x3f, 0x02, 0x00, 0x40, 0x1c, 0x46, 0xcd, 0xcc, 0x4c, 0x3e, 0x33, 0x33,
    0x33, 0x3f, 0x00, 0x00, 0x00, 0x97, 0x43, 0x00, 0x00, 0x00, 0x40, 0x14,
    0xae, 0x27, 0x40, 0x00, 0x00, 0x70, 0xa6, 0x45, 0x33, 0x33, 0xf3, 0x3f,
    0x8f, 0xc2, 0x55, 0x40, 0x00, 0x00, 0x78, 0xc3, 0x45, 0x9a, 0x99, 0x39,
    0xc0, 0x00, 0x00, 0xc0, 0x40, 0x00, 0x00, 0x80, 0xe3, 0x43, 0xcd, 0xcc,
    0x8c, 0xbf, 0x52, 0xb8, 0x5e, 0x40, 0xcd, 0xcc, 0xbc, 0xc0, 0x01, 0x00,
    0x00, 0xd2, 0x42, 0x00, 0x00, 0x00, 0xbf, 0x33, 0x33, 0x33, 0x3f, 0x00,
    0x00, 0x00, 0x21, 0x43, 0x9a, 0x99, 0xc9, 0xc0, 0xec, 0x51, 0x38, 0x3f,
    0x00, 0x00, 0x50, 0x15, 0x45, 0x00, 0x00, 0x80, 0x40, 0xe1, 0x7a, 0xf4,
    0x3f, 0x00, 0x00, 0x40, 0x1c, 0x46, 0x33, 0x33, 0xb3, 0x40, 0x14, 0xae,
    0x07, 0x3f, 0x00, 0x00, 0x20, 0x9c, 0x44, 0xcd, 0xcc, 0xcc, 0xbf, 0x14,
    0xae, 0x37, 0x40, 0x02, 0x00, 0x40, 0x1c, 0x46, 0xcd, 0xcc, 0xcc, 0xbd,
    0x33, 0x33, 0x33, 0x3f, 0x00, 0x00, 0xa8, 0x9c, 0x45, 0xcd, 0xcc, 0x2c,
    0x40, 0xae, 0x47, 0x91, 0x40, 0x00, 0x00, 0x80, 0xc4, 0x45, 0xcd, 0xcc,
    0x8c, 0xc0, 0x0a, 0xd7, 0xbb, 0x40, 0x00, 0x00, 0xc0, 0x32, 0x44, 0xcd,
    0xcc, 0x4c, 0x3f, 0x8f, 0xc2, 0x55, 0x40, 0x00, 0x00, 0x38, 0xf0, 0x45,
    0x66, 0x66, 0xa6, 0x3f, 0x9a, 0x99, 0xa1, 0x40, 0x9a, 0x99, 0xd9, 0xc0,
    0x01, 0x00, 0x00, 0xd2, 0x42, 0x66, 0x66, 0xf6, 0x40, 0x33, 0x33, 0x33,
    0x3f, 0x00, 0x00, 0xe0, 0xbf, 0x44, 0x33, 0x33, 0xa3, 0xc0, 0xcd, 0xcc,
    0xac, 0x3f, 0x00, 0x00, 0x00, 0x6c, 0x42, 0xcd, 0xcc, 0xfc, 0xc0, 0x1f,
    0x85, 0x8b, 0x3f, 0x00, 0x00, 0xe8, 0x8c, 0x45, 0x9a, 0x99, 0x89, 0x40,
    0x3d, 0x0a, 0x8f, 0x40, 0x00, 0x00, 0xf0, 0x34, 0x45, 0x33, 0x33, 0x73,
    0x40, 0x71, 0x3d, 0x5a, 0x40, 0x02, 0x00, 0x40, 0x1c, 0x46, 0xcd, 0xcc,
    0xfc, 0xc0, 0x33, 0x33, 0x33, 0x3f, 0x00, 0x00, 0x9c, 0x12, 0x46, 0x66,
    0x66, 0xa6, 0x40, 0x14, 0xae, 0xa7, 0x3f, 0x00, 0x00, 0x70, 0xb9, 0x45,
    0x33, 0x33, 0xa3, 0xc0, 0xb8, 0x1e, 0xb5, 0x40, 0x00, 0x00, 0x00, 0xf9,
    0x43, 0x33, 0x33, 0x33, 0x3f, 0xcd, 0xcc, 0xec, 0x3f, 0x00, 0x00, 0x30,
    0x9e, 0x45, 0x00, 0x00, 0xc0, 0x3f, 0x14, 0xae, 0xbf, 0x40, 0x9a, 0x99,
    0xd9, 0xc0, 0x01, 0x00, 0x00, 0xd2, 0x42, 0x00, 0x00, 0xe0, 0x40, 0x33,
    0x33, 0x33, 0x3f, 0x00, 0x00, 0x00, 0xa8, 0x42, 0x66, 0x66, 0x3e, 0xc1,
    0x5c, 0x8f, 0x12, 0x40, 0x00, 0x00, 0xe0, 0xdf, 0x44, 0x9a, 0x99, 0x99,
    0xc0, 0x66, 0x66, 0xe6, 0x3f, 0x00, 0x00, 0x80, 0xf5, 0x43, 0x00, 0x00,
    0x00, 0x40, 0x48, 0xe1, 0x7a, 0x3f, 0x00, 0x00, 0xd8, 0x82, 0x45, 0xcd,
    0xcc, 0x4c, 0x40, 0x14, 0xae, 0x27, 0x40, 0x02, 0x00, 0x40, 0x1c, 0x46,
    0x00, 0x00, 0x90, 0xc0, 0x33, 0x33, 0x33, 0x3f, 0x00, 0x00, 0x00, 0x64,
    0x42, 0x9a, 0x99, 0x39, 0x40, 0x0a, 0xd7, 0x93, 0x40, 0x00, 0x00, 0x00,
    0x8e, 0x42, 0x33, 0x33, 0xf3, 0xbf, 0x48, 0xe1, 0xa2, 0x40, 0x00, 0x00,
    0x18, 0xb5, 0x45, 0x00, 0x00, 0x20, 0xc0, 0x00, 0x00, 0xc0, 0x40, 0x00,
    0x00, 0x20, 0x9a, 0x45, 0x9a, 0x99, 0xd9, 0x3f, 0xec, 0x51, 0xb0, 0x40,
    0x9a, 0x99, 0xd9, 0xc0, 0x01, 0x00, 0x00, 0xd2, 0x42, 0x66, 0x66, 0x0e,
    0x41, 0x33, 0x33, 0x33, 0x3f, 0x00, 0x00, 0xf0, 0x1e, 0x45, 0xcd, 0xcc,
    0xec, 0x40, 0xa4, 0x70, 0xdd, 0x3f, 0x00, 0x00, 0xc0, 0x87, 0x44, 0x66,
    0x66, 0x46, 0xc0, 0x0a, 0xd7, 0x23, 0x3f, 0x00, 0x00, 0x00, 0x90, 0x42,
    0x00, 0x00, 0x20, 0xc0, 0x1f, 0x85, 0x6b, 0x3e, 0x00, 0x00, 0x00, 0x58,
    0x42, 0x33, 0x33, 0xb3, 0xc0, 0x9a, 0x99, 0xb9, 0x3f, 0x02, 0x00, 0x40,
    0x1c, 0x46, 0x33, 0x33, 0xe3, 0xc0, 0x33, 0x33, 0x33, 0x3f, 0x00, 0x00,
    0x28, 0xf7, 0x45, 0x00, 0x00, 0x90, 0x40, 0xd7, 0xa3, 0x90, 0x3f, 0x00,
    0x00, 0x20, 0xa4, 0x45, 0x33, 0x33, 0x73, 0xc0, 0x00, 0x00, 0x40, 0x40,
    0x00, 0x00, 0xe0, 0x98, 0x44, 0x66, 0x66, 0x06, 0x40, 0x0a, 0xd7, 0xb3,
    0x40, 0x00, 0x00, 0xa0, 0xb4, 0x44, 0xcd, 0xcc, 0x0c, 0xc0, 0x8f, 0xc2,
    0xb5, 0x40, 0xcd, 0xcc, 0xdc, 0xc0, 0x01, 0x00, 0x00, 0xd2, 0x42, 0x00,
    0x00, 0x08, 0x41, 0x33, 0x33, 0x33, 0x3f, 0x00, 0x00, 0x90, 0x8f, 0x45,
    0x00, 0x00, 0x90, 0x40, 0xe1, 0x7a, 0x14, 0x3f, 0x00, 0x00, 0x00, 0x84,
    0x44, 0xcd, 0xcc, 0x9c, 0xc0, 0xc3, 0xf5, 0x88, 0x3f, 0x00, 0x00, 0x00,
    0x9c, 0x42, 0x33, 0x33, 0x53, 0xc0, 0xc3, 0xf5, 0xa8, 0x3e, 0x00, 0x00,
    0x00, 0x58, 0x42, 0xcd, 0xcc, 0xac, 0xc0, 0x48, 0xe1, 0xfa, 0x3f, 0x02,
    0x00, 0x40, 0x1c, 0x46, 0xcd, 0xcc, 0xfc, 0xc0, 0x33, 0x33, 0x33, 0x3f,
    0x00, 0x00, 0x58, 0x05, 0x46, 0x9a, 0x99, 0x19, 0x40, 0xf6, 0x28, 0xdc,
    0x3f, 0x00, 0x00, 0x40, 0xaf, 0x44, 0x00, 0x00, 0x20, 0xc0, 0xd7, 0xa3,
    0x98, 0x40, 0x00, 0x00, 0x00, 0xf9, 0x44, 0x9a, 0x99, 0x99, 0x3f, 0xe1,
    0x7a, 0x84, 0x40, 0x00, 0x00, 0x00, 0x93, 0x44, 0x33, 0x33, 0x13, 0x40,
    0x00, 0x00, 0xc0, 0x40, 0x66, 0x66, 0xc6, 0xc0, 0x01, 0x00, 0x00, 0xd2,
    0x42, 0x33, 0x33, 0xd3, 0x40, 0x33, 0x33, 0x33, 0x3f, 0x00, 0x00, 0x98,
    0x94, 0x45, 0x66, 0x66, 0x86, 0x40, 0xd7, 0xa3, 0x30, 0x3f, 0x00, 0x00,
    0xc0, 0x65, 0x44, 0x33, 0x33, 0x93, 0xc0, 0xd7, 0xa3, 0x30, 0x40, 0x00,
    0x00, 0x00, 0x01, 0x43, 0xcd, 0xcc, 0x0c, 0xc0, 0x00, 0x00, 0x80, 0x3e,
    0x00, 0x00, 0xe0, 0xb1, 0x44, 0x9a, 0x99, 0x89, 0xc0, 0xe1, 0x7a, 0x74,
    0x40, 0x02, 0x00, 0x40, 0x1c, 0x46, 0x9a, 0x99, 0x01, 0xc1, 0x33, 0x33,
    0x33, 0x3f, 0x00, 0x00, 0x04, 0x0a, 0x46, 0x00, 0x00, 0x20, 0x40, 0xec,
    0x51, 0xb8, 0x3f, 0x00, 0x00, 0x00, 0x4c, 0x42, 0xcd, 0xcc, 0x8c, 0xbf,
    0xd7, 0xa3, 0xf0, 0x3f, 0x00, 0x00, 0x00, 0x10, 0x42, 0x9a, 0x99, 0x99,
    0x3f, 0xec, 0x51, 0x48, 0x40, 0x00, 0x00, 0x00, 0x02, 0x43, 0x9a, 0x99,
    0x19, 0x3f, 0x5c, 0x8f, 0xe2, 0x3f, 0x66, 0x66, 0xc6, 0xc0, 0x01, 0x00,
    0x00, 0xd2, 0x42, 0x33, 0x33, 0xb3, 0x40, 0x33, 0x33, 0x33, 0x3f, 0x00,
    0x00, 0xa0, 0xe4, 0x44, 0x9a, 0x99, 0xb9, 0xc0, 0x71, 0x3d, 0x0a, 0x3f,
    0x00, 0x00, 0xc8, 0xd3, 0x45, 0x66, 0x66, 0xa6, 0x40, 0x33, 0x33, 0x73,
    0x3f, 0x00, 0x00, 0xb0, 0x0a, 0x45, 0x00, 0x00, 0x08, 0x41, 0x5c, 0x8f,
    0x02, 0x40, 0x00, 0x00, 0x48, 0x9d, 0x45, 0xcd, 0xcc, 0x8c, 0xc0, 0x9a,
    0x99, 0x69, 0x40, 0x02, 0x00, 0x40, 0x1c, 0x46, 0x00, 0x00, 0x90, 0xc0,
    0x33, 0x33, 0x33, 0x3f, 0x00, 0x00, 0x00, 0x8e, 0x42, 0x33, 0x33, 0xb3,
    0xbf, 0x1f, 0x85, 0x1b, 0x40, 0x00, 0x00, 0x00, 0x2c, 0x42, 0x00, 0x00,
    0x80, 0x3f, 0xae, 0x47, 0x21, 0x40, 0x00, 0x00, 0x00, 0x54, 0x43, 0x33,
    0x33, 0x33, 0xbf, 0x00, 0x00, 0x00, 0x40, 0x00, 0x00, 0x80, 0xd2, 0x43,
    0x9a, 0x99, 0x99, 0x3e, 0x14, 0xae, 0xc7, 0x3f, 0x9a, 0x99, 0xc9, 0xc0,
    0x01, 0x00, 0x00, 0xd2, 0x42, 0x66, 0x66, 0xb6, 0x40, 0x33, 0x33, 0x33,
    0x3f, 0x00, 0x00, 0x80, 0x8e, 0x44, 0x66, 0x66, 0x86, 0xc0, 0xb8, 0x1e,
    0x85, 0x3f, 0x00, 0x00, 0x30, 0xfd, 0x45, 0x66, 0x66, 0x66, 0x40, 0x8f,
    0xc2, 0x95, 0x3f, 0x00, 0x00, 0x60, 0x12, 0x45, 0xcd, 0xcc, 0x8c, 0x40,
    0x14, 0xae, 0x57, 0x40, 0x00, 0x00, 0xb8, 0x9e, 0x45, 0x66, 0x66, 0xb6,
    0xc0, 0xd7, 0xa3, 0x98, 0x40, 0x02, 0x00, 0x40, 0x1c, 0x46, 0x33, 0x33,
    0x73, 0xc0, 0x33, 0x33, 0x33, 0x3f, 0x00, 0x00, 0x00, 0x88, 0x42, 0xcd,
    0xcc, 0x8c, 0xbf, 0x8f, 0xc2, 0x35, 0x40, 0x00, 0x00, 0x00, 0x55, 0x43,
    0x9a, 0x99, 0x19, 0xbf, 0x9a, 0x99, 0xf9, 0x3f, 0x00, 0x00, 0x00, 0x48,
    0x42, 0x9a, 0x99, 0x99, 0x3f, 0x85, 0xeb, 0x81, 0x40, 0x00, 0x00, 0x00,
    0x98, 0x42, 0xcd, 0xcc, 0x4c, 0xbe, 0xec, 0x51, 0x08, 0x40, 0x33, 0x33,
    0xc3, 0xc0, 0x01, 0x00, 0x00, 0xd2, 0x42, 0x66, 0x66, 0xc6, 0x40, 0x33,
    0x33, 0x33, 0x3f, 0x00, 0x00, 0x20, 0xc0, 0x44, 0x33, 0x33, 0xa3, 0xc0,
    0x71, 0x3d, 0xca, 0x3f, 0x00, 0x00, 0x00, 0x92, 0x42, 0x66, 0x66, 0x16,
    0xc1, 0x7b, 0x14, 0xce, 0x3f, 0x00, 0x00, 0x40, 0x1c, 0x46, 0x66, 0x66,
    0x06, 0x40, 0x71, 0x3d, 0x8a, 0x3e, 0x00, 0x00, 0x00, 0x40, 0x42, 0x9a,
    0x99, 0x39, 0x40, 0x85, 0xeb, 0xf1, 0x3f, 0x02, 0x00, 0x40, 0x1c, 0x46,
    0x9a, 0x99, 0x09, 0xc1, 0x33, 0x33, 0x33, 0x3f, 0x00, 0x00, 0xec, 0x0f,
    0x46, 0x9a, 0x99, 0x89, 0x40, 0xc3, 0xf5, 0xc8, 0x3f, 0x00, 0x00, 0x80,
    0xe9, 0x43, 0x00, 0x00, 0x80, 0x3f, 0x0a, 0xd7, 0xc3, 0x3f, 0x00, 0x00,
    0xe0, 0xb8, 0x45, 0x33, 0x33, 0xa3, 0xc0, 0x8f, 0xc2, 0xb5, 0x40, 0x00,
    0x00, 0x58, 0x92, 0x45, 0x9a, 0x99, 0x39, 0x40, 0x66, 0x66, 0x9e, 0x40,
    0x9a, 0x99, 0xb9, 0xc0, 0x01, 0x00, 0x00, 0xd2, 0x42, 0x9a, 0x99, 0xb9,
    0x40, 0x33, 0x33, 0x33, 0x3f, 0x00, 0x00, 0x60, 0xb6, 0x44, 0x00, 0x00,
    0xa0, 0xc0, 0x8f, 0xc2, 0xb5, 0x3f, 0x00, 0x00, 0x60, 0x92, 0x45, 0x66,
    0x66, 0x46, 0x40, 0x0a, 0xd7, 0x33, 0x40, 0x00, 0x00, 0x48, 0xdb, 0x45,
    0x66, 0x66, 0x26, 0x40, 0xae, 0x47, 0x21, 0x3f, 0x00, 0x00, 0xd8, 0xb9,
    0x45, 0x66, 0x66, 0xb6, 0xc0, 0xcd, 0xcc, 0x9c, 0x40, 0x02, 0x00, 0x40,
    0x1c, 0x46, 0x00, 0x00, 0xa0, 0xc0, 0x33, 0x33, 0x33, 0x3f, 0x00, 0x00,
    0x00, 0x5d, 0x43, 0x33, 0x33, 0x33, 0xbf, 0xb8, 0x1e, 0xe5, 0x3f, 0x00,
    0x00, 0x80, 0x05, 0x44, 0xcd, 0xcc, 0xcc, 0x3e, 0x9a, 0x99, 0x99, 0x3f,
    0x00, 0x00, 0x00, 0xb2, 0x42, 0x9a, 0x99, 0x99, 0xbe, 0x1f, 0x85, 0xab,
    0x3f, 0x00, 0x00, 0x80, 0x63, 0x44, 0xcd, 0xcc, 0xcc, 0xbe, 0x71, 0x3d,
    0x3a, 0x40, 0x66, 0x66, 0xd6, 0xc0, 0x01, 0x00, 0x00, 0xd2, 0x42, 0x9a,
    0x99, 0xd9, 0x40, 0x33, 0x33, 0x33, 0x3f, 0x00, 0x00, 0x00, 0xc8, 0x42,
    0x66, 0x66, 0x26, 0xc1, 0x71, 0x3d, 0x0a, 0x40, 0x00, 0x00, 0xa0, 0xdc,
    0x44, 0x66, 0x66, 0xb6, 0xc0, 0x52, 0xb8, 0xbe, 0x3f, 0x00, 0x00, 0x40,
    0x1c, 0x46, 0x9a, 0x99, 0x39, 0x40, 0xec, 0x51, 0x38, 0x3e, 0x00, 0x00,
    0x80, 0x02, 0x44, 0x66, 0x66, 0xe6, 0x3f, 0xa4, 0x70, 0x9d, 0x3f, 0x02,
    0x00, 0x40, 0x1c, 0x46, 0x66, 0x66, 0xb6, 0xc0, 0x33, 0x33, 0x33, 0x3f,
    0x00, 0x00, 0x00, 0x7c, 0x42, 0x33, 0x33, 0x13, 0x40, 0xcd, 0xcc, 0x8c,
    0x40, 0x00, 0x00, 0x88, 0xad, 0x45, 0x9a, 0x99, 0x39, 0xc0, 0x00, 0x00,
    0xc0, 0x40, 0x00, 0x00, 0x58, 0x8e, 0x45, 0x9a, 0x99, 0x19, 0x40, 0x00,
    0x00, 0xc0, 0x40, 0x00, 0x00, 0x00, 0xa2, 0x42, 0x66, 0x66, 0xa6, 0xbf,
    0x71, 0x3d, 0x8a, 0x40, 0x00, 0x00, 0x80, 0xc0, 0x01, 0x00, 0x00, 0xd2,
    0x42, 0x00, 0x00, 0x80, 0x40, 0x33, 0x33, 0x33, 0x3f, 0x00, 0x00, 0x60,
    0xc9, 0x44, 0x33, 0x33, 0xa3, 0xc0, 0x66, 0x66, 0xc6, 0x3f, 0x00, 0x00,
    0xbc, 0x02, 0x46, 0x9a, 0x99, 0x59, 0x40, 0x9a, 0x99, 0xd9, 0x3f, 0x00,
    0x00, 0x80, 0xea, 0x43, 0xcd, 0xcc, 0xcc, 0x3e, 0xc3, 0xf5, 0xa8, 0x3f,
    0x00, 0x00, 0x30, 0x8a, 0x45, 0x9a, 0x99, 0x59, 0x40, 0x29, 0x5c, 0xb7,
    0x40, 0x02, 0x00, 0x40, 0x1c, 0x46, 0x33, 0x33, 0x83, 0xc0, 0x33, 0x33,
    0x33, 0x3f, 0x00, 0x00, 0x00, 0x24, 0x42, 0xcd, 0xcc, 0x8c, 0xbf, 0x33,
    0x33, 0x33, 0x40, 0x00, 0x00, 0xe0, 0x38, 0x45, 0x33, 0x33, 0x13, 0x40,
    0xc3, 0xf5, 0x98, 0x40, 0x00, 0x00, 0x20, 0x06, 0x45, 0xcd, 0xcc, 0x8c,
    0xbf, 0x9a, 0x99, 0x81, 0x40, 0x00, 0x00, 0xf8, 0xaf, 0x45, 0x33, 0x33,
    0xb3, 0xbf, 0x00, 0x00, 0xc0, 0x40, 0x66, 0x66, 0xc6, 0xc0, 0x01, 0x00,
    0x00, 0xd2, 0x42, 0x9a, 0x99, 0xd9, 0x40, 0x33, 0x33, 0x33, 0x3f, 0x00,
    0x00, 0x00, 0x27, 0x43, 0x33, 0x33, 0x33, 0xc0, 0x8f, 0xc2, 0x75, 0x3e,
    0x00, 0x00, 0xd8, 0x01, 0x46, 0x33, 0x33, 0x93, 0x40, 0x8f, 0xc2, 0x15,
    0x40, 0x00, 0x00, 0x20, 0xd8, 0x44, 0x66, 0x66, 0x96, 0x40, 0x33, 0x33,
    0x13, 0x40, 0x00, 0x00, 0x30, 0x2f, 0x45, 0xcd, 0xcc, 0x8c, 0xc0, 0xa4,
    0x70, 0x7d, 0x40, 0x02, 0x00, 0x40, 0x1c, 0x46, 0x66, 0x66, 0xd6, 0xc0,
    0x33, 0x33, 0x33, 0x3f, 0x00, 0x00, 0x98, 0x83, 0x45, 0x66, 0x66, 0x46,
    0x40, 0x0a, 0xd7, 0x8b, 0x40, 0x00, 0x00, 0xb8, 0xa8, 0x45, 0xcd, 0xcc,
    0x6c, 0xc0, 0xe1, 0x7a, 0xb4, 0x40, 0x00, 0x00, 0x40, 0x7c, 0x44, 0x33,
    0x33, 0xb3, 0xbf, 0x0a, 0xd7, 0xa3, 0x40, 0x00, 0x00, 0x70, 0xe6, 0x45,
    0x33, 0x33, 0x53, 0x40, 0x14, 0xae, 0xaf, 0x40, 0x33, 0x33, 0xd3, 0xc0,
    0x01, 0x00, 0x00, 0xd2, 0x42, 0x9a, 0x99, 0xd9, 0x40, 0x33, 0x33, 0x33,
    0x3f, 0x00, 0x00, 0x00, 0xaa, 0x42, 0x66, 0x66, 0xc6, 0xc0, 0xb8, 0x1e,
    0xc5, 0x3f, 0x00, 0x00, 0x80, 0x9f, 0x44, 0x66, 0x66, 0xc6, 0xc0, 0xe1,
    0x7a, 0x04, 0x40, 0x00, 0x00, 0x50, 0x71, 0x45, 0x00, 0x00, 0x90, 0x40,
    0x7b, 0x14, 0x86, 0x40, 0x00, 0x00, 0xd0, 0x13, 0x45, 0x9a, 0x99, 0x89,
    0x40, 0x8f, 0xc2, 0x15, 0x40, 0x02, 0x00, 0x40, 0x1c, 0x46, 0xcd, 0xcc,
    0x6c, 0xc0, 0x33, 0x33, 0x33, 0x3f, 0x00, 0x00, 0xa0, 0xb1, 0x45, 0x00,
    0x00, 0x60, 0xc0, 0x5c, 0x8f, 0xb2, 0x40, 0x00, 0x00, 0x80, 0xc5, 0x43,
    0x66, 0x66, 0x66, 0x3f, 0xcd, 0xcc, 0xcc, 0x3f, 0x00, 0x00, 0x00, 0x39,
    0x43, 0xcd, 0xcc, 0x4c, 0xbf, 0x33, 0x33, 0xb3, 0x3f, 0x00, 0x00, 0x00,
    0x50, 0x42, 0xcd, 0xcc, 0xcc, 0x3f, 0xae, 0x47, 0x91, 0x40, 0xcd, 0xcc,
    0xcc, 0xc0, 0x01, 0x00, 0x00, 0xd2, 0x42, 0x66, 0x66, 0xd6, 0x40, 0x33,
    0x33, 0x33, 0x3f, 0x00, 0x00, 0x98, 0x91, 0x45, 0x00, 0x00, 0x00, 0x41,
    0x29, 0x5c, 0x4f, 0x3f, 0x00, 0x00, 0xc0, 0x8e, 0x44, 0xcd, 0xcc, 0xcc,
    0xc0, 0xec, 0x51, 0x18, 0x40, 0x00, 0x00, 0x00, 0xa2, 0x42, 0x9a, 0x99,
    0x59, 0xc0, 0xd7, 0xa3, 0x70, 0x3f, 0x00, 0x00, 0x48, 0xad, 0x45, 0x33,
    0x33, 0x2b, 0xc1, 0x66, 0x66, 0x06, 0x40, 0x02, 0x00, 0x40, 0x1c, 0x46,
    0x33, 0x33, 0x73, 0xc0, 0x33, 0x33, 0x33, 0x3f, 0x00, 0x00, 0x40, 0xc7,
    0x44, 0x00, 0x00, 0xc0, 0x3f, 0x00, 0x00, 0xc0, 0x40, 0x00, 0x00, 0x00,
    0x44, 0x44, 0x00, 0x00, 0x80, 0xbf, 0x48, 0xe1, 0x8a, 0x40, 0x00, 0x00,
    0x00, 0xe4, 0x43, 0xcd, 0xcc, 0xcc, 0x3e, 0x14, 0xae, 0xe7, 0x3f, 0x00,
    0x00, 0x00, 0x24, 0x42, 0x33, 0x33, 0x33, 0x3f, 0x3d, 0x0a, 0x97, 0x40,
    0x9a, 0x99, 0xc9, 0xc0, 0x01, 0x00, 0x00, 0xd2, 0x42, 0x00, 0x00, 0xd0,
    0x40, 0x33, 0x33, 0x33, 0x3f, 0x00, 0x00, 0x30, 0x24, 0x45, 0x66, 0x66,
    0x96, 0x40, 0x14, 0xae, 0xc7, 0x3e, 0x00, 0x00, 0x60, 0xa1, 0x44, 0x9a,
    0x99, 0xf9, 0xc0, 0xb8, 0x1e, 0xa5, 0x3f, 0x00, 0x00, 0x00, 0xbe, 0x42,
    0xcd, 0xcc, 0x0c, 0xc0, 0xcd, 0xcc, 0x4c, 0x3f, 0x00, 0x00, 0x70, 0xb1,
    0x45, 0x33, 0x33, 0xd3, 0xc0, 0x7b, 0x14, 0x4e, 0x40, 0x02, 0x00, 0x40,
    0x1c, 0x46, 0x9a, 0x99, 0xa9, 0xc0, 0x33, 0x33, 0x33, 0x3f, 0x00, 0x00,
    0x30, 0x12, 0x45, 0xcd, 0xcc, 0x8c, 0x3f, 0x85, 0xeb, 0x61, 0x40, 0x00,
    0x00, 0x50, 0x3d, 0x45, 0x00, 0x00, 0xc0, 0xbf, 0x8f, 0xc2, 0x9d, 0x40,
    0x00, 0x00, 0x00, 0x40, 0x42, 0xcd, 0xcc, 0x4c, 0x3f, 0xc3, 0xf5, 0x88,
    0x40, 0x00, 0x00, 0x00, 0x82, 0x42, 0x9a, 0x99, 0x19, 0xbf, 0x9a, 0x99,
    0x49, 0x40, 0x00, 0x00, 0xd0, 0xc0, 0x01, 0x00, 0x00, 0xd2, 0x42, 0x33,
    0x33, 0xd3, 0x40, 0x33, 0x33, 0x33, 0x3f, 0x00, 0x00, 0xc0, 0x91, 0x44,
    0x33, 0x33, 0xc3, 0xc0, 0xc3, 0xf5, 0xe8, 0x3f, 0x00, 0x00, 0x00, 0xb8,
    0x42, 0x33, 0x33, 0xa3, 0xc0, 0xd7, 0xa3, 0xd0, 0x3f, 0x00, 0x00, 0x80,
    0xf6, 0x45, 0x33, 0x33, 0x73, 0x40, 0x8f, 0xc2, 0x05, 0x40, 0x00, 0x00,
    0x40, 0x0e, 0x45, 0x33, 0x33, 0x83, 0x40, 0x8f, 0xc2, 0x35, 0x40, 0x02,
    0x00, 0x40, 0x1c, 0x46, 0x33, 0x33, 0xa3, 0xc0, 0x33, 0x33, 0x33, 0x3f,
    0x00, 0x00, 0x00, 0xd5, 0x43, 0x9a, 0x99, 0x99, 0x3f, 0xec, 0x51, 0xd8,
    0x3f, 0x00, 0x00, 0x00, 0x58, 0x42, 0x66, 0x66, 0xa6, 0x3f, 0x52, 0xb8,
    0x96, 0x40, 0x00, 0x00, 0x00, 0x24, 0x43, 0xcd, 0xcc, 0xcc, 0xbe, 0x33,
    0x33, 0xb3, 0x3f, 0x00, 0x00, 0xc0, 0x48, 0x44, 0x33, 0x33, 0x33, 0xbf,
    0x8f, 0xc2, 0x45, 0x40, 0xcd, 0xcc, 0xbc, 0xc0, 0x01, 0x00, 0x00, 0xd2,
    0x42, 0xcd, 0xcc, 0xbc, 0x40, 0x33, 0x33, 0x33, 0x3f, 0x00, 0x00, 0xc0,
    0xa1, 0x44, 0x33, 0x33, 0x33, 0xc1, 0x8f, 0xc2, 0x95, 0x3f, 0x00, 0x00,
    0x10, 0x18, 0x45, 0x9a, 0x99, 0xd9, 0x40, 0x5c, 0x8f, 0x02, 0x3f, 0x00,
    0x00, 0x78, 0xaa, 0x45, 0x9a, 0x99, 0xe9, 0xc0, 0xd7, 0xa3, 0x88, 0x40,
    0x00, 0x00, 0xd0, 0x1b, 0x46, 0x00, 0x00, 0x00, 0x40, 0x33, 0x33, 0xd3,
    0x3f, 0x02, 0x00, 0x40, 0x1c, 0x46, 0x66, 0x66, 0xc6, 0xc0, 0x33, 0x33,
    0x33, 0x3f, 0x00, 0x00, 0x00, 0x4a, 0x43, 0x9a, 0x99, 0x19, 0xbf, 0x33,
    0x33, 0xf3, 0x3f, 0x00, 0x00, 0x50, 0x3e, 0x45, 0x66, 0x66, 0xe6, 0xbf,
    0xe1, 0x7a, 0x8c, 0x40, 0x00, 0x00, 0xf0, 0x74, 0x45, 0x66, 0x66, 0x06,
    0x40, 0x00, 0x00, 0xc0, 0x40, 0x00, 0x00, 0xc0, 0x0d, 0x45, 0x9a, 0x99,
    0x99, 0x3f, 0xec, 0x51, 0x88, 0x40, 0x00, 0x00, 0xd0, 0xc0, 0x01, 0x00,
    0x00, 0xd2, 0x42, 0x66, 0x66, 0xd6, 0x40, 0x33, 0x33, 0x33, 0x3f, 0x00,
    0x00, 0x30, 0x07, 0x45, 0x9a, 0x99, 0x89, 0x40, 0xe1, 0x7a, 0xd4, 0x3f,
    0x00, 0x00, 0xe0, 0x92, 0x44, 0x33, 0x33, 0xb3, 0xc0, 0x66, 0x66, 0xc6,
    0x3f, 0x00, 0x00, 0x00, 0xa2, 0x42, 0xcd, 0xcc, 0x6c, 0xc0, 0xa4, 0x70,
    0x7d, 0x3f, 0x00, 0x00, 0x30, 0x6b, 0x45, 0x00, 0x00, 0x40, 0x40, 0x8f,
    0xc2, 0x65, 0x40, 0x02, 0x00, 0x40, 0x1c, 0x46, 0x66, 0x66, 0x66, 0xc0,
    0x33, 0x33, 0x33, 0x3f, 0x00, 0x00, 0xf8, 0xae, 0x45, 0xcd, 0xcc, 0x4c,
    0xc0, 0x5c, 0x8f, 0xaa, 0x40, 0x00, 0x00, 0x00, 0x5b, 0x43, 0x00, 0x00,
    0x00, 0xbf, 0x00, 0x00, 0x10, 0x40, 0x00, 0x00, 0x10, 0x87, 0x45, 0x33,
    0x33, 0xb3, 0x3f, 0x52, 0xb8, 0xae, 0x40, 0x00, 0x00, 0x00, 0x24, 0x42,
    0x33, 0x33, 0x33, 0x3f, 0xcd, 0xcc, 0x84, 0x40, 0xcd, 0xcc, 0xbc, 0xc0,
    0x01, 0x00, 0x00, 0xd2, 0x42, 0xcd, 0xcc, 0xbc, 0x40, 0x33, 0x33, 0x33,
    0x3f, 0x00, 0x00, 0x60, 0x9c, 0x44, 0x9a, 0x99, 0xf9, 0xc0, 0x9a, 0x99,
    0xb9, 0x3f, 0x00, 0x00, 0x50, 0x07, 0x45, 0xcd, 0xcc, 0xdc, 0x40, 0xcd,
    0xcc, 0x0c, 0x40, 0x00, 0x00, 0xb0, 0x0b, 0x46, 0xcd, 0xcc, 0x0c, 0x40,
    0x9a, 0x99, 0x39, 0x40, 0x00, 0x00, 0xd0, 0x70, 0x45, 0x9a, 0x99, 0x59,
    0x40, 0x66, 0x66, 0x8e, 0x40, 0x02, 0x00, 0x40, 0x1c, 0x46, 0x9a, 0x99,
    0xa9, 0xc0, 0x33, 0x33, 0x33, 0x3f, 0x00, 0x00, 0x18, 0xae, 0x45, 0xcd,
    0xcc, 0xec, 0xc0, 0xcd, 0xcc, 0x5c, 0x40, 0x00, 0x00, 0x00, 0xb6, 0x42,
    0x66, 0x66, 0x66, 0xbf, 0xcd, 0xcc, 0x5c, 0x40, 0x00, 0x00, 0x60, 0xc9,
    0x45, 0x33, 0x33, 0x83, 0x40, 0x33, 0x33, 0x93, 0x3f, 0x00, 0x00, 0x00,
    0x52, 0x43, 0x33, 0x33, 0x33, 0xbf, 0xec, 0x51, 0x28, 0x40, 0x33, 0x33,
    0xd3, 0xc0, 0x01, 0x00, 0x00, 0xd2, 0x42, 0x33, 0x33, 0xd3, 0x40, 0x33,
    0x33, 0x33, 0x3f, 0x00, 0x00, 0x00, 0x9a, 0x42, 0x00, 0x00, 0x10, 0xc1,
    0xec, 0x51, 0xb8, 0x3f, 0x00, 0x00, 0x40, 0xc9, 0x44, 0x33, 0x33, 0x73,
    0xc0, 0x29, 0x5c, 0xcf, 0x3f, 0x00, 0x00, 0x00, 0xed, 0x43, 0xcd, 0xcc,
    0xcc, 0x3f, 0xb8, 0x1e, 0x85, 0x3f, 0x00, 0x00, 0x00, 0x48, 0x42, 0xcd,
    0xcc, 0x6c, 0x40, 0x71, 0x3d, 0x4a, 0x40, 0x02, 0x00, 0x40, 0x1c, 0x46,
    0xcd, 0xcc, 0xdc, 0xc0, 0x33, 0x33, 0x33, 0x3f, 0x00, 0x00, 0x4c, 0x14,
    0x46, 0x00, 0x00, 0x60, 0x40, 0xa4, 0x70, 0x0d, 0x40, 0x00, 0x00, 0x30,
    0x92, 0x45, 0x9a, 0x99, 0x59, 0x40, 0x00, 0x00, 0x80, 0x40, 0x00, 0x00,
    0x80, 0xbd, 0x45, 0x33, 0x33, 0x33, 0xc0, 0x66, 0x66, 0xbe, 0x40, 0x00,
    0x00, 0x40, 0xe8, 0x45, 0x66, 0x66, 0x06, 0x40, 0xe1, 0x7a, 0xa4, 0x40,
    0x33, 0x33, 0xb3, 0xc0, 0x01, 0x00, 0x00, 0xd2, 0x42, 0x33, 0x33, 0xb3,
    0x40, 0x33, 0x33, 0x33, 0x3f, 0x00, 0x00, 0xc0, 0xe2, 0x44, 0x9a, 0x99,
    0x99, 0xc0, 0x8f, 0xc2, 0xb5, 0x3f, 0x00, 0x00, 0x28, 0x8b, 0x45, 0x66,
    0x66, 0x66, 0x40, 0xc3, 0xf5, 0xa8, 0x3f, 0x00, 0x00, 0x10, 0xb8, 0x45,
    0x33, 0x33, 0x93, 0xc0, 0x14, 0xae, 0xb7, 0x40, 0x00, 0x00, 0x00, 0xc6,
    0x43, 0x00, 0x00, 0x80, 0x3f, 0xae, 0x47, 0x01, 0x40, 0x02, 0x00, 0x40,
    0x1c, 0x46, 0x66, 0x66, 0x96, 0xc0, 0x33, 0x33, 0x33, 0x3f, 0x00, 0x00,
    0x00, 0x5f, 0x43, 0x9a, 0x99, 0x19, 0xbf, 0x33, 0x33, 0x73, 0x40, 0x00,
    0x00, 0x00, 0x22, 0x44, 0x9a, 0x99, 0x99, 0x3e, 0xc3, 0xf5, 0x28, 0x40,
    0x00, 0x00, 0x80, 0x89, 0x43, 0xcd, 0xcc, 0xcc, 0x3e, 0x71, 0x3d, 0x7a,
    0x40, 0x00, 0x00, 0x80, 0x89, 0x44, 0x00, 0x00, 0x00, 0xbf, 0x0a, 0xd7,
    0xb3, 0x40, 0x9a, 0x99, 0xc9, 0xc0, 0x01, 0x00, 0x00, 0xd2, 0x42, 0x00,
    0x00, 0xf0, 0x40, 0x33, 0x33, 0x33, 0x3f, 0x00, 0x00, 0x80, 0x9a, 0x44,
    0x33, 0x33, 0x83, 0xc0, 0xf6, 0x28, 0x9c, 0x3f, 0x00, 0x00, 0xd8, 0xdf,
    0x45, 0xcd, 0xcc, 0xac, 0x40, 0xcd, 0xcc, 0x0c, 0x40, 0x00, 0x00, 0xe8,
    0x80, 0x45, 0x9a, 0x99, 0x39, 0x40, 0x29, 0x5c, 0x87, 0x40, 0x00, 0x00,
    0x00, 0x5c, 0x42, 0x9a, 0x99, 0x19, 0xc0, 0xf6, 0x28, 0xdc, 0x3e, 0x02,
    0x00, 0x40, 0x1c, 0x46, 0x00, 0x00, 0xc0, 0xc0, 0x33, 0x33, 0x33, 0x3f,
    0x00, 0x00, 0x00, 0x69, 0x43, 0x00, 0x00, 0x00, 0xbf, 0x85, 0xeb, 0x21,
    0x40, 0x00, 0x00, 0x40, 0x0a, 0x44, 0x9a, 0x99, 0x99, 0x3e, 0x8f, 0xc2,
    0xb5, 0x3f, 0x00, 0x00, 0x80, 0xce, 0x45, 0x33, 0x33, 0xf3, 0x3f, 0x33,
    0x33, 0xbb, 0x40, 0x00, 0x00, 0x70, 0xaa, 0x45, 0xcd, 0xcc, 0x8c, 0xbf,
    0x00, 0x00, 0xc0, 0x40, 0x9a, 0x99, 0xc9, 0xc0, 0x01, 0x00, 0x00, 0xd2,
    0x42, 0x66, 0x66, 0xb6, 0x40, 0x33, 0x33, 0x33, 0x3f, 0x00, 0x00, 0x20,
    0x87, 0x44, 0xcd, 0xcc, 0xbc, 0xc0, 0x52, 0xb8, 0xfe, 0x3f, 0x00, 0x00,
    0xb0, 0x28, 0x45, 0x00, 0x00, 0x20, 0x40, 0xf6, 0x28, 0xbc, 0x3f, 0x00,
    0x00, 0x00, 0x49, 0x43, 0x66, 0x66, 0x66, 0xbf, 0xec, 0x51, 0xd8, 0x3f,
    0x00, 0x00, 0xc8, 0xa5, 0x45, 0x66, 0x66, 0x06, 0x40, 0x00, 0x00, 0xc0,
    0x40, 0x02, 0x00, 0x40, 0x1c, 0x46, 0x66, 0x66, 0x86, 0xc0, 0x33, 0x33,
    0x33, 0x3f, 0x00, 0x00, 0x28, 0xf9, 0x45, 0x9a, 0x99, 0x19, 0x40, 0x8f,
    0xc2, 0xf5, 0x3f, 0x00, 0x00, 0x00, 0x8e, 0x42, 0x9a, 0x99, 0xd9, 0xbf,
    0x52, 0xb8, 0x6e, 0x40, 0x00, 0x00, 0x30, 0xc6, 0x45, 0x66, 0x66, 0xe6,
    0xbf, 0x00, 0x00, 0xc0, 0x40, 0x00, 0x00, 0x00, 0x34, 0x42, 0x00, 0x00,
    0x80, 0x3f, 0x52, 0xb8, 0x8e, 0x40, 0x00, 0x00, 0xa0, 0xc0, 0x01, 0x00,
    0x00, 0xd2, 0x42, 0x9a, 0x99, 0x99, 0xbf, 0x33, 0x33, 0x33, 0x3f, 0x00,
    0x00, 0x00, 0x03, 0x43, 0x66, 0x66, 0x06, 0xc1, 0x0a, 0xd7, 0x83, 0x3f,
    0x00, 0x00, 0xa0, 0xa7, 0x44, 0x66, 0x66, 0x66, 0x40, 0xa4, 0x70, 0x7d,
    0x3f, 0x00, 0x00, 0x00, 0x54, 0x42, 0x9a, 0x99, 0x19, 0x40, 0x14, 0xae,
    0x27, 0x40, 0x00, 0x00, 0xd0, 0x71, 0x45, 0x33, 0x33, 0x93, 0x40, 0xc3,
    0xf5, 0x80, 0x40, 0x02, 0x00, 0x40, 0x1c, 0x46, 0xcd, 0xcc, 0x4c, 0x3f,
    0x33, 0x33, 0x33, 0x3f, 0x00, 0x00, 0x80, 0xba, 0x43, 0x33, 0x33, 0x13,
    0x40, 0x3d, 0x0a, 0x17, 0x40, 0x00, 0x00, 0x00, 0x6c, 0x43, 0x00, 0x00,
    0xc0, 0xbf, 0xa4, 0x70, 0x2d, 0x40, 0x00, 0x00, 0x20, 0xc3, 0x45, 0x00,
    0x00, 0x20, 0x40, 0x71, 0x3d, 0xaa, 0x40, 0x00, 0x00, 0xd0, 0x2a, 0x45,
    0x66, 0x66, 0xa6, 0xbf, 0x66, 0x66, 0x66, 0x40, 0x00, 0x00, 0x90, 0xc0,
    0x01, 0x00, 0x00, 0xd2, 0x42, 0xcd, 0xcc, 0x8c, 0x3f, 0x33, 0x33, 0x33,
    0x3f, 0x00, 0x00, 0x00, 0xe0, 0x42, 0xcd, 0xcc, 0xac, 0xc0, 0x29, 0x5c,
    0x0f, 0x3f, 0x00, 0x00, 0x00, 0x3c, 0x42, 0x9a, 0x99, 0x89, 0x40, 0xec,
    0x51, 0x98, 0x3f, 0x00, 0x00, 0x80, 0xc8, 0x43, 0xcd, 0xcc, 0x4c, 0x40,
    0xb8, 0x1e, 0xe5, 0x3f, 0x00, 0x00, 0x90, 0x74, 0x45, 0x33, 0x33, 0x93,
    0x40, 0xcd, 0xcc, 0x84, 0x40, 0x02, 0x00, 0x40, 0x1c, 0x46, 0xcd, 0xcc,
    0xcc, 0xbd, 0x33, 0x33, 0x33, 0x3f, 0x00, 0x00, 0xa0, 0xce, 0x44, 0xcd,
    0xcc, 0x0c, 0x40, 0x14, 0xae, 0xe7, 0x3f, 0x00, 0x00, 0x80, 0x2a, 0x45,
    0xcd, 0xcc, 0xcc, 0xbf, 0xd7, 0xa3, 0x30, 0x40, 0x00, 0x00, 0x00, 0x75,
    0x44, 0xcd, 0xcc, 0xcc, 0xbf, 0xae, 0x47, 0x21, 0x40, 0x00, 0x00, 0xa8,
    0xc3, 0x45, 0x00, 0x00, 0x00, 0x40, 0x00, 0x00, 0xc0, 0x40, 0xcd, 0xcc,
    0xbc, 0xc0, 0x01, 0x00, 0x00, 0xd2, 0x42, 0x33, 0x33, 0x83, 0xc0, 0x33,
    0x33, 0x33, 0x3f, 0x00, 0x00, 0x00, 0x06, 0x43, 0x9a, 0x99, 0xb9, 0xc0,
    0x66, 0x66, 0x66, 0x3f, 0x00, 0x00, 0x00, 0x60, 0x42, 0xcd, 0xcc, 0x8c,
    0x40, 0x00, 0x00, 0xc0, 0x3f, 0x00, 0x00, 0x90, 0x79, 0x45, 0x9a, 0x99,
    0xb9, 0x40, 0x29, 0x5c, 0x4f, 0x40, 0x00, 0x00, 0x80, 0xaa, 0x43, 0x66,
    0x66, 0x26, 0x40, 0xe1, 0x7a, 0x14, 0x40, 0x02, 0x00, 0x40, 0x1c, 0x46,
    0x33, 0x33, 0xf3, 0xbf, 0x33, 0x33, 0x33, 0x3f, 0x00, 0x00, 0x28, 0xca,
    0x45, 0xcd, 0xcc, 0x6c, 0x40, 0x1f, 0x85, 0xa3, 0x40, 0x00, 0x00, 0x00,
    0x0f, 0x46, 0xcd, 0xcc, 0x2c, 0x40, 0xb8, 0x1e, 0x25, 0x40, 0x00, 0x00,
    0x80, 0xbf, 0x44, 0x00, 0x00, 0x00, 0x40, 0x5c, 0x8f, 0x32, 0x40, 0x00,
    0x00, 0x00, 0x4e, 0x44, 0x33, 0x33, 0xb3, 0xbf, 0xd7, 0xa3, 0xf0, 0x3f,
    0x9a, 0x99, 0xc9, 0xc0, 0x01, 0x00, 0x00, 0xd2, 0x42, 0x9a, 0x99, 0x79,
    0x40, 0x33, 0x33, 0x33, 0x3f, 0x00, 0x00, 0x00, 0xf6, 0x42, 0x33, 0x33,
    0xc3, 0xc0, 0x0a, 0xd7, 0x83, 0x3f, 0x00, 0x00, 0x30, 0xee, 0x45, 0x66,
    0x66, 0xb6, 0x40, 0xcd, 0xcc, 0xac, 0x3f, 0x00, 0x00, 0x40, 0x71, 0x44,
    0x66, 0x66, 0x26, 0xc0, 0x8f, 0xc2, 0x95, 0x3f, 0x00, 0x00, 0x68, 0x80,
    0x45, 0x9a, 0x99, 0xa9, 0x40, 0xae, 0x47, 0x31, 0x40, 0x02, 0x00, 0x40,
    0x1c, 0x46, 0x66, 0x66, 0x66, 0xbf, 0x33, 0x33, 0x33, 0x3f, 0x00, 0x00,
    0x00, 0xa1, 0x43, 0x00, 0x00, 0x40, 0x40, 0xf6, 0x28, 0x1c, 0x40, 0x00,
    0x00, 0x00, 0x49, 0x43, 0x00, 0x00, 0xc0, 0xbf, 0x9a, 0x99, 0x39, 0x40,
    0x00, 0x00, 0x00, 0x30, 0x42, 0xcd, 0xcc, 0x4c, 0xbf, 0x48, 0xe1, 0x2a,
    0x40, 0x00, 0x00, 0xc0, 0x05, 0x44, 0xcd, 0xcc, 0x8c, 0xbf, 0x52, 0xb8,
    0x0e, 0x40, 0x66, 0x66, 0xd6, 0xc0, 0x01, 0x00, 0x00, 0xd2, 0x42, 0xcd,
    0xcc, 0xbc, 0x40, 0x33, 0x33, 0x33, 0x3f, 0x00, 0x00, 0x00, 0xa4, 0x43,
    0x9a, 0x99, 0x89, 0xc0, 0x00, 0x00, 0xa0, 0x3f, 0x00, 0x00, 0x00, 0xd8,
    0x42, 0x33, 0x33, 0x33, 0x40, 0xd7, 0xa3, 0xb0, 0x3f, 0x00, 0x00, 0x00,
    0x63, 0x44, 0x66, 0x66, 0xa6, 0xbf, 0xf6, 0x28, 0x1c, 0x40, 0x00, 0x00,
    0x80, 0xe9, 0x43, 0xcd, 0xcc, 0x8c, 0xbf, 0x3d, 0x0a, 0x07, 0x40, 0x02,
    0x00, 0x40, 0x1c, 0x46, 0x9a, 0x99, 0x99, 0x40, 0x33, 0x33, 0x33, 0x3f,
    0x00, 0x00, 0x14, 0x18, 0x46, 0x33, 0x33, 0x73, 0x40, 0x8f, 0xc2, 0x35,
    0x3f, 0x00, 0x00, 0xd0, 0x94, 0x45, 0x9a, 0x99, 0xc9, 0xc0, 0x00, 0x00,
    0xc0, 0x40, 0x00, 0x00, 0x60, 0xc7, 0x44, 0x66, 0x66, 0xa6, 0xbf, 0x9a,
    0x99, 0x81, 0x40, 0x00, 0x00, 0x10, 0x3b, 0x45, 0x33, 0x33, 0x33, 0xc0,
    0x00, 0x00, 0xc0, 0x40, 0x33, 0x33, 0xc3, 0xc0, 0x01, 0x00, 0x00, 0xd2,
    0x42, 0x66, 0x66, 0x06, 0x41, 0x33, 0x33, 0x33, 0x3f, 0x00, 0x00, 0xa0,
    0xdb, 0x45, 0x9a, 0x99, 0xd9, 0xc0, 0x7b, 0x14, 0x8e, 0x3f, 0x00, 0x00,
    0xb0, 0x68, 0x45, 0x33, 0x33, 0xe3, 0x40, 0xcd, 0xcc, 0x2c, 0x40, 0x00,
    0x00, 0x00, 0xba, 0x42, 0x9a, 0x99, 0x79, 0x40, 0x8f, 0xc2, 0xb5, 0x3f,
    0x00, 0x00, 0x00, 0x50, 0x42, 0x9a, 0x99, 0x11, 0xc1, 0x14, 0xae, 0x47,
    0x3f, 0x02, 0x00, 0x40, 0x1c, 0x46, 0x66, 0x66, 0x26, 0xc0, 0x33, 0x33,
    0x33, 0x3f, 0x00, 0x00, 0x20, 0xfa, 0x44, 0x66, 0x66, 0x06, 0xc0, 0xc3,
    0xf5, 0x68, 0x40, 0x00, 0x00, 0x80, 0x07, 0x44, 0x66, 0x66, 0x26, 0x40,
    0xd7, 0xa3, 0x88, 0x40, 0x00, 0x00, 0xd8, 0xef, 0x45, 0x66, 0x66, 0x06,
    0x40, 0x9a, 0x99, 0x81, 0x40, 0x00, 0x00, 0x58, 0xce, 0x45, 0x00, 0x00,
    0xc0, 0xbf, 0x00, 0x00, 0xc0, 0x40, 0xcd, 0xcc, 0x6c, 0xc0, 0x01, 0x00,
    0x00, 0xd2, 0x42, 0x66, 0x66, 0x06, 0x40, 0x33, 0x33, 0x33, 0x3f, 0x00,
    0x00, 0x00, 0xfd, 0x44, 0x9a, 0x99, 0x79, 0xc0, 0x00, 0x00, 0x60, 0x40,
    0x00, 0x00, 0x00, 0x50, 0x42, 0x66, 0x66, 0xa6, 0xc0, 0x7b, 0x14, 0x8e,
    0x3f, 0x00, 0x00, 0x00, 0x10, 0x43, 0x9a, 0x99, 0x89, 0xc0, 0x52, 0xb8,
    0x8e, 0x40, 0x00, 0x00, 0x00, 0xd0, 0x42, 0x9a, 0x99, 0x39, 0x40, 0x48,
    0xe1, 0x7a, 0x40, 0x02, 0x00, 0x40, 0x1c, 0x46, 0x33, 0x33, 0x33, 0xc0,
    0x33, 0x33, 0x33, 0x3f, 0x00, 0x00, 0xf0, 0xc1, 0x45, 0x66, 0x66, 0x0e,
    0xc1, 0x3d, 0x0a, 0xa7, 0x40, 0x00, 0x00, 0xd0, 0xa7, 0x45, 0xcd, 0xcc,
    0x6c, 0x40, 0x85, 0xeb, 0xb1, 0x3f, 0x00, 0x00, 0x00, 0x05, 0x44, 0xcd,
    0xcc, 0x6c, 0x40, 0xc3, 0xf5, 0x98, 0x40, 0x00, 0x00, 0x00, 0x60, 0x43,
    0x9a, 0x99, 0x19, 0x40, 0x52, 0xb8, 0x9e, 0x40, 0xcd, 0xcc, 0xcc, 0xc0,
    0x01, 0x00, 0x00, 0xd2, 0x42, 0x9a, 0x99, 0xe9, 0x40, 0x33, 0x33, 0x33,
    0x3f, 0x00, 0x00, 0x20, 0x91, 0x44, 0x9a, 0x99, 0x59, 0xc0, 0xe1, 0x7a,
    0xd4, 0x3f, 0x00, 0x00, 0x00, 0x70, 0x42, 0xcd, 0xcc, 0xec, 0xc0, 0xd7,
    0xa3, 0x90, 0x3f, 0x00, 0x00, 0xe8, 0xb4, 0x45, 0x66, 0x66, 0x6e, 0xc1,
    0x8f, 0xc2, 0xa5, 0x40, 0x00, 0x00, 0x78, 0xae, 0x45, 0x66, 0x66, 0xb6,
    0x40, 0x14, 0xae, 0x87, 0x3f, 0x02, 0x00, 0x40, 0x1c, 0x46, 0x33, 0x33,
    0x33, 0xc0, 0x33, 0x33, 0x33, 0x3f, 0x00, 0x00, 0x00, 0x59, 0x43, 0x00,
    0x00, 0xc0, 0x3f, 0xc3, 0xf5, 0x18, 0x40, 0x00, 0x00, 0x00, 0x00, 0x43,
    0x00, 0x00, 0x00, 0xc0, 0x1f, 0x85, 0x83, 0x40, 0x00, 0x00, 0x00, 0x02,
    0x44, 0x9a, 0x99, 0xd9, 0x3f, 0x00, 0x00, 0xc0, 0x40, 0x00, 0x00, 0x00,
    0x20, 0x45, 0x00, 0x00, 0x80, 0xbf, 0x8f, 0xc2, 0x8d, 0x40, 0xcd, 0xcc,
    0x8c, 0xc0, 0x01, 0x00, 0x00, 0xd2, 0x42, 0x00, 0x00, 0x68, 0x41, 0x33,
    0x33, 0x33, 0x3f, 0x00, 0x00, 0x00, 0x94, 0x42, 0x9a, 0x99, 0x9d, 0xc1,
    0xb8, 0x1e, 0x85, 0x3e, 0x00, 0x00, 0x50, 0xb3, 0x45, 0x33, 0x33, 0x97,
    0xc1, 0xec, 0x51, 0x28, 0x40, 0x00, 0x00, 0x18, 0x99, 0x45, 0x9a, 0x99,
    0x39, 0x41, 0x1f, 0x85, 0xcb, 0x3f, 0x00, 0x00, 0x00, 0x5c, 0x43, 0x00,
    0x00, 0x50, 0x41, 0x00, 0x00, 0x00, 0x3f, 0x02, 0x00, 0x40, 0x1c, 0x46,
    0x66, 0x66, 0x96, 0xc0, 0x33, 0x33, 0x33, 0x3f, 0x00, 0x00, 0x00, 0x63,
    0x44, 0xcd, 0xcc, 0x4c, 0xbf, 0x14, 0xae, 0x17, 0x40, 0x00, 0x00, 0x80,
    0xff, 0x43, 0x9a, 0x99, 0x19, 0x40, 0x14, 0xae, 0xbf, 0x40, 0x00, 0x00,
    0x00, 0xc5, 0x43, 0x00, 0x00, 0x00, 0xbf, 0x8f, 0xc2, 0x05, 0x40, 0x00,
    0x00, 0x20, 0x24, 0x45, 0x00, 0x00, 0x00, 0xbf, 0x66, 0x66, 0x66, 0x40,
    0x33, 0x33, 0xc3, 0xc0, 0x01, 0x00, 0x00, 0xd2, 0x42, 0x66, 0x66, 0xc6,
    0x40, 0x33, 0x33, 0x33, 0x3f, 0x00, 0x00, 0x00, 0xa8, 0x42, 0x00, 0x00,
    0x90, 0xc0, 0x1f, 0x85, 0x6b, 0x3f, 0x00, 0x00, 0x08, 0x8d, 0x45, 0xcd,
    0xcc, 0x9c, 0x40, 0x71, 0x3d, 0x0a, 0x40, 0x00, 0x00, 0x08, 0xb1, 0x45,
    0x00, 0x00, 0x08, 0xc1, 0xd7, 0xa3, 0x80, 0x40, 0x00, 0x00, 0x00, 0x24,
    0x42, 0x33, 0x33, 0xb3, 0x3f, 0xc3, 0xf5, 0xc8, 0x3f, 0x02, 0x00, 0x40,
    0x1c, 0x46, 0x9a, 0x99, 0x99, 0xbe, 0x33, 0x33, 0x33, 0x3f, 0x00, 0x00,
    0x40, 0x0f, 0x44, 0x9a, 0x99, 0x99, 0x3f, 0xa4, 0x70, 0xfd, 0x3f, 0x00,
    0x00, 0x20, 0xb1, 0x44, 0x00, 0x00, 0xc0, 0x3f, 0x71, 0x3d, 0x1a, 0x40,
    0x00, 0x00, 0x20, 0x04, 0x45, 0x66, 0x66, 0x66, 0xbf, 0x1f, 0x85, 0x2b,
    0x40, 0x00, 0x00, 0x48, 0xf2, 0x45, 0x9a, 0x99, 0x99, 0xbf, 0xcd, 0xcc,
    0x8c, 0x40, 0x9a, 0x99, 0xc9, 0xc0, 0x01, 0x00, 0x00, 0xd2, 0x42, 0xcd,
    0xcc, 0xcc, 0x40, 0x33, 0x33, 0x33, 0x3f, 0x00, 0x00, 0x80, 0xf7, 0x43,
    0xcd, 0xcc, 0x6c, 0x40, 0xc3, 0xf5, 0x88, 0x3f, 0x00, 0x00, 0xb0, 0x0e,
    0x45, 0x00, 0x00, 0x60, 0xc0, 0x1f, 0x85, 0x1b, 0x40, 0x00, 0x00, 0x00,
    0xb2, 0x42, 0x33, 0x33, 0x73, 0xc0, 0x1f, 0x85, 0xcb, 0x3f, 0x00, 0x00,
    0xb0, 0xba, 0x45, 0x33, 0x33, 0xf3, 0xc0, 0xc3, 0xf5, 0x48, 0x40, 0x02,
    0x00, 0x40, 0x1c, 0x46, 0x33, 0x33, 0xa3, 0xc0, 0x33, 0x33, 0x33, 0x3f,
    0x00, 0x00, 0xe0, 0x7f, 0x45, 0x66, 0x66, 0x86, 0x40, 0xa4, 0x70, 0x8d,
    0x40, 0x00, 0x00, 0x20, 0x42, 0x45, 0x9a, 0x99, 0x99, 0xbf, 0xa4, 0x70,
    0x5d, 0x40, 0x00, 0x00, 0xac, 0x00, 0x46, 0x00, 0x00, 0x80, 0xbf, 0x9a,
    0x99, 0x81, 0x40, 0x00, 0x00, 0xc0, 0x80, 0x44, 0xcd, 0xcc, 0x4c, 0xbf,
    0x71, 0x3d, 0x6a, 0x40, 0x9a, 0x99, 0xb9, 0xc0, 0x01, 0x00, 0x00, 0xd2,
    0x42, 0x9a, 0x99, 0xb9, 0x40, 0x33, 0x33, 0x33, 0x3f, 0x00, 0x00, 0x00,
    0xf8, 0x43, 0x9a, 0x99, 0x19, 0x40, 0x66, 0x66, 0x86, 0x3f, 0x00, 0x00,
    0x20, 0x8a, 0x44, 0x66, 0x66, 0xe6, 0xbf, 0x85, 0xeb, 0x11, 0x3f, 0x00,
    0x00, 0x50, 0xa2, 0x45, 0x33, 0x33, 0xc3, 0xc0, 0x0a, 0xd7, 0x83, 0x40,
    0x00, 0x00, 0x00, 0x2e, 0x43, 0x00, 0x00, 0x80, 0x3f, 0x7b, 0x14, 0x8e,
    0x3f, 0x02, 0x00, 0x40, 0x1c, 0x46, 0xcd, 0xcc, 0x4c, 0xc0, 0x33, 0x33,
    0x33, 0x3f, 0x00, 0x00, 0x70, 0xf2, 0x45, 0x33, 0x33, 0x13, 0xc0, 0x1f,
    0x85, 0x6b, 0x40, 0x00, 0x00, 0x20, 0x6f, 0x45, 0xcd, 0xcc, 0x4c, 0x40,
    0x7b, 0x14, 0xbe, 0x40, 0x00, 0x00, 0xa0, 0x19, 0x45, 0x33, 0x33, 0xb3,
    0xbf, 0xa4, 0x70, 0x5d, 0x40, 0x00, 0x00, 0x00, 0x82, 0x42, 0x00, 0x00,
    0x00, 0xbf, 0xcd, 0xcc, 0x0c, 0x40, 0x00, 0x00, 0xa0, 0xc0, 0x01, 0x00,
    0x00, 0xd2, 0x42, 0x00, 0x00, 0xa0, 0x40, 0x33, 0x33, 0x33, 0x3f, 0x00,
    0x00, 0x00, 0xdf, 0x43, 0x33, 0x33, 0x53, 0x40, 0x14, 0xae, 0xa7, 0x3f,
    0x00, 0x00, 0x80, 0x9b, 0x45, 0x9a, 0x99, 0xd9, 0xc0, 0xe1, 0x7a, 0xb4,
    0x40, 0x00, 0x00, 0xb0, 0x0f, 0x45, 0x00, 0x00, 0x40, 0xc0, 0x14, 0xae,
    0x37, 0x40, 0x00, 0x00, 0xf8, 0xde, 0x45, 0xcd, 0xcc, 0x6c, 0xc0, 0xcd,
    0xcc, 0xcc, 0x3f, 0x02, 0x00, 0x40, 0x1c, 0x46, 0x66, 0x66, 0xc6, 0xc0,
    0x33, 0x33, 0x33, 0x3f, 0x00, 0x00, 0xec, 0x0d, 0x46, 0xcd, 0xcc, 0x0c,
    0x40, 0x33, 0x33, 0x03, 0x40, 0x00, 0x00, 0x80, 0x80, 0x44, 0x9a, 0x99,
    0x99, 0xbf, 0x52, 0xb8, 0x4e, 0x40, 0x00, 0x00, 0x00, 0x64, 0x42, 0x33,
    0x33, 0xb3, 0xbf, 0xec, 0x51, 0x48, 0x40, 0x00, 0x00, 0xc0, 0x69, 0x45,
    0x33, 0x33, 0x13, 0x40, 0x00, 0x00, 0xc0, 0x40, 0x9a, 0x99, 0xc9, 0xc0,
    0x01, 0x00, 0x00, 0xd2, 0x42, 0x33, 0x33, 0x0b, 0x41, 0x33, 0x33, 0x33,
    0x3f, 0x00, 0x00, 0x00, 0x80, 0x42, 0x66, 0x66, 0x26, 0xc1, 0x7b, 0x14,
    0x2e, 0x3f, 0x00, 0x00, 0x80, 0x61, 0x44, 0x9a, 0x99, 0xd9, 0x3f, 0x14,
    0xae, 0x07, 0x3f, 0x00, 0x00, 0xe0, 0xb0, 0x45, 0x00, 0x00, 0x00, 0xc1,
    0xec, 0x51, 0x98, 0x40, 0x00, 0x00, 0xf8, 0x8c, 0x45, 0xcd, 0xcc, 0x4c,
    0x40, 0x48, 0xe1, 0x5a, 0x40, 0x02, 0x00, 0x40, 0x1c, 0x46, 0x33, 0x33,
    0x83, 0xc0, 0x33, 0x33, 0x33, 0x3f, 0x00, 0x00, 0x10, 0x23, 0x45, 0x9a,
    0x99, 0xd9, 0xbf, 0x52, 0xb8, 0x2e, 0x40, 0x00, 0x00, 0x00, 0xbb, 0x44,
    0x33, 0x33, 0xb3, 0x3f, 0xb8, 0x1e, 0x35, 0x40, 0x00, 0x00, 0x40, 0x62,
    0x45, 0x33, 0x33, 0xf3, 0x3f, 0x00, 0x00, 0xc0, 0x40, 0x00, 0x00, 0x40,
    0x57, 0x44, 0x9a, 0x99, 0x19, 0xbf, 0x85, 0xeb, 0x01, 0x40, 0x00, 0x00,
    0xd0, 0xc0, 0x01, 0x00, 0x00, 0xd2, 0x42, 0xcd, 0xcc, 0xdc, 0x40, 0x33,
    0x33, 0x33, 0x3f, 0x00, 0x00, 0x00, 0x02, 0x44, 0x00, 0x00, 0x80, 0x40,
    0x66, 0x66, 0x86, 0x3f, 0x00, 0x00, 0x00, 0x98, 0x42, 0x33, 0x33, 0xb3,
    0xc0, 0xae, 0x47, 0x81, 0x3f, 0x00, 0x00, 0x80, 0x1b, 0x45, 0x00, 0x00,
    0x60, 0xc0, 0xc3, 0xf5, 0x48, 0x40, 0x00, 0x00, 0x00, 0xb2, 0x45, 0x33,
    0x33, 0x03, 0xc1, 0x52, 0xb8, 0x6e, 0x40, 0x02, 0x00, 0x40, 0x1c, 0x46,
    0xcd, 0xcc, 0xdc, 0xc0, 0x33, 0x33, 0x33, 0x3f, 0x00, 0x00, 0x20, 0x83,
    0x45, 0x66, 0x66, 0x06, 0x40, 0x66, 0x66, 0x8e, 0x40, 0x00, 0x00, 0x10,
    0xe2, 0x45, 0x9a, 0x99, 0x99, 0xbf, 0x85, 0xeb, 0xb1, 0x40, 0x00, 0x00,
    0x38, 0xc4, 0x45, 0xcd, 0xcc, 0xcc, 0x3f, 0x00, 0x00, 0xc0, 0x40, 0x00,
    0x00, 0x00, 0x14, 0x42, 0x66, 0x66, 0x66, 0x3f, 0x9a, 0x99, 0x99, 0x40,
    0x66, 0x66, 0xd6, 0xc0, 0x01, 0x00, 0x00, 0xd2, 0x42, 0x66, 0x66, 0x06,
    0x41, 0x33, 0x33, 0x33, 0x3f, 0x00, 0x00, 0x40, 0x71, 0x44, 0x00, 0x00,
    0xc0, 0x40, 0xae, 0x47, 0xe1, 0x3e, 0x00, 0x00, 0x00, 0x94, 0x42, 0xcd,
    0xcc, 0x04, 0xc1, 0x9a, 0x99, 0x19, 0x3f, 0x00, 0x00, 0x10, 0x28, 0x45,
    0x00, 0x00, 0xd0, 0xc0, 0x9a, 0x99, 0x99, 0x3f, 0x00, 0x00, 0x88, 0xb1,
    0x45, 0x66, 0x66, 0x3e, 0xc1, 0x3d, 0x0a, 0x97, 0x40, 0x02, 0x00, 0x40,
    0x1c, 0x46, 0x00, 0x00, 0xb0, 0xc0, 0x33, 0x33, 0x33, 0x3f, 0x00, 0x00,
    0xa0, 0xa9, 0x44, 0x00, 0x00, 0x80, 0x3f, 0x85, 0xeb, 0x81, 0x40, 0x00,
    0x00, 0xc0, 0x66, 0x44, 0x9a, 0x99, 0x19, 0xbf, 0xae, 0x47, 0x21, 0x40,
    0x00, 0x00, 0x50, 0x95, 0x45, 0x33, 0x33, 0xb3, 0x3f, 0x00, 0x00, 0xc0,
    0x40, 0x00, 0x00, 0x00, 0xf0, 0x41, 0x33, 0x33, 0x33, 0x3f, 0x66, 0x66,
    0x9e, 0x40, 0x00, 0x00, 0x60, 0xc0, 0x01, 0x00, 0x00, 0xd2, 0x42, 0xcd,
    0xcc, 0x6c, 0x40, 0x33, 0x33, 0x33, 0x3f, 0x00, 0x00, 0x00, 0x69, 0x43,
    0x00, 0x00, 0x40, 0xc0, 0x85, 0xeb, 0xd1, 0x3e, 0x00, 0x00, 0xe8, 0xfd,
    0x45, 0xcd, 0xcc, 0x6c, 0x40, 0xa4, 0x70, 0x7d, 0x3f, 0x00, 0x00, 0x60,
    0xeb, 0x44, 0x66, 0x66, 0x66, 0x40, 0x29, 0x5c, 0x0f, 0x40, 0x00, 0x00,
    0x40, 0x7f, 0x44, 0x9a, 0x99, 0x19, 0xbf, 0x5c, 0x8f, 0xe2, 0x3f, 0x02,
    0x00, 0x40, 0x1c, 0x46, 0x66, 0x66, 0x26, 0xc0, 0x33, 0x33, 0x33, 0x3f,
    0x00, 0x00, 0x50, 0x43, 0x45, 0x9a, 0x99, 0x99, 0xbf, 0xb8, 0x1e, 0x35,
    0x40, 0x00, 0x00, 0x10, 0xaf, 0x45, 0x33, 0x33, 0xb3, 0x3f, 0x14, 0xae,
    0xb7, 0x40, 0x00, 0x00, 0x10, 0x10, 0x45, 0xcd, 0xcc, 0x4c, 0x3f, 0x48,
    0xe1, 0x92, 0x40, 0x00, 0x00, 0x00, 0x09, 0x43, 0xcd, 0xcc, 0x4c, 0x3e,
    0xe1, 0x7a, 0x04, 0x40, 0x33, 0x33, 0xb3, 0xc0, 0x01, 0x00, 0x00, 0xd2,
    0x42, 0x9a, 0x99, 0xd9, 0x40, 0x33, 0x33, 0x33, 0x3f, 0x00, 0x00, 0xf0,
    0x79, 0x45, 0xcd, 0xcc, 0x8c, 0x40, 0xe1, 0x7a, 0xf4, 0x3f, 0x00, 0x00,
    0x00, 0xd2, 0x42, 0xcd, 0xcc, 0x8c, 0xc0, 0xc3, 0xf5, 0xa8, 0x3e, 0x00,
    0x00, 0x40, 0x48, 0x44, 0xcd, 0xcc, 0x8c, 0xbf, 0x14, 0xae, 0xa7, 0x3f,
    0x00, 0x00, 0x00, 0xf7, 0x44, 0x33, 0x33, 0x73, 0x40, 0x0a, 0xd7, 0xc3,
    0x3f, 0x02, 0x00, 0x40, 0x1c, 0x46, 0x00, 0x00, 0x00, 0xc1, 0x33, 0x33,
    0x33, 0x3f, 0x00, 0x00, 0x00, 0x6c, 0x42, 0x33, 0x33, 0xf3, 0xbf, 0x14,
    0xae, 0x37, 0x40, 0x00, 0x00, 0x00, 0x28, 0x42, 0x9a, 0x99, 0x99, 0x3f,
    0x14, 0xae, 0x37, 0x40, 0x00, 0x00, 0xc8, 0xa3, 0x45, 0x33, 0x33, 0x13,
    0x40, 0x52, 0xb8, 0xa6, 0x40, 0x00, 0x00, 0x00, 0x3c, 0x42, 0xcd, 0xcc,
    0xcc, 0x3e, 0xcd, 0xcc, 0xec, 0x3f, 0x9a, 0x99, 0x89, 0xc0, 0x01, 0x00,
    0x00, 0xd2, 0x42, 0x9a, 0x99, 0x19, 0x3f, 0x33, 0x33, 0x33, 0x3f, 0x00,
    0x00, 0x10, 0x2c, 0x45, 0xcd, 0xcc, 0xbc, 0xc0, 0xd7, 0xa3, 0x30, 0x3f,
    0x00, 0x00, 0x58, 0x82, 0x45, 0x66, 0x66, 0x06, 0x41, 0x66, 0x66, 0x86,
    0x3f, 0x00, 0x00, 0x00, 0xe6, 0x42, 0xcd, 0xcc, 0xdc, 0xc0, 0x85, 0xeb,
    0xb1, 0x3f, 0x00, 0x00, 0x00, 0xda, 0x42, 0x66, 0x66, 0x46, 0x40, 0xa4,
    0x70, 0xbd, 0x3e, 0x02, 0x00, 0x40, 0x1c, 0x46, 0x9a, 0x99, 0xe9, 0xc0,
    0x33, 0x33, 0x33, 0x3f, 0x00, 0x00, 0x64, 0x0e, 0x46, 0x33, 0x33, 0x73,
    0x40, 0xe1, 0x7a, 0x14, 0x40, 0x00, 0x00, 0x40, 0x75, 0x44, 0x9a, 0x99,
    0x99, 0xbf, 0x14, 0xae, 0x67, 0x40, 0x00, 0x00, 0x40, 0x19, 0x44, 0x33,
    0x33, 0x33, 0x3f, 0xe1, 0x7a, 0xf4, 0x3f, 0x00, 0x00, 0x00, 0x08, 0x42,
    0x9a, 0x99, 0x99, 0xbe, 0x1f, 0x85, 0x1b, 0x40, 0xcd, 0xcc, 0xbc, 0xc0,
    0x01, 0x00, 0x00, 0xd2, 0x42, 0xcd, 0xcc, 0x8c, 0x41, 0x33, 0x33, 0x33,
    0x3f, 0x00, 0x00, 0x20, 0x9b, 0x44, 0x33, 0x33, 0xa3, 0x40, 0x0a, 0xd7,
    0x63, 0x3f, 0x00, 0x00, 0x00, 0x34, 0x42, 0x00, 0x00, 0x84, 0xc1, 0x52,
    0xb8, 0x9e, 0x3e, 0x00, 0x00, 0x80, 0x53, 0x44, 0x33, 0x33, 0x13, 0x40,
    0xf6, 0x28, 0x1c, 0x3f, 0x00, 0x00, 0xe0, 0x3c, 0x45, 0x33, 0x33, 0x83,
    0xc0, 0x8f, 0xc2, 0x75, 0x3f, 0x02, 0x00, 0x40, 0x1c, 0x46, 0x66, 0x66,
    0x66, 0xc0, 0x33, 0x33, 0x33, 0x3f, 0x00, 0x00, 0xb4, 0x0c, 0x46, 0x33,
    0x33, 0x53, 0x40, 0x3d, 0x0a, 0x17, 0x40, 0x00, 0x00, 0xe8, 0xba, 0x45,
    0xcd, 0xcc, 0x2c, 0xc0, 0x7b, 0x14, 0xbe, 0x40, 0x00, 0x00, 0x40, 0x1c,
    0x46, 0x66, 0x66, 0xa6, 0x3f, 0x3d, 0x0a, 0x67, 0x40, 0x00, 0x00, 0xe8,
    0xe3, 0x45, 0x33, 0x33, 0xb3, 0x3f, 0x52, 0xb8, 0xbe, 0x40, 0x9a, 0x99,
    0xc9, 0xc0, 0x01, 0x00, 0x00, 0xd2, 0x42, 0x33, 0x33, 0xd3, 0x40, 0x33,
    0x33, 0x33, 0x3f, 0x00, 0x00, 0x00, 0x2b, 0x43, 0x66, 0x66, 0x66, 0xc0,
    0x00, 0x00, 0x00, 0x3f, 0x00, 0x00, 0xd0, 0x86, 0x45, 0x00, 0x00, 0x60,
    0x40, 0x52, 0xb8, 0x4e, 0x40, 0x00, 0x00, 0xf0, 0x07, 0x45, 0x33, 0x33,
    0x73, 0x40, 0xf6, 0x28, 0xdc, 0x3f, 0x00, 0x00, 0x00, 0x88, 0x44, 0xcd,
    0xcc, 0x2c, 0xc0, 0xae, 0x47, 0x31, 0x40, 0x02, 0x00, 0x40, 0x1c, 0x46,
    0x9a, 0x99, 0x89, 0xc0, 0x33, 0x33, 0x33, 0x3f, 0x00, 0x00, 0x38, 0xe9,
    0x45, 0x66, 0x66, 0x26, 0x40, 0xb8, 0x1e, 0xc5, 0x3f, 0x00, 0x00, 0xd8,
    0xb9, 0x45, 0x00, 0x00, 0x60, 0xc0, 0x00, 0x00, 0xb8, 0x40, 0x00, 0x00,
    0x80, 0x9a, 0x43, 0x00, 0x00, 0x00, 0xbf, 0x3d, 0x0a, 0x57, 0x40, 0x00,
    0x00, 0x00, 0x94, 0x43, 0xcd, 0xcc, 0x4c, 0x3e, 0x29, 0x5c, 0x1f, 0x40,
    0xcd, 0xcc, 0x8c, 0xc0, 0x01, 0x00, 0x00, 0xd2, 0x42, 0x66, 0x66, 0x86,
    0xc0, 0x33, 0x33, 0x33, 0x3f, 0x00, 0x00, 0x00, 0x71, 0x43, 0x00, 0x00,
    0xa0, 0x40, 0x71, 0x3d, 0x4a, 0x3f, 0x00, 0x00, 0x00, 0xf4, 0x42, 0x00,
    0x00, 0x90, 0xc0, 0x33, 0x33, 0xf3, 0x3f, 0x00, 0x00, 0x50, 0x37, 0x45,
    0x66, 0x66, 0x86, 0xc0, 0xcd, 0xcc, 0xcc, 0x3f, 0x00, 0x00, 0x28, 0xb0,
    0x45, 0xcd, 0xcc, 0x8c, 0xc0, 0xc3, 0xf5, 0xb0, 0x40, 0x02, 0x00, 0x40,
    0x1c, 0x46, 0x66, 0x66, 0xe6, 0xc0, 0x33, 0x33, 0x33, 0x3f, 0x00, 0x00,
    0xc8, 0xff, 0x45, 0xcd, 0xcc, 0x4c, 0x40, 0xcd, 0xcc, 0x0c, 0x40, 0x00,
    0x00, 0xa0, 0x82, 0x44, 0x9a, 0x99, 0xd9, 0xbf, 0x33, 0x33, 0x13, 0x40,
    0x00, 0x00, 0x00, 0x64, 0x42, 0x66, 0x66, 0xa6, 0x3f, 0xa4, 0x70, 0x6d,
    0x40, 0x00, 0x00, 0x00, 0xf9, 0x43, 0xcd, 0xcc, 0x4c, 0x3f, 0xec, 0x51,
    0x18, 0x40, 0xcd, 0xcc, 0xdc, 0xc0, 0x01, 0x00, 0x00, 0xd2, 0x42, 0x33,
    0x33, 0x03, 0x41, 0x33, 0x33, 0x33, 0x3f, 0x00, 0x00, 0x00, 0xd6, 0x42,
    0x33, 0x33, 0x3b, 0xc1, 0x9a, 0x99, 0x19, 0x3f, 0x00, 0x00, 0x88, 0x82,
    0x45, 0x00, 0x00, 0xb0, 0x40, 0xf6, 0x28, 0x2c, 0x40, 0x00, 0x00, 0x40,
    0x1e, 0x45, 0x33, 0x33, 0xc3, 0x40, 0x29, 0x5c, 0xcf, 0x3f, 0x00, 0x00,
    0x00, 0x86, 0x44, 0x66, 0x66, 0x46, 0xc0, 0xec, 0x51, 0x18, 0x40, 0x02,
    0x00, 0x40, 0x1c, 0x46, 0xcd, 0xcc, 0xcc, 0xbd, 0x33, 0x33, 0x33, 0x3f,
    0x00, 0x00, 0x00, 0xd7, 0x43, 0x66, 0x66, 0x26, 0x40, 0xec, 0x51, 0x08,
    0x40, 0x00, 0x00, 0x00, 0x60, 0x43, 0x00, 0x00, 0x00, 0xc0, 0x85, 0xeb,
    0x11, 0x40, 0x00, 0x00, 0x90, 0xc0, 0x45, 0x33, 0x33, 0x83, 0xc0, 0x00,
    0x00, 0xc0, 0x40, 0x00, 0x00, 0x00, 0x1c, 0x42, 0x33, 0x33, 0xb3, 0x3f,
    0x71, 0x3d, 0xa2, 0x40, 0xcd, 0xcc, 0xdc, 0xc0, 0x01, 0x00, 0x00, 0xd2,
    0x42, 0x00, 0x00, 0x40, 0x40, 0x33, 0x33, 0x33, 0x3f, 0x00, 0x00, 0x00,
    0x84, 0x43, 0x33, 0x33, 0x5b, 0xc1, 0x71, 0x3d, 0x8a, 0x3e, 0x00, 0x00,
    0xc0, 0x04, 0x44, 0x00, 0x00, 0x8c, 0x41, 0x66, 0x66, 0x86, 0x3f, 0x00,
    0x00, 0x08, 0x88, 0x45, 0x33, 0x33, 0x0b, 0x41, 0x48, 0xe1, 0xfa, 0x3e,
    0x00, 0x00, 0xd0, 0x4d, 0x45, 0x33, 0x33, 0x2b, 0xc1, 0x5c, 0x8f, 0x22,
    0x40, 0x02, 0x00, 0x40, 0x1c, 0x46, 0x33, 0x33, 0xf3, 0x3f, 0x33, 0x33,
    0x33, 0x3f, 0x00, 0x00, 0x00, 0x14, 0x42, 0x9a, 0x99, 0x99, 0xbf, 0xd7,
    0xa3, 0x40, 0x40, 0x00, 0x00, 0x00, 0x5f, 0x43, 0x00, 0x00, 0xc0, 0xbf,
    0xe1, 0x7a, 0x34, 0x40, 0x00, 0x00, 0x80, 0x9f, 0x43, 0x00, 0x00, 0x80,
    0x3f, 0x3d, 0x0a, 0x17, 0x40, 0x00, 0x00, 0x00, 0xc4, 0x42, 0x9a, 0x99,
    0x99, 0x3f, 0xec, 0x51, 0x68, 0x40, 0x00, 0x00, 0xc0, 0xc0, 0x01, 0x00,
    0x00, 0xd2, 0x42, 0x00, 0x00, 0x20, 0x40, 0x33, 0x33, 0x33, 0x3f, 0x00,
    0x00, 0x80, 0x07, 0x44, 0x9a, 0x99, 0x89, 0xc0, 0x7b, 0x14, 0xae, 0x3e,
    0x00, 0x00, 0x90, 0xfc, 0x45, 0x66, 0x66, 0xa6, 0x40, 0x52, 0xb8, 0x9e,
    0x3f, 0x00, 0x00, 0xa0, 0x5c, 0x45, 0x33, 0x33, 0xc3, 0x40, 0x3d, 0x0a,
    0xd7, 0x3f, 0x00, 0x00, 0x00, 0xa0, 0x42, 0x00, 0x00, 0x00, 0x40, 0xf6,
    0x28, 0x1c, 0x40, 0x02, 0x00, 0x40, 0x1c, 0x46, 0x33, 0x33, 0xb3, 0x3f,
    0x33, 0x33, 0x33, 0x3f, 0x00, 0x00, 0x00, 0xf5, 0x44, 0xcd, 0xcc, 0x8c,
    0x3f, 0xc3, 0xf5, 0x48, 0x40, 0x00, 0x00, 0x38, 0xa4, 0x45, 0xcd, 0xcc,
    0x2c, 0xc0, 0x00, 0x00, 0xc0, 0x40, 0x00, 0x00, 0xa0, 0x8d, 0x44, 0x00,
    0x00, 0x80, 0xbf, 0x14, 0xae, 0x47, 0x40, 0x00, 0x00, 0xe0, 0xc6, 0x45,
    0x66, 0x66, 0xe6, 0x3f, 0x85, 0xeb, 0xb9, 0x40, 0x00, 0x00, 0xc0, 0xc0,
    0x01, 0x00, 0x00, 0xd2, 0x42, 0x9a, 0x99, 0x19, 0x40, 0x33, 0x33, 0x33,
    0x3f, 0x00, 0x00, 0x00, 0x3b, 0x43, 0x9a, 0x99, 0x39, 0xc0, 0xec, 0x51,
    0x38, 0x3e, 0x00, 0x00, 0xf0, 0x83, 0x45, 0xcd, 0xcc, 0xbc, 0x40, 0xd7,
    0xa3, 0x10, 0x40, 0x00, 0x00, 0x50, 0x01, 0x45, 0xcd, 0xcc, 0x9c, 0x40,
    0xb8, 0x1e, 0xe5, 0x3f, 0x00, 0x00, 0xe8, 0xb9, 0x45, 0x9a, 0x99, 0xb9,
    0xc0, 0x00, 0x00, 0xb0, 0x40, 0x02, 0x00, 0x40, 0x1c, 0x46, 0xcd, 0xcc,
    0xcc, 0xbe, 0x33, 0x33, 0x33, 0x3f, 0x00, 0x00, 0x00, 0x86, 0x44, 0x66,
    0x66, 0x06, 0xc0, 0xf6, 0x28, 0x84, 0x40, 0x00, 0x00, 0x00, 0x58, 0x42,
    0xcd, 0xcc, 0xcc, 0xbe, 0x0a, 0xd7, 0xe3, 0x3f, 0x00, 0x00, 0x00, 0x51,
    0x44, 0xcd, 0xcc, 0xcc, 0x3f, 0x00, 0x00, 0xc0, 0x40, 0x00, 0x00, 0xc0,
    0xb9, 0x44, 0x00, 0x00, 0x80, 0x3f, 0x3d, 0x0a, 0x8f, 0x40, 0x00, 0x00,
    0xb0, 0xc0, 0x01, 0x00, 0x00, 0xd2, 0x42, 0x00, 0x00, 0xc0, 0x40, 0x33,
    0x33, 0x33, 0x3f, 0x00, 0x00, 0xcc, 0x07, 0x46, 0x00, 0x00, 0x40, 0x40,
    0x48, 0xe1, 0x0a, 0x40, 0x00, 0x00, 0x00, 0x75, 0x44, 0xcd, 0xcc, 0x0c,
    0xc0, 0xb8, 0x1e, 0xe5, 0x3f, 0x00, 0x00, 0x00, 0x02, 0x43, 0x66, 0x66,
    0xe6, 0xbf, 0x29, 0x5c, 0x8f, 0x3e, 0x00, 0x00, 0xc0, 0xef, 0x44, 0x33,
    0x33, 0x33, 0x40, 0x1f, 0x85, 0x2b, 0x40, 0x02, 0x00, 0x40, 0x1c, 0x46,
    0x9a, 0x99, 0x19, 0x3f, 0x33, 0x33, 0x33, 0x3f, 0x00, 0x00, 0x28, 0xaf,
    0x45, 0xcd, 0xcc, 0x6c, 0xc0, 0xb8, 0x1e, 0xad, 0x40, 0x00, 0x00, 0x48,
    0x83, 0x45, 0x33, 0x33, 0x33, 0x40, 0xe1, 0x7a, 0x84, 0x40, 0x00, 0x00,
    0x70, 0x3e, 0x45, 0xcd, 0xcc, 0xcc, 0xbf, 0xd7, 0xa3, 0x70, 0x40, 0x00,
    0x00, 0x28, 0xdc, 0x45, 0x33, 0x33, 0xb3, 0x3f, 0x00, 0x00, 0xc0, 0x40,
    0x66, 0x66, 0xa6, 0xc0, 0x01, 0x00, 0x00, 0xd2, 0x42, 0x66, 0x66, 0xb6,
    0x40, 0x33, 0x33, 0x33, 0x3f, 0x00, 0x00, 0x88, 0x09, 0x46, 0x9a, 0x99,
    0x59, 0x40, 0xe1, 0x7a, 0xd4, 0x3f, 0x00, 0x00, 0x00, 0x18, 0x43, 0x66,
    0x66, 0x06, 0xc0, 0xb8, 0x1e, 0x85, 0x3e, 0x00, 0x00, 0x00, 0xf1, 0x44,
    0x9a, 0x99, 0x59, 0x40, 0xb8, 0x1e, 0x15, 0x40, 0x00, 0x00, 0x80, 0x76,
    0x44, 0x33, 0x33, 0x53, 0xc0, 0xf6, 0x28, 0x3c, 0x40, 0x02, 0x00, 0x40,
    0x1c, 0x46, 0xcd, 0xcc, 0xcc, 0x3d, 0x33, 0x33, 0x33, 0x3f, 0x00, 0x00,
    0x98, 0x80, 0x45, 0x9a, 0x99, 0x19, 0x40, 0x8f, 0xc2, 0x65, 0x40, 0x00,
    0x00, 0x60, 0xae, 0x45, 0x66, 0x66, 0x26, 0xc0, 0x00, 0x00, 0xc0, 0x40,
    0x00, 0x00, 0x10, 0x3d, 0x45, 0x00, 0x00, 0xc0, 0xbf, 0xa4, 0x70, 0xa5,
    0x40, 0x00, 0x00, 0x80, 0x0e, 0x44, 0x66, 0x66, 0x66, 0xbf, 0x00, 0x00,
    0xb8, 0x40, 0x00, 0x00, 0xb0, 0xc0, 0x01, 0x00, 0x00, 0xd2, 0x42, 0x33,
    0x33, 0xb3, 0x40, 0x33, 0x33, 0x33, 0x3f, 0x00, 0x00, 0x18, 0xe1, 0x45,
    0xcd, 0xcc, 0xdc, 0x40, 0x85, 0xeb, 0xb1, 0x3f, 0x00, 0x00, 0x60, 0xa1,
    0x45, 0x33, 0x33, 0x73, 0xc0, 0x52, 0xb8, 0x9e, 0x3f, 0x00, 0x00, 0x00,
    0x00, 0x44, 0xcd, 0xcc, 0xcc, 0xbf, 0xec, 0x51, 0x38, 0x3e, 0x00, 0x00,
    0xe0, 0xdf, 0x44, 0xcd, 0xcc, 0x6c, 0x40, 0xb8, 0x1e, 0x25, 0x40, 0x02,
    0x00, 0x40, 0x1c, 0x46, 0xcd, 0xcc, 0xcc, 0xbe, 0x33, 0x33, 0x33, 0x3f,
    0x00, 0x00, 0x80, 0xc5, 0x43, 0x66, 0x66, 0x66, 0x3f, 0x71, 0x3d, 0xea,
    0x3f, 0x00, 0x00, 0x00, 0x81, 0x44, 0x33, 0x33, 0xf3, 0xbf, 0x52, 0xb8,
    0x9e, 0x40, 0x00, 0x00, 0x00, 0xaa, 0x42, 0x9a, 0x99, 0x19, 0xbf, 0x52,
    0xb8, 0xde, 0x3f, 0x00, 0x00, 0x60, 0x39, 0x45, 0xcd, 0xcc, 0x8c, 0xbf,
    0xb8, 0x1e, 0x85, 0x40, 0x66, 0x66, 0x86, 0xc0, 0x01, 0x00, 0x00, 0xd2,
    0x42, 0x33, 0x33, 0x13, 0x40, 0x33, 0x33, 0x33, 0x3f, 0x00, 0x00, 0x00,
    0x77, 0x44, 0x00, 0x00, 0x60, 0xc0, 0x9a, 0x99, 0xb9, 0x3f, 0x00, 0x00,
    0x60, 0xed, 0x44, 0x9a, 0x99, 0x89, 0x40, 0x48, 0xe1, 0x3a, 0x40, 0x00,
    0x00, 0x60, 0xa8, 0x45, 0x33, 0x33, 0x13, 0x40, 0x85, 0xeb, 0x91, 0x3f,
    0x00, 0x00, 0x00, 0x25, 0x43, 0x00, 0x00, 0xc0, 0xbf, 0x29, 0x5c, 0x4f,
    0x3f, 0x02, 0x00, 0x40, 0x1c, 0x46, 0xcd, 0xcc, 0xcc, 0xbf, 0x33, 0x33,
    0x33, 0x3f, 0x00, 0x00, 0x00, 0x68, 0x42, 0x33, 0x33, 0x33, 0x40, 0xc3,
    0xf5, 0xb8, 0x40, 0x00, 0x00, 0x00, 0x90, 0x42, 0x66, 0x66, 0x06, 0xc0,
    0xe1, 0x7a, 0xa4, 0x40, 0x00, 0x00, 0x20, 0x34, 0x45, 0x66, 0x66, 0xa6,
    0xbf, 0x00, 0x00, 0x98, 0x40, 0x00, 0x00, 0x80, 0xf3, 0x43, 0x9a, 0x99,
    0xd9, 0x3f, 0x00, 0x00, 0xc0, 0x40, 0x9a, 0x99, 0xb9, 0xc0, 0x01, 0x00,
    0x00, 0xd2, 0x42, 0x00, 0x00, 0xc0, 0x40, 0x33, 0x33, 0x33, 0x3f, 0x00,
    0x00, 0x80, 0x17, 0x44, 0x66, 0x66, 0x26, 0xc0, 0x3d, 0x0a, 0x97, 0x3f,
    0x00, 0x00, 0x00, 0x94, 0x42, 0x66, 0x66, 0xa6, 0xc0, 0x9a, 0x99, 0xb9,
    0x3f, 0x00, 0x00, 0xc8, 0xef, 0x45, 0x33, 0x33, 0xf3, 0x3f, 0xec, 0x51,
    0x38, 0x3e, 0x00, 0x00, 0x20, 0x89, 0x44, 0x33, 0x33, 0x73, 0xc0, 0x3d,
    0x0a, 0xb7, 0x40, 0x02, 0x00, 0x40, 0x1c, 0x46, 0x9a, 0x99, 0x79, 0xc0,
    0x33, 0x33, 0x33, 0x3f, 0x00, 0x00, 0xe0, 0x13, 0x46, 0xcd, 0xcc, 0x0c,
    0x40, 0xe1, 0x7a, 0x44, 0x40, 0x00, 0x00, 0x90, 0x9b, 0x45, 0x66, 0x66,
    0xe6, 0xbf, 0xd7, 0xa3, 0x70, 0x40, 0x00, 0x00, 0x00, 0x4d, 0x43, 0xcd,
    0xcc, 0x4c, 0xbf, 0x14, 0xae, 0x07, 0x40, 0x00, 0x00, 0x70, 0xc8, 0x45,
    0x00, 0x00, 0x40, 0x40, 0x7b, 0x14, 0xbe, 0x40, 0x9a, 0x99, 0x89, 0xc0,
    0x01, 0x00, 0x00, 0xd2, 0x42, 0x9a, 0x99, 0x89, 0x40, 0x33, 0x33, 0x33,
    0x3f, 0x00, 0x00, 0x00, 0x84, 0x44, 0x00, 0x00, 0x40, 0xc0, 0xa4, 0x70,
    0x7d, 0x3f, 0x00, 0x00, 0x40, 0xf2, 0x44, 0x00, 0x00, 0x60, 0x40, 0x85,
    0xeb, 0x01, 0x40, 0x00, 0x00, 0x00, 0x94, 0x42, 0x33, 0x33, 0x53, 0xc0,
    0x85, 0xeb, 0x01, 0x40, 0x00, 0x00, 0x30, 0xcd, 0x45, 0xcd, 0xcc, 0x6c,
    0x40, 0x85, 0xeb, 0xa1, 0x40, 0x02, 0x00, 0x40, 0x1c, 0x46, 0x00, 0x00,
    0x80, 0xc0, 0x33, 0x33, 0x33, 0x3f, 0x00, 0x00, 0x00, 0x15, 0x46, 0x33,
    0x33, 0x33, 0x40, 0x85, 0xeb, 0x11, 0x40, 0x00, 0x00, 0x00, 0x52, 0x43,
    0x00, 0x00, 0x00, 0xbf, 0xae, 0x47, 0x31, 0x40, 0x00, 0x00, 0x00, 0xb3,
    0x43, 0x9a, 0x99, 0x99, 0x3e, 0xb8, 0x1e, 0xe5, 0x3f, 0x00, 0x00, 0xd8,
    0xa9, 0x45, 0x9a, 0x99, 0x19, 0xbf, 0x00, 0x00, 0xc0, 0x40, 0x9a, 0x99,
    0xc9, 0xc0, 0x01, 0x00, 0x00, 0xd2, 0x42, 0x9a, 0x99, 0xb9, 0x40, 0x33,
    0x33, 0x33, 0x3f, 0x00, 0x00, 0x00, 0xa6, 0x42, 0xcd, 0xcc, 0xcc, 0xc0,
    0x71, 0x3d, 0x0a, 0x3f, 0x00, 0x00, 0xd0, 0x93, 0x45, 0x66, 0x66, 0xd6,
    0x40, 0xd7, 0xa3, 0xf0, 0x3f, 0x00, 0x00, 0x00, 0x24, 0x42, 0x33, 0x33,
    0x73, 0x40, 0xd7, 0xa3, 0x70, 0x3f, 0x00, 0x00, 0xc0, 0xd0, 0x45, 0x33,
    0x33, 0xa3, 0xc0, 0x33, 0x33, 0x93, 0x40, 0x02, 0x00, 0x40, 0x1c, 0x46,
    0x9a, 0x99, 0x99, 0x3f, 0x33, 0x33, 0x33, 0x3f, 0x00, 0x00, 0x80, 0x01,
    0x44, 0xcd, 0xcc, 0x8c, 0x3f, 0x66, 0x66, 0x86, 0x3f, 0x00, 0x00, 0x00,
    0xa6, 0x44, 0xcd, 0xcc, 0x8c, 0xbf, 0x5c, 0x8f, 0x02, 0x40, 0x00, 0x00,
    0x6c, 0x0b, 0x46, 0x33, 0x33, 0x13, 0xc0, 0xae, 0x47, 0x89, 0x40, 0x00,
    0x00, 0x00, 0x73, 0x43, 0x33, 0x33, 0x33, 0xbf, 0x3d, 0x0a, 0xd7, 0x3f,
    0x9a, 0x99, 0xd9, 0xc0, 0x01, 0x00, 0x00, 0xd2, 0x42, 0x9a, 0x99, 0xf9,
    0x40, 0x33, 0x33, 0x33, 0x3f, 0x00, 0x00, 0x00, 0x9a, 0x42, 0xcd, 0xcc,
    0xbc, 0xc0, 0x52, 0xb8, 0x1e, 0x3f, 0x00, 0x00, 0xc0, 0x57, 0x44, 0x33,
    0x33, 0x93, 0x40, 0x14, 0xae, 0x17, 0x40, 0x00, 0x00, 0x0c, 0x01, 0x46,
    0x66, 0x66, 0x96, 0xc0, 0xd7, 0xa3, 0x00, 0x40, 0x00, 0x00, 0xf0, 0x18,
    0x45, 0x66, 0x66, 0x06, 0x40, 0xc3, 0xf5, 0x18, 0x40, 0x02, 0x00, 0x40,
    0x1c, 0x46, 0x9a, 0x99, 0x19, 0x40, 0x33, 0x33, 0x33, 0x3f, 0x00, 0x00,
    0x40, 0x9b, 0x45, 0x00, 0x00, 0x60, 0xc0, 0x00, 0x00, 0xc0, 0x40, 0x00,
    0x00, 0xa0, 0x84, 0x45, 0x00, 0x00, 0x20, 0x40, 0x00, 0x00, 0xc0, 0x40,
    0x00, 0x00, 0x00, 0xde, 0x43, 0x66, 0x66, 0xe6, 0xbf, 0x85, 0xeb, 0x89,
    0x40, 0x00, 0x00, 0x80, 0xa4, 0x43, 0x00, 0x00, 0x00, 0x3f, 0x66, 0x66,
    0x06, 0x40, 0x33, 0x33, 0xd3, 0xc0, 0x01, 0x00, 0x00, 0xd2, 0x42, 0x66,
    0x66, 0x16, 0x41, 0x33, 0x33, 0x33, 0x3f, 0x00, 0x00, 0xc0, 0x2f, 0x45,
    0x9a, 0x99, 0xd9, 0x40, 0xd7, 0xa3, 0xf0, 0x3f, 0x00, 0x00, 0x40, 0x9b,
    0x44, 0xcd, 0xcc, 0xfc, 0xc0, 0x00, 0x00, 0x00, 0x40, 0x00, 0x00, 0x00,
    0x64, 0x42, 0x00, 0x00, 0x00, 0xc1, 0x1f, 0x85, 0xeb, 0x3e, 0x00, 0x00,
    0x00, 0x6d, 0x45, 0xcd, 0xcc, 0x2c, 0x40, 0x1f, 0x85, 0xbb, 0x40, 0x02,
    0x00, 0x40, 0x1c, 0x46, 0x33, 0x33, 0xa3, 0xc0, 0x33, 0x33, 0x33, 0x3f,
    0x00, 0x00, 0x58, 0x0f, 0x46, 0x00, 0x00, 0x00, 0x40, 0x1f, 0x85, 0x2b,
    0x3f, 0x00, 0x00, 0x00, 0xa3, 0x43, 0x66, 0x66, 0x66, 0xbf, 0xc3, 0xf5,
    0x08, 0x40, 0x00, 0x00, 0x00, 0x66, 0x43, 0xcd, 0xcc, 0x4c, 0x3f, 0xb8,
    0x1e, 0x35, 0x40, 0x00, 0x00, 0x58, 0x8d, 0x45, 0x00, 0x00, 0x00, 0xc0,
    0x00, 0x00, 0xc0, 0x40, 0x66, 0x66, 0xa6, 0xc0, 0x01, 0x00, 0x00, 0xd2,
    0x42, 0x33, 0x33, 0x73, 0xc0, 0x33, 0x33, 0x33, 0x3f, 0x00, 0x00, 0x20,
    0xd1, 0x45, 0xcd, 0xcc, 0x0c, 0x41, 0xae, 0x47, 0x81, 0x3f, 0x00, 0x00,
    0x80, 0xe6, 0x43, 0x33, 0x33, 0x53, 0xc0, 0xa4, 0x70, 0xfd, 0x3f, 0x00,
    0x00, 0x00, 0xaa, 0x42, 0xcd, 0xcc, 0x8c, 0xc0, 0xec, 0x51, 0x38, 0x40,
    0x00, 0x00, 0xa0, 0xac, 0x45, 0x9a, 0x99, 0x39, 0xc1, 0xc3, 0xf5, 0x28,
    0x40, 0x02, 0x00, 0x40, 0x1c, 0x46, 0x33, 0x33, 0xf3, 0xc0, 0x33, 0x33,
    0x33, 0x3f, 0x00, 0x00, 0x80, 0x11, 0x46, 0xcd, 0xcc, 0x4c, 0x40, 0x14,
    0xae, 0x07, 0x40, 0x00, 0x00, 0xa0, 0xe1, 0x44, 0x9a, 0x99, 0x99, 0xbf,
    0x9a, 0x99, 0x19, 0x40, 0x00, 0x00, 0xe0, 0x4a, 0x45, 0x00, 0x00, 0xc0,
    0x3f, 0x3d, 0x0a, 0x77, 0x40, 0x00, 0x00, 0x00, 0x04, 0x42, 0x9a, 0x99,
    0x19, 0xbf, 0xae, 0x47, 0x31, 0x40, 0xcd, 0xcc, 0xbc, 0xc0, 0x01, 0x00,
    0x00, 0xd2, 0x42, 0xcd, 0xcc, 0x8c, 0x40, 0x33, 0x33, 0x33, 0x3f, 0x00,
    0x00, 0x00, 0x00, 0x43, 0xcd, 0xcc, 0xdc, 0xc0, 0x66, 0x66, 0x26, 0x3f,
    0x00, 0x00, 0xd8, 0x8a, 0x45, 0x9a, 0x99, 0xf9, 0x40, 0x7b, 0x14, 0x6e,
    0x3f, 0x00, 0x00, 0x08, 0xa9, 0x45, 0x66, 0x66, 0x36, 0xc1, 0x29, 0x5c,
    0x87, 0x40, 0x00, 0x00, 0x80, 0xe3, 0x44, 0x00, 0x00, 0x40, 0x40, 0x66,
    0x66, 0x66, 0x40, 0x02, 0x00, 0x40, 0x1c, 0x46, 0x00, 0x00, 0x20, 0x40,
    0x33, 0x33, 0x33, 0x3f, 0x00, 0x00, 0xc0, 0x4c, 0x44, 0x66, 0x66, 0xe6,
    0xbf, 0x3d, 0x0a, 0x17, 0x40, 0x00, 0x00, 0x00, 0xc3, 0x43, 0x33, 0x33,
    0xb3, 0x3f, 0x85, 0xeb, 0x01, 0x40, 0x00, 0x00, 0x00, 0x4f, 0x43, 0x33,
    0x33, 0x33, 0xbf, 0xc3, 0xf5, 0x28, 0x40, 0x00, 0x00, 0x00, 0xed, 0x45,
    0x9a, 0x99, 0xd9, 0xbf, 0xb8, 0x1e, 0xb5, 0x40, 0xcd, 0xcc, 0xcc, 0xc0,
    0x01, 0x00, 0x00, 0xd2, 0x42, 0x66, 0x66, 0xe6, 0x3f, 0x33, 0x33, 0x33,
    0x3f, 0x00, 0x00, 0x00, 0x61, 0x43, 0x9a, 0x99, 0x79, 0xc0, 0x66, 0x66,
    0xe6, 0x3e, 0x00, 0x00, 0x80, 0xd9, 0x44, 0x9a, 0x99, 0xe9, 0x40, 0x48,
    0xe1, 0xda, 0x3f, 0x00, 0x00, 0x2c, 0x06, 0x46, 0xcd, 0xcc, 0xac, 0x40,
    0x7b, 0x14, 0x2e, 0x40, 0x00, 0x00, 0x00, 0x87, 0x44, 0x00, 0x00, 0x60,
    0xc0, 0xc3, 0xf5, 0x08, 0x40, 0x02, 0x00, 0x40, 0x1c, 0x46, 0x33, 0x33,
    0x33, 0xbf, 0x33, 0x33, 0x33, 0x3f, 0x00, 0x00, 0x20, 0xa8, 0x45, 0x00,
    0x00, 0xa0, 0xc0, 0xe1, 0x7a, 0xac, 0x40, 0x00, 0x00, 0xc8, 0x81, 0x45,
    0x33, 0x33, 0x13, 0x40, 0x9a, 0x99, 0x69, 0x40, 0x00, 0x00, 0x00, 0x96,
    0x42, 0x9a, 0x99, 0x99, 0x3f, 0xcd, 0xcc, 0x1c, 0x40, 0x00, 0x00, 0x00,
    0xf2, 0x42, 0x33, 0x33, 0x33, 0xbf, 0x0a, 0xd7, 0xc3, 0x3f, 0x9a, 0x99,
    0xc9, 0xc0, 0x01, 0x00, 0x00, 0xd2, 0x42, 0x33, 0x33, 0xb3, 0x40, 0x33,
    0x33, 0x33, 0x3f, 0x00, 0x00, 0x00, 0x2a, 0x43, 0x9a, 0x99, 0x79, 0xc0,
    0xec, 0x51, 0x38, 0x3e, 0x00, 0x00, 0xd0, 0xd7, 0x45, 0x66, 0x66, 0x0e,
    0x41, 0xae, 0x47, 0xe1, 0x3e, 0x00, 0x00, 0xc0, 0x53, 0x45, 0x00, 0x00,
    0x80, 0x40, 0xa4, 0x70, 0x3d, 0x40, 0x00, 0x00, 0xc8, 0xae, 0x45, 0x33,
    0x33, 0x4b, 0xc1, 0x14, 0xae, 0xe7, 0x3f, 0x02, 0x00, 0x40, 0x1c, 0x46,
    0x9a, 0x99, 0x89, 0xc0, 0x33, 0x33, 0x33, 0x3f, 0x00, 0x00, 0xc0, 0xb1,
    0x44, 0x00, 0x00, 0x80, 0x3f, 0xec, 0x51, 0x18, 0x40, 0x00, 0x00, 0x40,
    0x66, 0x44, 0x66, 0x66, 0x66, 0xbf, 0x33, 0x33, 0x43, 0x40, 0x00, 0x00,
    0x10, 0x15, 0x45, 0x9a, 0x99, 0x99, 0xbf, 0x71, 0x3d, 0xa2, 0x40, 0x00,
    0x00, 0x00, 0x20, 0x42, 0xcd, 0xcc, 0x4c, 0xbe, 0x7b, 0x14, 0x0e, 0x40,
    0x33, 0x33, 0xd3, 0xc0, 0x01, 0x00, 0x00, 0xd2, 0x42, 0x33, 0x33, 0x03,
    0x41, 0x33, 0x33, 0x33, 0x3f, 0x00, 0x00, 0x00, 0xd2, 0x42, 0xcd, 0xcc,
    0xdc, 0xc0, 0xa4, 0x70, 0xbd, 0x3e, 0x00, 0x00, 0x1c, 0x01, 0x46, 0x9a,
    0x99, 0xc9, 0x40, 0xb8, 0x1e, 0xa5, 0x3f, 0x00, 0x00, 0xe0, 0x80, 0x44,
    0x9a, 0x99, 0x59, 0x40, 0x85, 0xeb, 0x11, 0x3f, 0x00, 0x00, 0x00, 0xad,
    0x43, 0x66, 0x66, 0x06, 0xc0, 0xf6, 0x28, 0x1c, 0x3f, 0x02, 0x00, 0x40,
    0x1c, 0x46, 0xcd, 0xcc, 0xcc, 0xc0, 0x33, 0x33, 0x33, 0x3f, 0x00, 0x00,
    0x78, 0x8b, 0x45, 0x9a, 0x99, 0xd9, 0xbf, 0x66, 0x66, 0xae, 0x40, 0x00,
    0x00, 0x28, 0xbe, 0x45, 0x00, 0x00, 0x20, 0x40, 0xa4, 0x70, 0xbd, 0x40,
    0x00, 0x00, 0xe0, 0xff, 0x44, 0x33, 0x33, 0x33, 0x3f, 0xa4, 0x70, 0x6d,
    0x40, 0x00, 0x00, 0xe0, 0xad, 0x44, 0x9a, 0x99, 0x99, 0xbe, 0x66, 0x66,
    0x36, 0x40, 0xcd, 0xcc, 0xcc, 0xc0, 0x01, 0x00, 0x00, 0xd2, 0x42, 0x33,
    0x33, 0xe3, 0x40, 0x33, 0x33, 0x33, 0x3f, 0x00, 0x00, 0xb8, 0xec, 0x45,
    0x66, 0x66, 0x2e, 0x41, 0x52, 0xb8, 0x1e, 0x3f, 0x00, 0x00, 0x00, 0xfc,
    0x42, 0x33, 0x33, 0x93, 0xc0, 0x5c, 0x8f, 0xc2, 0x3e, 0x00, 0x00, 0xd0,
    0x9e, 0x45, 0x00, 0x00, 0x68, 0xc1, 0x7b, 0x14, 0x2e, 0x3f, 0x00, 0x00,
    0xe0, 0xe1, 0x44, 0x9a, 0x99, 0xb9, 0x40, 0xcd, 0xcc, 0xcc, 0x3e, 0x02,
    0x00, 0x40, 0x1c, 0x46, 0x00, 0x00, 0x40, 0x40, 0x33, 0x33, 0x33, 0x3f,
    0x00, 0x00, 0x00, 0x05, 0x46, 0x66, 0x66, 0xa6, 0xbf, 0x14, 0xae, 0x37,
    0x40, 0x00, 0x00, 0xf0, 0x09, 0x45, 0x33, 0x33, 0xb3, 0x3f, 0x9a, 0x99,
    0x39, 0x40, 0x00, 0x00, 0xf0, 0x40, 0x45, 0x9a, 0x99, 0xd9, 0xbf, 0x1f,
    0x85, 0xa3, 0x40, 0x00, 0x00, 0xe0, 0xa3, 0x44, 0x66, 0x66, 0x66, 0xbf,
    0xcd, 0xcc, 0x3c, 0x40, 0x9a, 0x99, 0x99, 0xc0, 0x01, 0x00, 0x00, 0xd2,
    0x42, 0x66, 0x66, 0x26, 0x41, 0x33, 0x33, 0x33, 0x3f, 0x00, 0x00, 0x00,
    0x44, 0x42, 0x00, 0x00, 0x10, 0xc1, 0xb8, 0x1e, 0x85, 0x3e, 0x00, 0x00,
    0x00, 0x41, 0x44, 0x00, 0x00, 0x40, 0x40, 0x7b, 0x14, 0x6e, 0x3f, 0x00,
    0x00, 0x30, 0xbe, 0x45, 0x00, 0x00, 0x10, 0x41, 0xae, 0x47, 0xa1, 0x3f,
    0x00, 0x00, 0x28, 0x92, 0x45, 0xcd, 0xcc, 0xfc, 0xc0, 0x9a, 0x99, 0xb9,
    0x3f, 0x02, 0x00, 0x40, 0x1c, 0x46, 0x00, 0x00, 0x60, 0xc0, 0x33, 0x33,
    0x33, 0x3f, 0x00, 0x00, 0x70, 0x1a, 0x45, 0x00, 0x00, 0xc0, 0xbf, 0x0a,
    0xd7, 0x73, 0x40, 0x00, 0x00, 0xc0, 0x57, 0x45, 0xcd, 0xcc, 0xcc, 0x3f,
    0x5c, 0x8f, 0x82, 0x40, 0x00, 0x00, 0x28, 0x05, 0x46, 0x66, 0x66, 0x06,
    0x40, 0x33, 0x33, 0x9b, 0x40, 0x00, 0x00, 0x58, 0x83, 0x45, 0x66, 0x66,
    0x66, 0xbf, 0x00, 0x00, 0xc0, 0x40, 0x9a, 0x99, 0xc9, 0xc0, 0x01, 0x00,
    0x00, 0xd2, 0x42, 0x33, 0x33, 0x33, 0x3f, 0x33, 0x33, 0x33, 0x3f, 0x00,
    0x00, 0x00, 0xca, 0x42, 0x9a, 0x99, 0x19, 0xc0, 0xc3, 0xf5, 0xa8, 0x3e,
    0x00, 0x00, 0x60, 0x41, 0x45, 0x00, 0x00, 0xe0, 0x40, 0xae, 0x47, 0x31,
    0x40, 0x00, 0x00, 0x20, 0xf2, 0x44, 0x9a, 0x99, 0xd9, 0xbf, 0xae, 0x47,
    0xa1, 0x3f, 0x00, 0x00, 0x70, 0xc0, 0x45, 0x33, 0x33, 0x83, 0x40, 0x14,
    0xae, 0x8f, 0x40, 0x02, 0x00, 0x40, 0x1c, 0x46, 0x66, 0x66, 0xb6, 0xc0,
    0x33, 0x33, 0x33, 0x3f, 0x00, 0x00, 0xf8, 0x0b, 0x46, 0xcd, 0xcc, 0x8c,
    0x40, 0xb8, 0x1e, 0x05, 0x40, 0x00, 0x00, 0xa0, 0x94, 0x45, 0x33, 0x33,
    0x33, 0xc0, 0x00, 0x00, 0xc0, 0x40, 0x00, 0x00, 0x00, 0x0c, 0x43, 0x00,
    0x00, 0x00, 0xbf, 0xcd, 0xcc, 0xec, 0x3f, 0x00, 0x00, 0x00, 0x9a, 0x42,
    0xcd, 0xcc, 0xcc, 0x3e, 0xb8, 0x1e, 0xe5, 0x3f, 0x00, 0x00, 0xd0, 0xc0,
    0x01, 0x00, 0x00, 0xd2, 0x42, 0x66, 0x66, 0xa6, 0xbf, 0x33, 0x33, 0x33,
    0x3f, 0x00, 0x00, 0x00, 0x1f, 0x43, 0x9a, 0x99, 0x19, 0xc0, 0x9a, 0x99,
    0x59, 0x3f, 0x00, 0x00, 0x60, 0x42, 0x45, 0x33, 0x33, 0xf3, 0x40, 0xe1,
    0x7a, 0x24, 0x40, 0x00, 0x00, 0x90, 0x0b, 0x45, 0xcd, 0xcc, 0xcc, 0xbf,
    0x3d, 0x0a, 0x17, 0x3f, 0x00, 0x00, 0x30, 0xc1, 0x45, 0x00, 0x00, 0x90,
    0x40, 0xb8, 0x1e, 0x85, 0x40, 0x02, 0x00, 0x40, 0x1c, 0x46, 0x66, 0x66,
    0xd6, 0xc0, 0x33, 0x33, 0x33, 0x3f, 0x00, 0x00, 0xac, 0x0c, 0x46, 0x9a,
    0x99, 0x99, 0x40, 0xcd, 0xcc, 0x8c, 0x3f, 0x00, 0x00, 0x80, 0x96, 0x45,
    0x00, 0x00, 0x80, 0xc0, 0x14, 0xae, 0xbf, 0x40, 0x00, 0x00, 0xc0, 0xcc,
    0x45, 0x33, 0x33, 0x53, 0xc0, 0x33, 0x33, 0xbb, 0x40, 0x00, 0x00, 0xc0,
    0xac, 0x45, 0x00, 0x00, 0x80, 0x3f, 0x3d, 0x0a, 0xbf, 0x40, 0xcd, 0xcc,
    0x8c, 0xc0, 0x01, 0x00, 0x00, 0xd2, 0x42, 0x9a, 0x99, 0x19, 0xc0, 0x33,
    0x33, 0x33, 0x3f, 0x00, 0x00, 0x00, 0x7f, 0x45, 0xcd, 0xcc, 0x8c, 0x40,
    0x9a, 0x99, 0x29, 0x40, 0x00, 0x00, 0x00, 0x78, 0x42, 0x33, 0x33, 0x73,
    0x40, 0x00, 0x00, 0x40, 0x3f, 0x00, 0x00, 0xc0, 0xb9, 0x44, 0x33, 0x33,
    0xf3, 0xbf, 0x29, 0x5c, 0x0f, 0x40, 0x00, 0x00, 0x00, 0x3d, 0x43, 0xcd,
    0xcc, 0x8c, 0xbf, 0x00, 0x00, 0xc0, 0x3f, 0x02, 0x00, 0x40, 0x1c, 0x46,
    0xcd, 0xcc, 0xec, 0xc0, 0x33, 0x33, 0x33, 0x3f, 0x00, 0x00, 0x40, 0x1c,
    0x46, 0x00, 0x00, 0x00, 0xc0, 0x85, 0xeb, 0x01, 0x40, 0x00, 0x00, 0x40,
    0xb9, 0x45, 0xcd, 0xcc, 0x2c, 0x40, 0x5c, 0x8f, 0xb2, 0x40, 0x00, 0x00,
    0x40, 0x2d, 0x45, 0x00, 0x00, 0x80, 0x3f, 0x66, 0x66, 0x86, 0x40, 0x00,
    0x00, 0xc0, 0x23, 0x44, 0xcd, 0xcc, 0xcc, 0x3e, 0xe1, 0x7a, 0xf4, 0x3f,
    0x00, 0x00, 0x20, 0xc0, 0x01, 0x00, 0x00, 0xd2, 0x42, 0xcd, 0xcc, 0xcc,
    0xbe, 0x33, 0x33, 0x33, 0x3f, 0x00, 0x00, 0x60, 0xdf, 0x45, 0x00, 0x00,
    0x20, 0x40, 0x85, 0xeb, 0xb1, 0x3f, 0x00, 0x00, 0x00, 0x3a, 0x43, 0x66,
    0x66, 0xa6, 0xbf, 0xcd, 0xcc, 0xac, 0x3f, 0x00, 0x00, 0x00, 0x82, 0x42,
    0x9a, 0x99, 0xd9, 0x3f, 0x7b, 0x14, 0x8e, 0x3f, 0x00, 0x00, 0xa0, 0xd1,
    0x44, 0xcd, 0xcc, 0x8c, 0xbf, 0xc3, 0xf5, 0xe8, 0x3f, 0x02, 0x00, 0x40,
    0x1c, 0x46, 0x66, 0x66, 0xa6, 0xbf, 0x33, 0x33, 0x33, 0x3f, 0x00, 0x00,
    0x40, 0x56, 0x44, 0x66, 0x66, 0x66, 0x3f, 0x85, 0xeb, 0xd1, 0x3f, 0x00,
    0x00, 0x80, 0x19, 0x46, 0x66, 0x66, 0x66, 0x3f, 0xa4, 0x70, 0xfd, 0x3f,
    0x00, 0x00, 0x40, 0x4f, 0x45, 0x9a, 0x99, 0x19, 0xbf, 0x00, 0x00, 0x20,
    0x40, 0x00, 0x00, 0xa0, 0x9d, 0x44, 0x33, 0x33, 0x33, 0xbf, 0x8f, 0xc2,
    0x55, 0x40, 0x9a, 0x99, 0x79, 0xc0, 0x01, 0x00, 0x00, 0xd2, 0x42, 0xcd,
    0xcc, 0xcc, 0xbd, 0x33, 0x33, 0x33, 0x3f, 0x00, 0x00, 0x18, 0x8d, 0x45,
    0x00, 0x00, 0x80, 0x40, 0x8f, 0xc2, 0xf5, 0x3f, 0x00, 0x00, 0x00, 0x24,
    0x43, 0xcd, 0xcc, 0x0c, 0xc0, 0x52, 0xb8, 0x5e, 0x3f, 0x00, 0x00, 0x80,
    0x27, 0x44, 0x66, 0x66, 0xe6, 0x3f, 0xae, 0x47, 0x81, 0x3f, 0x00, 0x00,
    0xc0, 0xf4, 0x44, 0x33, 0x33, 0xf3, 0xbf, 0x85, 0xeb, 0xf1, 0x3f, 0x02,
    0x00, 0x40, 0x1c, 0x46, 0x9a, 0x99, 0xe9, 0xc0, 0x33, 0x33, 0x33, 0x3f,
    0x00, 0x00, 0x40, 0xc1, 0x45, 0x33, 0x33, 0x13, 0x40, 0xe1, 0x7a, 0x8c,
    0x40, 0x00, 0x00, 0x00, 0x08, 0x42, 0xcd, 0xcc, 0x4c, 0xbe, 0x33, 0x33,
    0x03, 0x40, 0x00, 0x00, 0x00, 0x7c, 0x42, 0xcd, 0xcc, 0x4c, 0x3e, 0xd7,
    0xa3, 0x00, 0x40, 0x00, 0x00, 0x00, 0x3e, 0x45, 0x00, 0x00, 0x00, 0x3f,
    0x3d, 0x0a, 0xbf, 0x40, 0x9a, 0x99, 0xc9, 0xc0, 0x01, 0x00, 0x00, 0xd2,
    0x42, 0xcd, 0xcc, 0xcc, 0xbe, 0x33, 0x33, 0x33, 0x3f, 0x00, 0x00, 0x00,
    0x3b, 0x43, 0xcd, 0xcc, 0xbc, 0xc0, 0x48, 0xe1, 0xfa, 0x3e, 0x00, 0x00,
    0x40, 0x53, 0x45, 0x9a, 0x99, 0xb9, 0x40, 0xf6, 0x28, 0xdc, 0x3f, 0x00,
    0x00, 0xc0, 0x91, 0x44, 0x66, 0x66, 0x06, 0x40, 0x00, 0x00, 0x00, 0x3f,
    0x00, 0x00, 0x00, 0x84, 0x42, 0xcd, 0xcc, 0xcc, 0x3f, 0x7b, 0x14, 0x2e,
    0x3f, 0x02, 0x00, 0x40, 0x1c, 0x46, 0x66, 0x66, 0xa6, 0x3f, 0x33, 0x33,
    0x33, 0x3f, 0x00, 0x00, 0x88, 0xad, 0x45, 0x9a, 0x99, 0x99, 0xbf, 0xe1,
    0x7a, 0x8c, 0x40, 0x00, 0x00, 0x00, 0x29, 0x45, 0x66, 0x66, 0xa6, 0x3f,
    0x0a, 0xd7, 0x23, 0x40, 0x00, 0x00, 0xb8, 0xf4, 0x45, 0x33, 0x33, 0xf3,
    0xbf, 0x33, 0x33, 0x93, 0x40, 0x00, 0x00, 0x30, 0x3d, 0x45, 0x66, 0x66,
    0x06, 0xc0, 0x00, 0x00, 0xc0, 0x40, 0x33, 0x33, 0x83, 0xc0, 0x01, 0x00,
    0x00, 0xd2, 0x42, 0xcd, 0xcc, 0x8c, 0x40, 0x33, 0x33, 0x33, 0x3f, 0x00,
    0x00, 0xc0, 0x3b, 0x44, 0x66, 0x66, 0x96, 0x40, 0xf6, 0x28, 0x1c, 0x3f,
    0x00, 0x00, 0x00, 0xc8, 0x42, 0x9a, 0x99, 0xa9, 0xc0, 0x8f, 0xc2, 0x75,
    0x3e, 0x00, 0x00, 0x90, 0x86, 0x45, 0x9a, 0x99, 0x89, 0x40, 0xae, 0x47,
    0x61, 0x40, 0x00, 0x00, 0xf0, 0xba, 0x45, 0x33, 0x33, 0xd3, 0xc0, 0xd7,
    0xa3, 0x98, 0x40, 0x02, 0x00, 0x40, 0x1c, 0x46, 0xcd, 0xcc, 0x0c, 0xc0,
    0x33, 0x33, 0x33, 0x3f, 0x00, 0x00, 0xf0, 0x2a, 0x45, 0xcd, 0xcc, 0x2c,
    0xc0, 0xd7, 0xa3, 0x90, 0x40, 0x00, 0x00, 0xc0, 0xec, 0x44, 0xcd, 0xcc,
    0x8c, 0x3f, 0x14, 0xae, 0x07, 0x40, 0x00, 0x00, 0xd0, 0x5a, 0x45, 0x00,
    0x00, 0xc0, 0x3f, 0xc3, 0xf5, 0xb8, 0x40, 0x00, 0x00, 0x20, 0x20, 0x45,
    0x33, 0x33, 0x33, 0xbf, 0xa4, 0x70, 0x4d, 0x40, 0xcd, 0xcc, 0x2c, 0xc0,
    0x01, 0x00, 0x00, 0xd2, 0x42, 0x66, 0x66, 0xa6, 0x3f, 0x33, 0x33, 0x33,
    0x3f, 0x00, 0x00, 0xbc, 0x16, 0x46, 0x66, 0x66, 0x06, 0xc0, 0x1f, 0x85,
    0x6b, 0x3f, 0x00, 0x00, 0x00, 0x14, 0x42, 0xcd, 0xcc, 0x2c, 0xc0, 0x00,
    0x00, 0x40, 0x3f, 0x00, 0x00, 0x90, 0x05, 0x45, 0xcd, 0xcc, 0x4c, 0x3f,
    0x33, 0x33, 0xb3, 0x3e, 0x00, 0x00, 0xb0, 0x48, 0x45, 0x33, 0x33, 0xb3,
    0xbf, 0x7b, 0x14, 0x3e, 0x40, 0x02, 0x00, 0x40, 0x1c, 0x46, 0xcd, 0xcc,
    0x2c, 0x40, 0x33, 0x33, 0x33, 0x3f, 0x00, 0x00, 0x20, 0xba, 0x45, 0x33,
    0x33, 0xf3, 0xbf, 0x00, 0x00, 0xc0, 0x40, 0x00, 0x00, 0x38, 0x9f, 0x45,
    0xcd, 0xcc, 0x8c, 0x3f, 0x71, 0x3d, 0x9a, 0x40, 0x00, 0x00, 0x00, 0x27,
    0x43, 0x33, 0x33, 0x33, 0xbf, 0xcd, 0xcc, 0x7c, 0x40, 0x00, 0x00, 0x00,
    0x7c, 0x42, 0xcd, 0xcc, 0x4c, 0x3e, 0x8f, 0xc2, 0x15, 0x40, 0x66, 0x66,
    0xe6, 0xbf, 0x01, 0x00, 0x00, 0xd2, 0x42, 0xcd, 0xcc, 0x4c, 0xbf, 0x33,
    0x33, 0x33, 0x3f, 0x00, 0x00, 0xf8, 0x12, 0x46, 0x00, 0x00, 0x40, 0x40,
    0x14, 0xae, 0xa7, 0x3f, 0x00, 0x00, 0x00, 0x5f, 0x44, 0xcd, 0xcc, 0x2c,
    0x40, 0xae, 0x47, 0x81, 0x3f, 0x00, 0x00, 0x20, 0xc7, 0x44, 0x33, 0x33,
    0xb3, 0xbf, 0xec, 0x51, 0x38, 0x3e, 0x00, 0x00, 0x00, 0x9a, 0x42, 0x33,
    0x33, 0xb3, 0x3f, 0xec, 0x51, 0x98, 0x3f, 0x02, 0x00, 0x40, 0x1c, 0x46,
    0x66, 0x66, 0x66, 0xc0, 0x33, 0x33, 0x33, 0x3f, 0x00, 0x00, 0xf0, 0x92,
    0x45, 0x00, 0x00, 0x00, 0xc0, 0xec, 0x51, 0xb0, 0x40, 0x00, 0x00, 0x30,
    0x5f, 0x45, 0x66, 0x66, 0xa6, 0x3f, 0x29, 0x5c, 0x3f, 0x40, 0x00, 0x00,
    0x30, 0xc0, 0x45, 0xcd, 0xcc, 0x0c, 0x40, 0x29, 0x5c, 0xb7, 0x40, 0x00,
    0x00, 0xf0, 0x98, 0x45, 0x33, 0x33, 0x33, 0xbf, 0xd7, 0xa3, 0x88, 0x40,
    0x00, 0x00, 0xc0, 0xc0, 0x01, 0x00, 0x00, 0xd2, 0x42, 0x00, 0x00, 0xc0,
    0x40, 0x33, 0x33, 0x33, 0x3f, 0x00, 0x00, 0x00, 0xba, 0x42, 0x66, 0x66,
    0xe6, 0x3f, 0xa4, 0x70, 0xbd, 0x3f, 0x00, 0x00, 0xb0, 0x9b, 0x45, 0x66,
    0x66, 0x96, 0x40, 0xec, 0x51, 0xb8, 0x3f, 0x00, 0x00, 0x30, 0xfc, 0x45,
    0x9a, 0x99, 0x59, 0xc0, 0x8f, 0xc2, 0xb5, 0x3f, 0x00, 0x00, 0x20, 0x46,
    0x45, 0x9a, 0x99, 0x19, 0xc0, 0x7b, 0x14, 0x6e, 0x3f, 0x02, 0x00, 0x40,
    0x1c, 0x46, 0x33, 0x33, 0xb3, 0xbf, 0x33, 0x33, 0x33, 0x3f, 0x00, 0x00,
    0x80, 0x4c, 0x44, 0xcd, 0xcc, 0x8c, 0x3f, 0xa4, 0x70, 0xdd, 0x3f, 0x00,
    0x00, 0x40, 0xa0, 0x44, 0x33, 0x33, 0xb3, 0xbf, 0x3d, 0x0a, 0x17, 0x40,
    0x00, 0x00, 0x00, 0x80, 0x43, 0x66, 0x66, 0x66, 0xbf, 0xc3, 0xf5, 0x38,
    0x40, 0x00, 0x00, 0x60, 0x03, 0x45, 0x33, 0x33, 0x33, 0x3f, 0xcd, 0xcc,
    0x6c, 0x40, 0x66, 0x66, 0x46, 0xc0, 0x01, 0x00, 0x00, 0xd2, 0x42, 0x66,
    0x66, 0x96, 0xc0, 0x33, 0x33, 0x33, 0x3f, 0x00, 0x00, 0x00, 0x14, 0x43,
    0x66, 0x66, 0x96, 0x40, 0x3d, 0x0a, 0x57, 0x3f, 0x00, 0x00, 0x00, 0x90,
    0x42, 0x9a, 0x99, 0x19, 0xc0, 0xa4, 0x70, 0x9d, 0x3f, 0x00, 0x00, 0x30,
    0x17, 0x45, 0x33, 0x33, 0x73, 0xc0, 0x48, 0xe1, 0x4a, 0x40, 0x00, 0x00,
    0xc0, 0x13, 0x44, 0x00, 0x00, 0xc0, 0xbf, 0xb8, 0x1e, 0x05, 0x3f, 0x02,
    0x00, 0x40, 0x1c, 0x46, 0x66, 0x66, 0xe6, 0xbf, 0x33, 0x33, 0x33, 0x3f,
    0x00, 0x00, 0xa8, 0xd3, 0x45, 0x66, 0x66, 0x46, 0x40, 0x48, 0xe1, 0xfa,
    0x3f, 0x00, 0x00, 0x90, 0x76, 0x45, 0x00, 0x00, 0xc0, 0xbf, 0x14, 0xae,
    0x27, 0x40, 0x00, 0x00, 0x80, 0xa9, 0x45, 0x33, 0x33, 0xf3, 0x3f, 0x00,
    0x00, 0xc0, 0x40, 0x00, 0x00, 0xc0, 0x8e, 0x44, 0x00, 0x00, 0x00, 0xbf,
    0x29, 0x5c, 0x4f, 0x40, 0x66, 0x66, 0x86, 0xc0, 0x01, 0x00, 0x00, 0xd2,
    0x42, 0x66, 0x66, 0xe6, 0xc0, 0x33, 0x33, 0x33, 0x3f, 0x00, 0x00, 0x40,
    0x97, 0x44, 0x33, 0x33, 0x83, 0x40, 0x48, 0xe1, 0x7a, 0x3f, 0x00, 0x00,
    0xf0, 0x0f, 0x45, 0x33, 0x33, 0xb3, 0xc0, 0x14, 0xae, 0x27, 0x40, 0x00,
    0x00, 0x00, 0x06, 0x43, 0x33, 0x33, 0x73, 0xc0, 0xb8, 0x1e, 0xc5, 0x3f,
    0x00, 0x00, 0x00, 0xd6, 0x43, 0xcd, 0xcc, 0x2c, 0x40, 0x7b, 0x14, 0x6e,
    0x3f, 0x02, 0x00, 0x40, 0x1c, 0x46, 0x9a, 0x99, 0x01, 0xc1, 0x33, 0x33,
    0x33, 0x3f, 0x00, 0x00, 0x00, 0x5f, 0x45, 0x00, 0x00, 0x40, 0x40, 0xa4,
    0x70, 0x8d, 0x40, 0x00, 0x00, 0xb8, 0x8c, 0x45, 0xcd, 0xcc, 0xcc, 0xbf,
    0x0a, 0xd7, 0x83, 0x40, 0x00, 0x00, 0x00, 0x60, 0x42, 0xcd, 0xcc, 0xcc,
    0x3e, 0xf6, 0x28, 0xfc, 0x3f, 0x00, 0x00, 0x68, 0xd7, 0x45, 0x33, 0x33,
    0xf3, 0xbf, 0x00, 0x00, 0xc0, 0x40, 0xcd, 0xcc, 0x4c, 0xc0, 0x01, 0x00,
    0x00, 0xd2, 0x42, 0x00, 0x00, 0xa0, 0xc0, 0x33, 0x33, 0x33, 0x3f, 0x00,
    0x00, 0x10, 0x0b, 0x45, 0x00, 0x00, 0x60, 0x40, 0x00, 0x00, 0x80, 0x3f,
    0x00, 0x00, 0x00, 0x18, 0x43, 0x9a, 0x99, 0xa9, 0xc0, 0x0a, 0xd7, 0x13,
    0x40, 0x00, 0x00, 0x50, 0x68, 0x45, 0x66, 0x66, 0x66, 0xc0, 0xe1, 0x7a,
    0xb4, 0x3f, 0x00, 0x00, 0x00, 0x51, 0x44, 0x00, 0x00, 0x00, 0x40, 0x5c,
    0x8f, 0x42, 0x3f, 0x02, 0x00, 0x40, 0x1c, 0x46, 0xcd, 0xcc, 0xac, 0xc0,
    0x33, 0x33, 0x33, 0x3f, 0x00, 0x00, 0xe0, 0xd4, 0x45, 0x66, 0x66, 0xa6,
    0x3f, 0x85, 0xeb, 0x21, 0x40, 0x00, 0x00, 0x00, 0xdc, 0x42, 0x66, 0x66,
    0xe6, 0x3f, 0x7b, 0x14, 0xbe, 0x40, 0x00, 0x00, 0x00, 0x02, 0x43, 0x66,
    0x66, 0xe6, 0xbf, 0x00, 0x00, 0xc0, 0x40, 0x00, 0x00, 0x00, 0xac, 0x42,
    0xcd, 0xcc, 0xcc, 0x3e, 0x29, 0x5c, 0xaf, 0x3f, 0xcd, 0xcc, 0xac, 0xc0,
    0x01, 0x00, 0x00, 0xd2, 0x42, 0xcd, 0xcc, 0x2c, 0x40, 0x33, 0x33, 0x33,
    0x3f, 0x00, 0x00, 0x00, 0x57, 0x43, 0x66, 0x66, 0x86, 0xc0, 0xf6, 0x28,
    0x1c, 0x3f, 0x00, 0x00, 0x10, 0xc5, 0x45, 0x33, 0x33, 0xb3, 0x40, 0x48,
    0xe1, 0x7a, 0x3f, 0x00, 0x00, 0x20, 0xfc, 0x44, 0x33, 0x33, 0x13, 0x40,
    0xd7, 0xa3, 0xf0, 0x3f, 0x00, 0x00, 0x60, 0x38, 0x45, 0x00, 0x00, 0x40,
    0xc0, 0x52, 0xb8, 0x8e, 0x40, 0x02, 0x00, 0x40, 0x1c, 0x46, 0x9a, 0x99,
    0x19, 0xc0, 0x33, 0x33, 0x33, 0x3f, 0x00, 0x00, 0xc0, 0x45, 0x44, 0x33,
    0x33, 0x33, 0x3f, 0x00, 0x00, 0x20, 0x40, 0x00, 0x00, 0x00, 0xd3, 0x43,
    0xcd, 0xcc, 0xcc, 0xbe, 0x71, 0x3d, 0xea, 0x3f, 0x00, 0x00, 0x00, 0x4c,
    0x43, 0x9a, 0x99, 0x99, 0x3e, 0x33, 0x33, 0x13, 0x40, 0x00, 0x00, 0x00,
    0xfa, 0x42, 0xcd, 0xcc, 0x4c, 0xbe, 0x66, 0x66, 0x16, 0x40, 0x33, 0x33,
    0x83, 0xc0, 0x01, 0x00, 0x00, 0xd2, 0x42, 0x9a, 0x99, 0x39, 0x40, 0x33,
    0x33, 0x33, 0x3f, 0x00, 0x00, 0x40, 0xff, 0x44, 0x66, 0x66, 0x86, 0xc0,
    0xc3, 0xf5, 0x08, 0x40, 0x00, 0x00, 0x00, 0x4b, 0x45, 0x33, 0x33, 0xa3,
    0x40, 0xcd, 0xcc, 0x1c, 0x40, 0x00, 0x00, 0x00, 0xbe, 0x44, 0x66, 0x66,
    0xa6, 0xbf, 0x1f, 0x85, 0xab, 0x3f, 0x00, 0x00, 0x80, 0x1a, 0x44, 0x9a,
    0x99, 0x99, 0x3f, 0x8f, 0xc2, 0xb5, 0x3f, 0x02, 0x00, 0x40, 0x1c, 0x46,
    0x66, 0x66, 0x66, 0x40, 0x33, 0x33, 0x33, 0x3f, 0x00, 0x00, 0x00, 0x18,
    0x43, 0x66, 0x66, 0x66, 0xbf, 0x14, 0xae, 0xc7, 0x3f, 0x00, 0x00, 0x68,
    0x99, 0x45, 0x33, 0x33, 0x33, 0xc0, 0x00, 0x00, 0xc0, 0x40, 0x00, 0x00,
    0xa0, 0xdd, 0x45, 0x00, 0x00, 0x00, 0xc0, 0x00, 0x00, 0xa0, 0x40, 0x00,
    0x00, 0x40, 0xb5, 0x45, 0x33, 0x33, 0x13, 0x40, 0x14, 0xae, 0xbf, 0x40,
    0x9a, 0x99, 0xc9, 0xc0, 0x01, 0x00, 0x00, 0xd2, 0x42, 0x9a, 0x99, 0xc9,
    0x40, 0x33, 0x33, 0x33, 0x3f, 0x00, 0x00, 0x80, 0xba, 0x44, 0x66, 0x66,
    0xf6, 0xc0, 0xc3, 0xf5, 0x18, 0x40, 0x00, 0x00, 0xb0, 0x3a, 0x45, 0xcd,
    0xcc, 0xfc, 0x40, 0x0a, 0xd7, 0x23, 0x3f, 0x00, 0x00, 0x80, 0x70, 0x44,
    0x00, 0x00, 0xc0, 0xc0, 0x14, 0xae, 0x87, 0x3f, 0x00, 0x00, 0x00, 0xa0,
    0x43, 0xcd, 0xcc, 0xcc, 0xbf, 0xb8, 0x1e, 0x05, 0x3f, 0x02, 0x00, 0x40,
    0x1c, 0x46, 0x66, 0x66, 0x66, 0xc0, 0x33, 0x33, 0x33, 0x3f, 0x00, 0x00,
    0x18, 0xb1, 0x45, 0x66, 0x66, 0x26, 0x40, 0xf6, 0x28, 0x84, 0x40, 0x00,
    0x00, 0xb0, 0x52, 0x45, 0x66, 0x66, 0xa6, 0xbf, 0xae, 0x47, 0xa1, 0x40,
    0x00, 0x00, 0x00, 0x84, 0x42, 0x9a, 0x99, 0x99, 0x3e, 0xcd, 0xcc, 0xec,
    0x3f, 0x00, 0x00, 0xd0, 0x15, 0x45, 0x9a, 0x99, 0x19, 0x3f, 0x9a, 0x99,
    0x89, 0x40, 0x33, 0x33, 0xd3, 0xc0, 0x01, 0x00, 0x00, 0xd2, 0x42, 0x33,
    0x33, 0xc3, 0x40, 0x33, 0x33, 0x33, 0x3f, 0x00, 0x00, 0x40, 0xb2, 0x44,
    0x66, 0x66, 0x06, 0xc1, 0xd7, 0xa3, 0x90, 0x3f, 0x00, 0x00, 0x60, 0x1c,
    0x45, 0x66, 0x66, 0x36, 0x41, 0x71, 0x3d, 0x8a, 0x3f, 0x00, 0x00, 0x40,
    0x99, 0x44, 0xcd, 0xcc, 0x6c, 0xc0, 0xec, 0x51, 0x38, 0x3e, 0x00, 0x00,
    0x80, 0xa2, 0x45, 0x00, 0x00, 0xd0, 0x40, 0x14, 0xae, 0xa7, 0x3f, 0x02,
    0x00, 0x40, 0x1c, 0x46, 0x66, 0x66, 0x26, 0xc0, 0x33, 0x33, 0x33, 0x3f,
    0x00, 0x00, 0xb8, 0xc6, 0x45, 0x66, 0x66, 0xa6, 0x3f, 0x8f, 0xc2, 0x65,
    0x40, 0x00, 0x00, 0x00, 0x1d, 0x43, 0xcd, 0xcc, 0xcc, 0xbe, 0xf6, 0x28,
    0x9c, 0x3f, 0x00, 0x00, 0x00, 0xba, 0x43, 0xcd, 0xcc, 0xcc, 0x3e, 0x85,
    0xeb, 0xd1, 0x3f, 0x00, 0x00, 0x10, 0xa1, 0x45, 0x33, 0x33, 0x33, 0xbf,
    0x8f, 0xc2, 0x95, 0x40, 0x33, 0x33, 0xd3, 0xc0, 0x01, 0x00, 0x00, 0xd2,
    0x42, 0x00, 0x00, 0xf0, 0x40, 0x33, 0x33, 0x33, 0x3f, 0x00, 0x00, 0xd0,
    0x1f, 0x45, 0x66, 0x66, 0x06, 0x41, 0xd7, 0xa3, 0xd0, 0x3f, 0x00, 0x00,
    0x48, 0x81, 0x45, 0x66, 0x66, 0xb6, 0xc0, 0x29, 0x5c, 0x0f, 0x3f, 0x00,
    0x00, 0x00, 0xf0, 0x42, 0x33, 0x33, 0xb3, 0xc0, 0xcd, 0xcc, 0xcc, 0x3e,
    0x00, 0x00, 0x00, 0x77, 0x44, 0x33, 0x33, 0x93, 0x40, 0xb8, 0x1e, 0x05,
    0x3f, 0x02, 0x00, 0x40, 0x1c, 0x46, 0xcd, 0xcc, 0x8c, 0x3f, 0x33, 0x33,
    0x33, 0x3f, 0x00, 0x00, 0x60, 0xd3, 0x45, 0x66, 0x66, 0x06, 0xc0, 0xec,
    0x51, 0x98, 0x40, 0x00, 0x00, 0xe0, 0x9c, 0x45, 0x00, 0x00, 0xc0, 0x3f,
    0xa4, 0x70, 0x7d, 0x40, 0x00, 0x00, 0x20, 0x6d, 0x45, 0x66, 0x66, 0x66,
    0xbf, 0x7b, 0x14, 0x9e, 0x40, 0x00, 0x00, 0x00, 0x08, 0x42, 0x00, 0x00,
    0x00, 0x3f, 0x00, 0x00, 0x80, 0x40, 0x00, 0x00, 0xc0, 0xc0, 0x01, 0x00,
    0x00, 0xd2, 0x42, 0x00, 0x00, 0xc0, 0x40, 0x33, 0x33, 0x33, 0x3f, 0x00,
    0x00, 0x00, 0xab, 0x43, 0x66, 0x66, 0x26, 0xc0, 0x66, 0x66, 0xe6, 0x3e,
    0x00, 0x00, 0x60, 0x94, 0x44, 0x00, 0x00, 0xa0, 0x40, 0xae, 0x47, 0xc1,
    0x3f, 0x00, 0x00, 0x98, 0x9d, 0x45, 0x00, 0x00, 0x08, 0xc1, 0x48, 0xe1,
    0x7a, 0x40, 0x00, 0x00, 0x00, 0xa4, 0x42, 0xcd, 0xcc, 0xcc, 0x3f, 0x52,
    0xb8, 0x9e, 0x3f, 0x02, 0x00, 0x40, 0x1c, 0x46, 0x9a, 0x99, 0x11, 0xc1,
    0x33, 0x33, 0x33, 0x3f, 0x00, 0x00, 0xc0, 0x0e, 0x46, 0x9a, 0x99, 0xa9,
    0x40, 0xa4, 0x70, 0xbd, 0x3f, 0x00, 0x00, 0x90, 0x42, 0x45, 0x33, 0x33,
    0x13, 0x40, 0x00, 0x00, 0xc0, 0x40, 0x00, 0x00, 0xb0, 0x6b, 0x45, 0xcd,
    0xcc, 0xcc, 0xbf, 0x14, 0xae, 0xb7, 0x40, 0x00, 0x00, 0x60, 0xb9, 0x45,
    0x00, 0x00, 0x00, 0xc0, 0x85, 0xeb, 0xb9, 0x40, 0x33, 0x33, 0xc3, 0xc0,
    0x01, 0x00, 0x00, 0xd2, 0x42, 0x9a, 0x99, 0x19, 0x40, 0x33, 0x33, 0x33,
    0x3f, 0x00, 0x00, 0x00, 0x56, 0x43, 0x9a, 0x99, 0xb9, 0xc0, 0xa4, 0x70,
    0xbd, 0x3e, 0x00, 0x00, 0x00, 0xa1, 0x44, 0x9a, 0x99, 0xb9, 0x40, 0xec,
    0x51, 0x98, 0x3f, 0x00, 0x00, 0xe0, 0x00, 0x46, 0x00, 0x00, 0xd0, 0x40,
    0xf6, 0x28, 0x2c, 0x40, 0x00, 0x00, 0x00, 0x92, 0x42, 0x33, 0x33, 0x33,
    0x40, 0x0a, 0xd7, 0x83, 0x3f, 0x02, 0x00, 0x40, 0x1c, 0x46, 0x00, 0x00,
    0xa0, 0xc0, 0x33, 0x33, 0x33, 0x3f, 0x00, 0x00, 0x68, 0x99, 0x45, 0x00,
    0x00, 0xb0, 0xc0, 0x66, 0x66, 0x96, 0x40, 0x00, 0x00, 0xb0, 0x42, 0x45,
    0x9a, 0x99, 0x79, 0x40, 0x66, 0x66, 0x76, 0x40, 0x00, 0x00, 0xd0, 0xdf,
    0x45, 0x00, 0x00, 0x60, 0x40, 0x7b, 0x14, 0xae, 0x40, 0x00, 0x00, 0xc0,
    0xd5, 0x44, 0x66, 0x66, 0xa6, 0xbf, 0xc3, 0xf5, 0x90, 0x40, 0x00, 0x00,
    0x90, 0xc0, 0x01, 0x00, 0x00, 0xd2, 0x42, 0x00, 0x00, 0x80, 0x3f, 0x33,
    0x33, 0x33, 0x3f, 0x00, 0x00, 0x40, 0x84, 0x44, 0x00, 0x00, 0xb0, 0x40,
    0xa4, 0x70, 0xbd, 0x3e, 0x00, 0x00, 0x00, 0x3c, 0x43, 0xcd, 0xcc, 0xbc,
    0xc0, 0x14, 0xae, 0xc7, 0x3e, 0x00, 0x00, 0xc0, 0xb3, 0x45, 0xcd, 0xcc,
    0x8c, 0xc0, 0x7b, 0x14, 0x86, 0x40, 0x00, 0x00, 0x18, 0x05, 0x46, 0x00,
    0x00, 0x60, 0xc0, 0x8f, 0xc2, 0xf5, 0x3f, 0x02, 0x00, 0x40, 0x1c, 0x46,
    0xcd, 0xcc, 0xcc, 0x3e, 0x33, 0x33, 0x33, 0x3f, 0x00, 0x00, 0x40, 0x5c,
    0x45, 0xcd, 0xcc, 0x2c, 0x40, 0x8f, 0xc2, 0xbd, 0x40, 0x00, 0x00, 0xd0,
    0x87, 0x45, 0x00, 0x00, 0x80, 0xbf, 0x7b, 0x14, 0x86, 0x40, 0x00, 0x00,
    0xd0, 0x3f, 0x45, 0x33, 0x33, 0xb3, 0xbf, 0x00, 0x00, 0xc0, 0x40, 0x00,
    0x00, 0x80, 0xd9, 0x44, 0x33, 0x33, 0x33, 0xbf, 0x5c, 0x8f, 0x92, 0x40,
    0xcd, 0xcc, 0x9c, 0xc0, 0x01, 0x00, 0x00, 0xd2, 0x42, 0x00, 0x00, 0x20,
    0x40, 0x33, 0x33, 0x33, 0x3f, 0x00, 0x00, 0x00, 0x25, 0x43, 0x00, 0x00,
    0xb0, 0xc0, 0x33, 0x33, 0xb3, 0x3e, 0x00, 0x00, 0x00, 0x73, 0x44, 0x66,
    0x66, 0xa6, 0x40, 0xcd, 0xcc, 0xcc, 0x3e, 0x00, 0x00, 0xe4, 0x0c, 0x46,
    0x00, 0x00, 0x80, 0xc0, 0xa4, 0x70, 0xdd, 0x3f, 0x00, 0x00, 0xa8, 0xba,
    0x45, 0x66, 0x66, 0xa6, 0xc0, 0x52, 0xb8, 0xa6, 0x40, 0x02, 0x00, 0x40,
    0x1c, 0x46, 0x66, 0x66, 0xe6, 0xbf, 0x33, 0x33, 0x33, 0x3f, 0x00, 0x00,
    0x40, 0xe1, 0x44, 0x00, 0x00, 0xc0, 0xbf, 0x3d, 0x0a, 0x57, 0x40, 0x00,
    0x00, 0x10, 0x51, 0x45, 0x66, 0x66, 0x06, 0x40, 0x00, 0x00, 0xc0, 0x40,
    0x00, 0x00, 0xc0, 0xa9, 0x44, 0xcd, 0xcc, 0x8c, 0x3f, 0xe1, 0x7a, 0x74,
    0x40, 0x00, 0x00, 0x00, 0x18, 0x42, 0x9a, 0x99, 0x99, 0xbe, 0xa4, 0x70,
    0xfd, 0x3f, 0x33, 0x33, 0x73, 0xc0, 0x01, 0x00, 0x00, 0xd2, 0x42, 0xcd,
    0xcc, 0xcc, 0xbe, 0x33, 0x33, 0x33, 0x3f, 0x00, 0x00, 0x00, 0x2a, 0x43,
    0x33, 0x33, 0xa3, 0xc0, 0x8f, 0xc2, 0x35, 0x3f, 0x00, 0x00, 0x80, 0x14,
    0x44, 0x9a, 0x99, 0x39, 0x40, 0x0a, 0xd7, 0xa3, 0x3e, 0x00, 0x00, 0x20,
    0xc8, 0x45, 0x66, 0x66, 0x66, 0x40, 0xd7, 0xa3, 0x80, 0x40, 0x00, 0x00,
    0x00, 0xa2, 0x43, 0x66, 0x66, 0xe6, 0xbf, 0x3d, 0x0a, 0x97, 0x3f, 0x02,
    0x00, 0x40, 0x1c, 0x46, 0xcd, 0xcc, 0xcc, 0x3e, 0x33, 0x33, 0x33, 0x3f,
    0x00, 0x00, 0xa0, 0x60, 0x45, 0x33, 0x33, 0xb3, 0x3f, 0x8f, 0xc2, 0x55,
    0x40, 0x00, 0x00, 0xc0, 0xa7, 0x44, 0x9a, 0x99, 0x19, 0xbf, 0x7b, 0x14,
    0xee, 0x3f, 0x00, 0x00, 0x38, 0x97, 0x45, 0x9a, 0x99, 0x99, 0xbf, 0xe1,
    0x7a, 0xac, 0x40, 0x00, 0x00, 0x80, 0x51, 0x44, 0x00, 0x00, 0x00, 0x3f,
    0xec, 0x51, 0x18, 0x40, 0x66, 0x66, 0xb6, 0xc0, 0x01, 0x00, 0x00, 0xd2,
    0x42, 0x66, 0x66, 0x46, 0xc0, 0x33, 0x33, 0x33, 0x3f, 0x00, 0x00, 0x00,
    0x30, 0x43, 0x66, 0x66, 0x86, 0xc0, 0x66, 0x66, 0x66, 0x3f, 0x00, 0x00,
    0xb0, 0x50, 0x45, 0xcd, 0xcc, 0x9c, 0x40, 0xa4, 0x70, 0x3d, 0x40, 0x00,
    0x00, 0xc0, 0x30, 0x44, 0x33, 0x33, 0x13, 0x40, 0xec, 0x51, 0xd8, 0x3f,
    0x00, 0x00, 0xe0, 0xc6, 0x45, 0x66, 0x66, 0xa6, 0x40, 0xc3, 0xf5, 0x68,
    0x40, 0x02, 0x00, 0x40, 0x1c, 0x46, 0x66, 0x66, 0x26, 0x40, 0x33, 0x33,
    0x33, 0x3f, 0x00, 0x00, 0x60, 0xf1, 0x44, 0x9a, 0x99, 0xd9, 0xbf, 0x7b,
    0x14, 0x0e, 0x40, 0x00, 0x00, 0x40, 0x2a, 0x45, 0x9a, 0x99, 0x99, 0x3f,
    0x29, 0x5c, 0x97, 0x40, 0x00, 0x00, 0x00, 0x6c, 0x42, 0x9a, 0x99, 0x99,
    0x3e, 0xcd, 0xcc, 0xec, 0x3f, 0x00, 0x00, 0x40, 0x75, 0x44, 0x00, 0x00,
    0x00, 0x3f, 0xcd, 0xcc, 0x4c, 0x40, 0xcd, 0xcc, 0xcc, 0xc0, 0x01, 0x00,
    0x00, 0xd2, 0x42, 0xcd, 0xcc, 0x4c, 0xbf, 0x33, 0x33, 0x33, 0x3f, 0x00,
    0x00, 0x20, 0xce, 0x45, 0x33, 0x33, 0xc3, 0x40, 0xd7, 0xa3, 0x20, 0x40,
    0x00, 0x00, 0xf0, 0x28, 0x45, 0xcd, 0xcc, 0x8c, 0xc0, 0x33, 0x33, 0x33,
    0x40, 0x00, 0x00, 0x40, 0xaa, 0x44, 0x66, 0x66, 0x06, 0xc0, 0xec, 0x51,
    0xf8, 0x3f, 0x00, 0x00, 0x70, 0x61, 0x45, 0xcd, 0xcc, 0x6c, 0x40, 0x3d,
    0x0a, 0x97, 0x40, 0x02, 0x00, 0x40, 0x1c, 0x46, 0xcd, 0xcc, 0x6c, 0x40,
    0x33, 0x33, 0x33, 0x3f, 0x00, 0x00, 0x00, 0x0f, 0x43, 0x9a, 0x99, 0x99,
    0xbf, 0x14, 0xae, 0xc7, 0x3f, 0x00, 0x00, 0x00, 0xbb, 0x43, 0x33, 0x33,
    0x33, 0x3f, 0x48, 0xe1, 0x9a, 0x3f, 0x00, 0x00, 0x80, 0x92, 0x45, 0xcd,
    0xcc, 0x0c, 0xc0, 0x00, 0x00, 0xc0, 0x40, 0x00, 0x00, 0x00, 0x70, 0x42,
    0xcd, 0xcc, 0xcc, 0x3e, 0x1f, 0x85, 0xab, 0x3f, 0x9a, 0x99, 0x89, 0xc0,
    0x01, 0x00, 0x00, 0xd2, 0x42, 0xcd, 0xcc, 0x0c, 0xc0, 0x33, 0x33, 0x33,
    0x3f, 0x00, 0x00, 0x60, 0xe3, 0x44, 0x66, 0x66, 0x96, 0xc0, 0xa4, 0x70,
    0x3d, 0x3f, 0x00, 0x00, 0x00, 0x11, 0x43, 0x33, 0x33, 0x53, 0x40, 0x1f,
    0x85, 0x6b, 0x3e, 0x00, 0x00, 0xf8, 0xc3, 0x45, 0x9a, 0x99, 0x99, 0x40,
    0x8f, 0xc2, 0xd5, 0x3f, 0x00, 0x00, 0x00, 0x0e, 0x44, 0x9a, 0x99, 0x19,
    0xc0, 0xd7, 0xa3, 0xf0, 0x3f, 0x02, 0x00, 0x40, 0x1c, 0x46, 0x9a, 0x99,
    0x99, 0x3e, 0x33, 0x33, 0x33, 0x3f, 0x00, 0x00, 0x30, 0x62, 0x45, 0x33,
    0x33, 0x13, 0x40, 0x85, 0xeb, 0x99, 0x40, 0x00, 0x00, 0x30, 0x2d, 0x45,
    0x9a, 0x99, 0xd9, 0xbf, 0x48, 0xe1, 0x7a, 0x40, 0x00, 0x00, 0x00, 0x88,
    0x42, 0xcd, 0xcc, 0x4c, 0x3f, 0x00, 0x00, 0xe0, 0x3f, 0x00, 0x00, 0x00,
    0xfe, 0x42, 0xcd, 0xcc, 0x4c, 0xbf, 0xe1, 0x7a, 0xf4, 0x3f, 0xcd, 0xcc,
    0xcc, 0xc0, 0x01, 0x00, 0x00, 0xd2, 0x42, 0x00, 0x00, 0xd0, 0x40, 0x33,
    0x33, 0x33, 0x3f, 0x00, 0x00, 0x80, 0x02, 0x45, 0x9a, 0x99, 0x59, 0x40,
    0x85, 0xeb, 0xf1, 0x3f, 0x00, 0x00, 0x00, 0x90, 0x43, 0x66, 0x66, 0x66,
    0xc0, 0x48, 0xe1, 0xfa, 0x3e, 0x00, 0x00, 0x80, 0xbb, 0x45, 0x66, 0x66,
    0x96, 0xc0, 0x71, 0x3d, 0x82, 0x40, 0x00, 0x00, 0x00, 0x6f, 0x44, 0x66,
    0x66, 0x66, 0x40, 0xb8, 0x1e, 0x85, 0x3f, 0x02, 0x00, 0x40, 0x1c, 0x46,
    0xcd, 0xcc, 0x8c, 0x40, 0x33, 0x33, 0x33, 0x3f, 0x00, 0x00, 0x00, 0x78,
    0x42, 0xcd, 0xcc, 0x4c, 0x3f, 0xc3, 0xf5, 0x48, 0x40, 0x00, 0x00, 0x00,
    0xe2, 0x42, 0xcd, 0xcc, 0xcc, 0xbe, 0xa4, 0x70, 0xdd, 0x3f, 0x00, 0x00,
    0x00, 0x5c, 0x45, 0x33, 0x33, 0x33, 0xbf, 0xa4, 0x70, 0x8d, 0x40, 0x00,
    0x00, 0xf0, 0xd8, 0x45, 0xcd, 0xcc, 0x8c, 0xbf, 0xec, 0x51, 0x90, 0x40,
    0x00, 0x00, 0xc0, 0xc0, 0x01, 0x00, 0x00, 0xd2, 0x42, 0x33, 0x33, 0x33,
    0xc0, 0x33, 0x33, 0x33, 0x3f, 0x00, 0x00, 0x00, 0x33, 0x43, 0x9a, 0x99,
    0xa9, 0xc0, 0x48, 0xe1, 0x3a, 0x3f, 0x00, 0x00, 0x18, 0x8b, 0x45, 0x00,
    0x00, 0xa0, 0x40, 0x3d, 0x0a, 0x17, 0x3f, 0x00, 0x00, 0x40, 0x3e, 0x44,
    0xcd, 0xcc, 0x2c, 0x40, 0xd7, 0xa3, 0xb0, 0x3f, 0x00, 0x00, 0x00, 0x9f,
    0x45, 0x9a, 0x99, 0xe9, 0xc0, 0xcd, 0xcc, 0x84, 0x40, 0x02, 0x00, 0x40,
    0x1c, 0x46, 0xcd, 0xcc, 0xbc, 0x40, 0x33, 0x33, 0x33, 0x3f, 0x00, 0x00,
    0x50, 0xf0, 0x45, 0x00, 0x00, 0x20, 0xc0, 0x71, 0x3d, 0x5a, 0x40, 0x00,
    0x00, 0x58, 0x18, 0x46, 0x9a, 0x99, 0x99, 0xbe, 0x00, 0x00, 0xc0, 0x40,
    0x00, 0x00, 0x80, 0x7d, 0x44, 0xcd, 0xcc, 0x4c, 0x3e, 0x52, 0xb8, 0x2e,
    0x40, 0x00, 0x00, 0x60, 0xb3, 0x44, 0x9a, 0x99, 0x19, 0xbf, 0x00, 0x00,
    0xb0, 0x40, 0x00, 0x00, 0xe0, 0xc0, 0x01, 0x00, 0x00, 0xd2, 0x42, 0x33,
    0x33, 0xd3, 0x40, 0x33, 0x33, 0x33, 0x3f, 0x00, 0x00, 0x00, 0x26, 0x43,
    0x9a, 0x99, 0x01, 0xc1, 0x52, 0xb8, 0xbe, 0x3f, 0x00, 0x00, 0x70, 0x26,
    0x45, 0xcd, 0xcc, 0xbc, 0x40, 0xf6, 0x28, 0x0c, 0x40, 0x00, 0x00, 0x00,
    0x71, 0x44, 0x33, 0x33, 0xa3, 0xc0, 0xec, 0x51, 0xd8, 0x3f, 0x00, 0x00,
    0xa0, 0xec, 0x44, 0x66, 0x66, 0x46, 0x40, 0x48, 0xe1, 0xfa, 0x3f, 0x02,
    0x00, 0x40, 0x1c, 0x46, 0xcd, 0xcc, 0x2c, 0x40, 0x33, 0x33, 0x33, 0x3f,
    0x00, 0x00, 0x98, 0xfe, 0x45, 0x33, 0x33, 0xb3, 0x40, 0x5c, 0x8f, 0x82,
    0x3f, 0x00, 0x00, 0x58, 0xba, 0x45, 0x66, 0x66, 0xe6, 0xc0, 0x8f, 0xc2,
    0x8d, 0x40, 0x00, 0x00, 0x80, 0x83, 0x45, 0xcd, 0xcc, 0x4c, 0xc0, 0xb8,
    0x1e, 0x95, 0x40, 0x00, 0x00, 0x00, 0xbf, 0x43, 0x00, 0x00, 0x80, 0x3f,
    0xb8, 0x1e, 0x55, 0x40, 0x33, 0x33, 0xe3, 0xc0, 0x01, 0x00, 0x00, 0xd2,
    0x42, 0x66, 0x66, 0x66, 0x40, 0x33, 0x33, 0x33, 0x3f, 0x00, 0x00, 0x00,
    0x1a, 0x43, 0x66, 0x66, 0x06, 0xc0, 0xec, 0x51, 0x38, 0x3e, 0x00, 0x00,
    0x00, 0x5e, 0x44, 0x66, 0x66, 0xb6, 0x40, 0xc3, 0xf5, 0xa8, 0x3f, 0x00,
    0x00, 0xc0, 0xe0, 0x44, 0x9a, 0x99, 0xa9, 0xc0, 0x71, 0x3d, 0x1a, 0x40,
    0x00, 0x00, 0xd8, 0xb9, 0x45, 0x9a, 0x99, 0x99, 0x40, 0xf6, 0x28, 0x6c,
    0x40, 0x02, 0x00, 0x40, 0x1c, 0x46, 0x33, 0x33, 0xe3, 0x40, 0x33, 0x33,
    0x33, 0x3f, 0x00, 0x00, 0x30, 0x81, 0x45, 0x66, 0x66, 0x46, 0xc0, 0x71,
    0x3d, 0x8a, 0x40, 0x00, 0x00, 0x00, 0x14, 0x42, 0x00, 0x00, 0x80, 0xbf,
    0x5c, 0x8f, 0x12, 0x40, 0x00, 0x00, 0x00, 0x51, 0x43, 0x9a, 0x99, 0x99,
    0x3e, 0x0a, 0xd7, 0xe3, 0x3f, 0x00, 0x00, 0x00, 0x70, 0x42, 0x9a, 0x99,
    0x19, 0x3f, 0xf6, 0x28, 0x1c, 0x40, 0x9a, 0x99, 0xd9, 0xc0, 0x01, 0x00,
    0x00, 0xd2, 0x42, 0xcd, 0xcc, 0xfc, 0x40, 0x33, 0x33, 0x33, 0x3f, 0x00,
    0x00, 0x00, 0x03, 0x43, 0x00, 0x00, 0xc0, 0xc0, 0x33, 0x33, 0xb3, 0x3e,
    0x00, 0x00, 0xc0, 0x1c, 0x44, 0x9a, 0x99, 0xa9, 0x40, 0xe1, 0x7a, 0xf4,
    0x3f, 0x00, 0x00, 0xa0, 0x1a, 0x45, 0xcd, 0xcc, 0xdc, 0x40, 0x66, 0x66,
    0x26, 0x40, 0x00, 0x00, 0xc0, 0xc4, 0x44, 0x33, 0x33, 0xa3, 0xc0, 0x8f,
    0xc2, 0x25, 0x40, 0x02, 0x00, 0x40, 0x1c, 0x46, 0x00, 0x00, 0xd0, 0x40,
    0x33, 0x33, 0x33, 0x3f, 0x00, 0x00, 0x40, 0xac, 0x45, 0x00, 0x00, 0xd0,
    0x40, 0x66, 0x66, 0x36, 0x40, 0x00, 0x00, 0xf8, 0x81, 0x45, 0x66, 0x66,
    0xe6, 0xc0, 0x52, 0xb8, 0x8e, 0x40, 0x00, 0x00, 0x40, 0x1c, 0x46, 0x33,
    0x33, 0x13, 0x40, 0x5c, 0x8f, 0x62, 0x40, 0x00, 0x00, 0x00, 0x3b, 0x43,
    0x66, 0x66, 0xe6, 0x3f, 0x3d, 0x0a, 0x77, 0x40, 0x66, 0x66, 0xb6, 0xc0,
    0x01, 0x00, 0x00, 0xd2, 0x42, 0x9a, 0x99, 0x19, 0x41, 0x33, 0x33, 0x33,
    0x3f, 0x00, 0x00, 0x00, 0x5c, 0x42, 0x33, 0x33, 0xf3, 0xc0, 0x85, 0xeb,
    0xd1, 0x3e, 0x00, 0x00, 0xc0, 0x91, 0x45, 0x9a, 0x99, 0x79, 0x40, 0x5c,
    0x8f, 0x22, 0x40, 0x00, 0x00, 0x70, 0xed, 0x45, 0xcd, 0xcc, 0x2c, 0x40,
    0x8f, 0xc2, 0x85, 0x40, 0x00, 0x00, 0x00, 0x74, 0x44, 0x66, 0x66, 0xa6,
    0xbf, 0x66, 0x66, 0x36, 0x40, 0x02, 0x00, 0x40, 0x1c, 0x46, 0x33, 0x33,
    0xa3, 0x40, 0x33, 0x33, 0x33, 0x3f, 0x00, 0x00, 0x80, 0x16, 0x46, 0x33,
    0x33, 0x33, 0xc0, 0xf6, 0x28, 0x5c, 0x40, 0x00, 0x00, 0x60, 0x1b, 0x45,
    0x9a, 0x99, 0x19, 0xbf, 0x1f, 0x85, 0x1b, 0x40, 0x00, 0x00, 0xe0, 0x6c,
    0x45, 0x00, 0x00, 0x00, 0x3f, 0x14, 0xae, 0xbf, 0x40, 0x00, 0x00, 0x78,
    0xc5, 0x45, 0x00, 0x00, 0x80, 0xbf, 0x00, 0x00, 0xc0, 0x40, 0x00, 0x00,
    0x60, 0xc0, 0x01, 0x00, 0x00, 0xd2, 0x42, 0x33, 0x33, 0x83, 0xc0, 0x33,
    0x33, 0x33, 0x3f, 0x00, 0x00, 0x00, 0x44, 0x43, 0x00, 0x00, 0x90, 0xc0,
    0x48, 0xe1, 0x3a, 0x3f, 0x00, 0x00, 0xc0, 0xbf, 0x44, 0xcd, 0xcc, 0x2c,
    0x40, 0xec, 0x51, 0x98, 0x3f, 0x00, 0x00, 0x50, 0xc6, 0x45, 0x9a, 0x99,
    0x59, 0x40, 0x66, 0x66, 0xa6, 0x3f, 0x00, 0x00, 0x80, 0x14, 0x44, 0x66,
    0x66, 0x66, 0x3f, 0x00, 0x00, 0xa0, 0x3f, 0x02, 0x00, 0x40, 0x1c, 0x46,
    0x00, 0x00, 0x80, 0x3f, 0x33, 0x33, 0x33, 0x3f, 0x00, 0x00, 0x00, 0x1c,
    0x42, 0x33, 0x33, 0x33, 0xbf, 0x5c, 0x8f, 0x22, 0x40, 0x00, 0x00, 0x00,
    0x8a, 0x42, 0xcd, 0xcc, 0xcc, 0x3e, 0x3d, 0x0a, 0xd7, 0x3f, 0x00, 0x00,
    0xc0, 0x87, 0x45, 0xcd, 0xcc, 0x8c, 0x3f, 0xae, 0x47, 0xb1, 0x40, 0x00,
    0x00, 0xa0, 0xa3, 0x45, 0x9a, 0x99, 0x99, 0xbf, 0x00, 0x00, 0xc0, 0x40,
    0x00, 0x00, 0xa0, 0xc0, 0x01, 0x00, 0x00, 0xd2, 0x42, 0x00, 0x00, 0xf0,
    0xc0, 0x33, 0x33, 0x33, 0x3f, 0x00, 0x00, 0xb0, 0xa9, 0x45, 0x00, 0x00,
    0x20, 0x41, 0x3d, 0x0a, 0x57, 0x3e, 0x00, 0x00, 0x00, 0x43, 0x43, 0xcd,
    0xcc, 0xbc, 0xc0, 0x14, 0xae, 0x47, 0x3f, 0x00, 0x00, 0x40, 0x32, 0x44,
    0x00, 0x00, 0x80, 0x3f, 0xec, 0x51, 0xd8, 0x3f, 0x00, 0x00, 0x08, 0x98,
    0x45, 0xcd, 0xcc, 0x1c, 0xc1, 0x1f, 0x85, 0x2b, 0x3f, 0x02, 0x00, 0x40,
    0x1c, 0x46, 0x66, 0x66, 0x26, 0xc0, 0x33, 0x33, 0x33, 0x3f, 0x00, 0x00,
    0x00, 0x86, 0x42, 0x00, 0x00, 0x80, 0x3f, 0x00, 0x00, 0xe0, 0x3f, 0x00,
    0x00, 0x00, 0xee, 0x42, 0xcd, 0xcc, 0x4c, 0xbf, 0x85, 0xeb, 0x11, 0x40,
    0x00, 0x00, 0x50, 0x0f, 0x45, 0x9a, 0x99, 0x99, 0x3f, 0xc3, 0xf5, 0x38,
    0x40, 0x00, 0x00, 0x70, 0x4a, 0x45, 0x9a, 0x99, 0x99, 0xbf, 0x85, 0xeb,
    0x71, 0x40, 0x33, 0x33, 0xc3, 0xc0, 0x01, 0x00, 0x00, 0xd2, 0x42, 0x66,
    0x66, 0xb6, 0x40, 0x33, 0x33, 0x33, 0x3f, 0x00, 0x00, 0x20, 0xb6, 0x45,
    0xcd, 0xcc, 0x24, 0xc1, 0x52, 0xb8, 0xfe, 0x3f, 0x00, 0x00, 0x00, 0x11,
    0x43, 0x33, 0x33, 0x83, 0x40, 0x0a, 0xd7, 0x63, 0x3f, 0x00, 0x00, 0x40,
    0xfb, 0x44, 0xcd, 0xcc, 0x2c, 0x40, 0x8f, 0xc2, 0xf5, 0x3e, 0x00, 0x00,
    0x20, 0x53, 0x45, 0x66, 0x66, 0x06, 0xc1, 0xa4, 0x70, 0x2d, 0x40, 0x02,
    0x00, 0x40, 0x1c, 0x46, 0x9a, 0x99, 0x19, 0xc0, 0x33, 0x33, 0x33, 0x3f,
    0x00, 0x00, 0x00, 0xa7, 0x44, 0x33, 0x33, 0x33, 0xbf, 0xec, 0x51, 0x28,
    0x40, 0x00, 0x00, 0x00, 0x4e, 0x44, 0x33, 0x33, 0x33, 0x3f, 0x00, 0x00,
    0x20, 0x40, 0x00, 0x00, 0x50, 0x06, 0x45, 0x9a, 0x99, 0x19, 0x3f, 0x3d,
    0x0a, 0x57, 0x40, 0x00, 0x00, 0xc0, 0x00, 0x44, 0x9a, 0x99, 0x99, 0xbe,
    0x3d, 0x0a, 0x07, 0x40, 0x9a, 0x99, 0xc9, 0xc0, 0x01, 0x00, 0x00, 0xd2,
    0x42, 0x33, 0x33, 0x83, 0x40, 0x33, 0x33, 0x33, 0x3f, 0x00, 0x00, 0x00,
    0x0f, 0x43, 0x33, 0x33, 0x83, 0xc0, 0x3d, 0x0a, 0xd7, 0x3e, 0x00, 0x00,
    0x20, 0x42, 0x45, 0x66, 0x66, 0xc6, 0x40, 0xec, 0x51, 0xb8, 0x3f, 0x00,
    0x00, 0x20, 0x0a, 0x46, 0x66, 0x66, 0x46, 0x40, 0x48, 0xe1, 0xda, 0x3f,
    0x00, 0x00, 0x80, 0xa1, 0x43, 0x00, 0x00, 0xc0, 0xbf, 0x8f, 0xc2, 0xb5,
    0x3f, 0x02, 0x00, 0x40, 0x1c, 0x46, 0x66, 0x66, 0xa6, 0x3f, 0x33, 0x33,
    0x33, 0x3f, 0x00, 0x00, 0x00, 0x60, 0x44, 0x33, 0x33, 0x33, 0x3f, 0xa4,
    0x70, 0x1d, 0x40, 0x00, 0x00, 0x00, 0xc5, 0x44, 0xcd, 0xcc, 0x4c, 0xbf,
    0x71, 0x3d, 0x3a, 0x40, 0x00, 0x00, 0xc8, 0xbe, 0x45, 0xcd, 0xcc, 0x0c,
    0xc0, 0x00, 0x00, 0xc0, 0x40, 0x00, 0x00, 0x00, 0xa8, 0x45, 0x9a, 0x99,
    0xd9, 0x3f, 0x00, 0x00, 0xc0, 0x40, 0xcd, 0xcc, 0xcc, 0xc0, 0x01, 0x00,
    0x00, 0xd2, 0x42, 0xcd, 0xcc, 0x9c, 0x40, 0x33, 0x33, 0x33, 0x3f, 0x00,
    0x00, 0x00, 0x5c, 0x43, 0x9a, 0x99, 0x59, 0xc0, 0x48, 0xe1, 0xfa, 0x3e,
    0x00, 0x00, 0xb8, 0x99, 0x45, 0x66, 0x66, 0xc6, 0x40, 0xe1, 0x7a, 0x34,
    0x40, 0x00, 0x00, 0x20, 0x07, 0x45, 0xcd, 0xcc, 0x6c, 0x40, 0x00, 0x00,
    0xa0, 0x3f, 0x00, 0x00, 0x20, 0x47, 0x45, 0x33, 0x33, 0x83, 0xc0, 0x85,
    0xeb, 0x89, 0x40, 0x02, 0x00, 0x40, 0x1c, 0x46, 0x9a, 0x99, 0xa9, 0x40,
    0x33, 0x33, 0x33, 0x3f, 0x00, 0x00, 0xf0, 0x05, 0x46, 0x9a, 0x99, 0x39,
    0xc0, 0x71, 0x3d, 0x0a, 0x40, 0x00, 0x00, 0x80, 0x47, 0x44, 0x00, 0x00,
    0x00, 0x3f, 0x00, 0x00, 0x10, 0x40, 0x00, 0x00, 0x00, 0xa6, 0x43, 0x00,
    0x00, 0x00, 0xbf, 0x9a, 0x99, 0xf9, 0x3f, 0x00, 0x00, 0x00, 0x5c, 0x43,
    0xcd, 0xcc, 0xcc, 0x3e, 0x48, 0xe1, 0x0a, 0x40, 0x33, 0x33, 0xc3, 0xc0,
    0x01, 0x00, 0x00, 0xd2, 0x42, 0x66, 0x66, 0xe6, 0xbf, 0x33, 0x33, 0x33,
    0x3f, 0x00, 0x00, 0x00, 0x32, 0x43, 0xcd, 0xcc, 0xcc, 0xc0, 0x66, 0x66,
    0x26, 0x3f, 0x00, 0x00, 0xc0, 0x63, 0x45, 0x33, 0x33, 0xb3, 0x40, 0x66,
    0x66, 0xa6, 0x3f, 0x00, 0x00, 0x00, 0x49, 0x44, 0x66, 0x66, 0x86, 0x40,
    0x3d, 0x0a, 0x17, 0x40, 0x00, 0x00, 0xe0, 0x0d, 0x45, 0x33, 0x33, 0x83,
    0x40, 0x7b, 0x14, 0x4e, 0x40, 0x02, 0x00, 0x40, 0x1c, 0x46, 0x9a, 0x99,
    0x99, 0x3f, 0x33, 0x33, 0x33, 0x3f, 0x00, 0x00, 0x80, 0xa6, 0x44, 0x66,
    0x66, 0x46, 0xc0, 0x52, 0xb8, 0x8e, 0x40, 0x00, 0x00, 0x90, 0xbf, 0x45,
    0x66, 0x66, 0x46, 0x40, 0x00, 0x00, 0xc0, 0x40, 0x00, 0x00, 0x18, 0x9f,
    0x45, 0x9a, 0x99, 0x19, 0xc0, 0x00, 0x00, 0xc0, 0x40, 0x00, 0x00, 0xe0,
    0x80, 0x44, 0xcd, 0xcc, 0xcc, 0x3f, 0x52, 0xb8, 0x8e, 0x40, 0xcd, 0xcc,
    0xcc, 0xc0, 0x01, 0x00, 0x00, 0xd2, 0x42, 0x33, 0x33, 0x73, 0x40, 0x33,
    0x33, 0x33, 0x3f, 0x00, 0x00, 0x00, 0x79, 0x43, 0x9a, 0x99, 0x99, 0xc0,
    0xcd, 0xcc, 0xcc, 0x3e, 0x00, 0x00, 0xc0, 0x24, 0x45, 0xcd, 0xcc, 0xdc,
    0x40, 0xf6, 0x28, 0x5c, 0x3f, 0x00, 0x00, 0x20, 0xb3, 0x44, 0x66, 0x66,
    0x46, 0xc0, 0xec, 0x51, 0xb8, 0x3f, 0x00, 0x00, 0xa0, 0xaf, 0x45, 0x66,
    0x66, 0x96, 0x40, 0xd7, 0xa3, 0x10, 0x40, 0x02, 0x00, 0x40, 0x1c, 0x46,
    0x33, 0x33, 0x73, 0xc0, 0x33, 0x33, 0x33, 0x3f, 0x00, 0x00, 0x90, 0xcc,
    0x45, 0x33, 0x33, 0xf3, 0x3f, 0x00, 0x00, 0xc0, 0x40, 0x00, 0x00, 0x98,
    0x87, 0x45, 0x66, 0x66, 0x66, 0x3f, 0x85, 0xeb, 0x99, 0x40, 0x00, 0x00,
    0x98, 0xad, 0x45, 0x00, 0x00, 0x80, 0xbf, 0x14, 0xae, 0xbf, 0x40, 0x00,
    0x00, 0x00, 0x10, 0x42, 0xcd, 0xcc, 0xcc, 0xbd, 0x85, 0xeb, 0xf1, 0x3f,
    0x9a, 0x99, 0xc9, 0xc0, 0x01, 0x00, 0x00, 0xd2, 0x42, 0x66, 0x66, 0xa6,
    0xc0, 0x33, 0x33, 0x33, 0x3f, 0x00, 0x00, 0x00, 0x45, 0x43, 0x33, 0x33,
    0xd3, 0xc0, 0x52, 0xb8, 0x1e, 0x3f, 0x00, 0x00, 0x70, 0x10, 0x45, 0x66,
    0x66, 0xd6, 0x40, 0xd7, 0xa3, 0x30, 0x3f, 0x00, 0x00, 0x70, 0x74, 0x45,
    0x00, 0x00, 0x00, 0x40, 0xb8, 0x1e, 0x55, 0x40, 0x00, 0x00, 0xc0, 0xa2,
    0x44, 0xcd, 0xcc, 0x2c, 0xc0, 0x48, 0xe1, 0xda, 0x3f, 0x02, 0x00, 0x40,
    0x1c, 0x46, 0x66, 0x66, 0xb6, 0x40, 0x33, 0x33, 0x33, 0x3f, 0x00, 0x00,
    0x98, 0xa7, 0x45, 0x33, 0x33, 0x83, 0xc0, 0x66, 0x66, 0xbe, 0x40, 0x00,
    0x00, 0x00, 0x8a, 0x42, 0xcd, 0xcc, 0x4c, 0x3f, 0x5c, 0x8f, 0xe2, 0x3f,
    0x00, 0x00, 0x18, 0xc9, 0x45, 0x33, 0x33, 0x13, 0x40, 0x00, 0x00, 0xc0,
    0x40, 0x00, 0x00, 0x00, 0xf4, 0x42, 0x9a, 0x99, 0x19, 0xbf, 0x66, 0x66,
    0x06, 0x40, 0x00, 0x00, 0x80, 0xc0, 0x01, 0x00, 0x00, 0xd2, 0x42, 0x9a,
    0x99, 0xd9, 0xbf, 0x33, 0x33, 0x33, 0x3f, 0x00, 0x00, 0x80, 0x59, 0x44,
    0x66, 0x66, 0xc6, 0x40, 0x48, 0xe1, 0x3a, 0x3f, 0x00, 0x00, 0x40, 0xd2,
    0x44, 0x66, 0x66, 0xd6, 0xc0, 0x3d, 0x0a, 0x17, 0x3f, 0x00, 0x00, 0x00,
    0x2f, 0x43, 0x9a, 0x99, 0x19, 0xc0, 0x3d, 0x0a, 0x97, 0x3f, 0x00, 0x00,
    0x20, 0x45, 0x45, 0xcd, 0xcc, 0xdc, 0x40, 0xe1, 0x7a, 0xd4, 0x3f, 0x02,
    0x00, 0x40, 0x1c, 0x46, 0x66, 0x66, 0x26, 0x40, 0x33, 0x33, 0x33, 0x3f,
    0x00, 0x00, 0x40, 0xb1, 0x45, 0x00, 0x00, 0x40, 0xc0, 0x66, 0x66, 0xbe,
    0x40, 0x00, 0x00, 0xa0, 0x92, 0x45, 0x00, 0x00, 0x00, 0x40, 0xec, 0x51,
    0xb0, 0x40, 0x00, 0x00, 0x00, 0x80, 0x42, 0x9a, 0x99, 0x19, 0x3f, 0x52,
    0xb8, 0xfe, 0x3f, 0x00, 0x00, 0xb8, 0xe0, 0x45, 0x33, 0x33, 0xb3, 0xbf,
    0x00, 0x00, 0xc0, 0x40, 0x00, 0x00, 0xd0, 0xc0, 0x01, 0x00, 0x00, 0xd2,
    0x42, 0x66, 0x66, 0x46, 0xc0, 0x33, 0x33, 0x33, 0x3f, 0x00, 0x00, 0x00,
    0x2e, 0x43, 0x00, 0x00, 0xc0, 0xc0, 0x52, 0xb8, 0x5e, 0x3f, 0x00, 0x00,
    0x70, 0x33, 0x45, 0x9a, 0x99, 0xb9, 0x40, 0xc3, 0xf5, 0x68, 0x3f, 0x00,
    0x00, 0x40, 0xff, 0x45, 0x00, 0x00, 0xa0, 0xc0, 0x7b, 0x14, 0x8e, 0x3f,
    0x00, 0x00, 0x30, 0x88, 0x45, 0x33, 0x33, 0x83, 0x40, 0x29, 0x5c, 0x2f,
    0x40, 0x02, 0x00, 0x40, 0x1c, 0x46, 0x66, 0x66, 0x66, 0x40, 0x33, 0x33,
    0x33, 0x3f, 0x00, 0x00, 0x00, 0x40, 0x44, 0x66, 0x66, 0xe6, 0x3f, 0x00,
    0x00, 0xc0, 0x3f, 0x00, 0x00, 0xe0, 0xd4, 0x44, 0x33, 0x33, 0xb3, 0xbf,
    0x66, 0x66, 0x06, 0x40, 0x00, 0x00, 0x80, 0xa4, 0x43, 0xcd, 0xcc, 0x4c,
    0xbf, 0x33, 0x33, 0xf3, 0x3f, 0x00, 0x00, 0xb0, 0x14, 0x45, 0xcd, 0xcc,
    0x8c, 0x3f, 0x52, 0xb8, 0xae, 0x40, 0x66, 0x66, 0xc6, 0xc0, 0x01, 0x00,
    0x00, 0xd2, 0x42, 0xcd, 0xcc, 0x4c, 0xbf, 0x33, 0x33, 0x33, 0x3f, 0x00,
    0x00, 0x00, 0x3d, 0x43, 0x00, 0x00, 0xb0, 0xc0, 0x9a, 0x99, 0x19, 0x3f,
    0x00, 0x00, 0xe0, 0x76, 0x45, 0x00, 0x00, 0xb0, 0x40, 0x85, 0xeb, 0xf1,
    0x3f, 0x00, 0x00, 0xc8, 0xe2, 0x45, 0x9a, 0x99, 0xa9, 0x40, 0x3d, 0x0a,
    0xf7, 0x3f, 0x00, 0x00, 0x60, 0x0a, 0x45, 0x66, 0x66, 0x66, 0x40, 0x66,
    0x66, 0x96, 0x40, 0x02, 0x00, 0x40, 0x1c, 0x46, 0x00, 0x00, 0xb0, 0x40,
    0x33, 0x33, 0x33, 0x3f, 0x00, 0x00, 0x60, 0xa5, 0x44, 0x00, 0x00, 0xc0,
    0xbf, 0x00, 0x00, 0x20, 0x40, 0x00, 0x00, 0x98, 0x0b, 0x46, 0x66, 0x66,
    0x06, 0xc0, 0x48, 0xe1, 0x2a, 0x40, 0x00, 0x00, 0xc0, 0x47, 0x44, 0xcd,
    0xcc, 0x4c, 0x3f, 0x3d, 0x0a, 0x07, 0x40, 0x00, 0x00, 0x10, 0xaf, 0x45,
    0xcd, 0xcc, 0x8c, 0xbf, 0x00, 0x00, 0xc0, 0x40, 0x9a, 0x99, 0x39, 0xc0,
    0x01, 0x00, 0x00, 0xd2, 0x42, 0x9a, 0x99, 0xd9, 0xbf, 0x33, 0x33, 0x33,
    0x3f, 0x00, 0x00, 0xa0, 0x15, 0x45, 0x33, 0x33, 0x13, 0x40, 0x29, 0x5c,
    0x0f, 0x3f, 0x00, 0x00, 0x00, 0x46, 0x43, 0x9a, 0x99, 0x59, 0xc0, 0xa4,
    0x70, 0x9d, 0x3f, 0x00, 0x00, 0x80, 0x3c, 0x44, 0x33, 0x33, 0xb3, 0x3f,
    0xa4, 0x70, 0x9d, 0x3f, 0x00, 0x00, 0x00, 0xe6, 0x43, 0x9a, 0x99, 0x99,
    0xbf, 0xb8, 0x1e, 0x85, 0x3f, 0x02, 0x00, 0x40, 0x1c, 0x46, 0xcd, 0xcc,
    0x4c, 0xbe, 0x33, 0x33, 0x33, 0x3f, 0x00, 0x00, 0x00, 0x82, 0x42, 0x66,
    0x66, 0xa6, 0x3f, 0x33, 0x33, 0x03, 0x40, 0x00, 0x00, 0x00, 0x08, 0x42,
    0x00, 0x00, 0x80, 0xbf, 0xcd, 0xcc, 0xcc, 0x3f, 0x00, 0x00, 0x90, 0x99,
    0x45, 0x33, 0x33, 0x13, 0xc0, 0x66, 0x66, 0xbe, 0x40, 0x00, 0x00, 0xe0,
    0x71, 0x45, 0x66, 0x66, 0xa6, 0x3f, 0x0a, 0xd7, 0x73, 0x40, 0x00, 0x00,
    0xc0, 0xc0, 0x01, 0x00, 0x00, 0xd2, 0x42, 0x33, 0x33, 0xb3, 0xbf, 0x33,
    0x33, 0x33, 0x3f, 0x00, 0x00, 0x20, 0xc6, 0x45, 0xcd, 0xcc, 0x04, 0x41,
    0x29, 0x5c, 0x8f, 0x3f, 0x00, 0x00, 0x00, 0x3f, 0x43, 0x00, 0x00, 0x40,
    0xc0, 0x3d, 0x0a, 0x17, 0x3f, 0x00, 0x00, 0x80, 0x6f, 0x45, 0x00, 0x00,
    0x80, 0xc0, 0x29, 0x5c, 0x4f, 0x3f, 0x00, 0x00, 0x00, 0x92, 0x42, 0xcd,
    0xcc, 0x9c, 0x40, 0x7b, 0x14, 0x6e, 0x3f, 0x02, 0x00, 0x40, 0x1c, 0x46,
    0xcd, 0xcc, 0xac, 0xc0, 0x33, 0x33, 0x33, 0x3f, 0x00, 0x00, 0x0c, 0x07,
    0x46, 0x33, 0x33, 0x33, 0x40, 0xd7, 0xa3, 0x70, 0x40, 0x00, 0x00, 0x00,
    0x3e, 0x44, 0x33, 0x33, 0x33, 0x3f, 0x0a, 0xd7, 0x03, 0x40, 0x00, 0x00,
    0x20, 0xa2, 0x44, 0x33, 0x33, 0x33, 0xbf, 0x9a, 0x99, 0x19, 0x40, 0x00,
    0x00, 0x00, 0xad, 0x43, 0x9a, 0x99, 0x99, 0xbe, 0xc3, 0xf5, 0xc8, 0x3f,
    0x9a, 0x99, 0xc9, 0xc0, 0x01, 0x00, 0x00, 0xd2, 0x42, 0x9a, 0x99, 0xc9,
    0x40, 0x33, 0x33, 0x33, 0x3f, 0x00, 0x00, 0xc8, 0xee, 0x45, 0x66, 0x66,
    0xe6, 0x40, 0x3d, 0x0a, 0x17, 0x3f, 0x00, 0x00, 0xa0, 0xdb, 0x44, 0x9a,
    0x99, 0xc9, 0xc0, 0xe1, 0x7a, 0x94, 0x3e, 0x00, 0x00, 0xc0, 0x48, 0x44,
    0x66, 0x66, 0xa6, 0x40, 0x1f, 0x85, 0x6b, 0x3f, 0x00, 0x00, 0xe0, 0x69,
    0x45, 0x66, 0x66, 0xe6, 0x3f, 0x3d, 0x0a, 0x07, 0x40, 0x02, 0x00, 0x40,
    0x1c, 0x46, 0x33, 0x33, 0xb3, 0xbf, 0x33, 0x33, 0x33, 0x3f, 0x00, 0x00,
    0x00, 0x94, 0x42, 0x9a, 0x99, 0x19, 0x3f, 0xb8, 0x1e, 0x15, 0x40, 0x00,
    0x00, 0x00, 0x39, 0x43, 0xcd, 0xcc, 0xcc, 0xbe, 0x5c, 0x8f, 0xc2, 0x3f,
    0x00, 0x00, 0x80, 0xaf, 0x44, 0xcd, 0xcc, 0xcc, 0xbe, 0x52, 0xb8, 0x6e,
    0x40, 0x00, 0x00, 0x80, 0xc7, 0x43, 0x9a, 0x99, 0x99, 0x3e, 0x9a, 0x99,
    0x09, 0x40, 0x33, 0x33, 0xb3, 0xc0, 0x01, 0x00, 0x00, 0xd2, 0x42, 0xcd,
    0xcc, 0x8c, 0x3f, 0x33, 0x33, 0x33, 0x3f, 0x00, 0x00, 0x84, 0x04, 0x46,
    0x00, 0x00, 0xc0, 0x40, 0xa4, 0x70, 0x7d, 0x3f, 0x00, 0x00, 0x20, 0x01,
    0x45, 0x00, 0x00, 0x80, 0xc0, 0xec, 0x51, 0x98, 0x3f, 0x00, 0x00, 0x00,
    0x47, 0x43, 0x9a, 0x99, 0xd9, 0xbf, 0x14, 0xae, 0xa7, 0x3f, 0x00, 0x00,
    0xf0, 0x8a, 0x45, 0x66, 0x66, 0xe6, 0x3f, 0x48, 0xe1, 0xba, 0x3f, 0x02,
    0x00, 0x40, 0x1c, 0x46, 0x33, 0x33, 0xf3, 0xbf, 0x33, 0x33, 0x33, 0x3f,
    0x00, 0x00, 0x80, 0x59, 0x44, 0x33, 0x33, 0xb3, 0x3f, 0x5c, 0x8f, 0xe2,
    0x3f, 0x00, 0x00, 0x60, 0xa7, 0x44, 0x9a, 0x99, 0x99, 0xbf, 0x7b, 0x14,
    0x3e, 0x40, 0x00, 0x00, 0x00, 0x8e, 0x42, 0x9a, 0x99, 0x19, 0x3f, 0x7b,
    0x14, 0xce, 0x3f, 0x00, 0x00, 0x00, 0x03, 0x43, 0xcd, 0xcc, 0xcc, 0xbe,
    0xe1, 0x7a, 0x14, 0x40, 0x00, 0x00, 0xd0, 0xc0, 0x01, 0x00, 0x00, 0xd2,
    0x42, 0x66, 0x66, 0xc6, 0x40, 0x33, 0x33, 0x33, 0x3f, 0x00, 0x00, 0x40,
    0xeb, 0x45, 0xcd, 0xcc, 0xec, 0x40, 0xec, 0x51, 0x38, 0x3f, 0x00, 0x00,
    0xc0, 0xf2, 0x44, 0x66, 0x66, 0x86, 0xc0, 0x66, 0x66, 0xe6, 0x3e, 0x00,
    0x00, 0x00, 0x4e, 0x43, 0xcd, 0xcc, 0xcc, 0xbf, 0x66, 0x66, 0x26, 0x3f,
    0x00, 0x00, 0x40, 0x51, 0x44, 0x33, 0x33, 0xf3, 0x3f, 0xf6, 0x28, 0xdc,
    0x3f, 0x02, 0x00, 0x40, 0x1c, 0x46, 0x00, 0x00, 0x80, 0x40, 0x33, 0x33,
    0x33, 0x3f, 0x00, 0x00, 0xc8, 0x04, 0x46, 0x66, 0x66, 0xe6, 0xbf, 0x29,
    0x5c, 0x2f, 0x40, 0x00, 0x00, 0x80, 0xad, 0x44, 0x9a, 0x99, 0x99, 0xbe,
    0xe1, 0x7a, 0x74, 0x40, 0x00, 0x00, 0x80, 0xbb, 0x45, 0x66, 0x66, 0x66,
    0x3f, 0x00, 0x00, 0xc0, 0x40, 0x00, 0x00, 0x28, 0x9a, 0x45, 0x9a, 0x99,
    0x19, 0xbf, 0xf6, 0x28, 0x5c, 0x40, 0x33, 0x33, 0xd3, 0xc0, 0x01, 0x00,
    0x00, 0xd2, 0x42, 0x33, 0x33, 0x83, 0x40, 0x33, 0x33, 0x33, 0x3f, 0x00,
    0x00, 0x98, 0xe9, 0x45, 0x9a, 0x99, 0xd9, 0x40, 0x1f, 0x85, 0x2b, 0x3f,
    0x00, 0x00, 0x80, 0xcd, 0x44, 0xcd, 0xcc, 0x4c, 0xc0, 0x52, 0xb8, 0x1e,
    0x3f, 0x00, 0x00, 0x00, 0x27, 0x43, 0x33, 0x33, 0x53, 0xc0, 0x8f, 0xc2,
    0xf5, 0x3e, 0x00, 0x00, 0x40, 0x5b, 0x44, 0x9a, 0x99, 0x19, 0x40, 0x85,
    0xeb, 0xd1, 0x3f, 0x02, 0x00, 0x40, 0x1c, 0x46, 0x66, 0x66, 0x96, 0x40,
    0x33, 0x33, 0x33, 0x3f, 0x00, 0x00, 0x98, 0x06, 0x46, 0x66, 0x66, 0xe6,
    0xbf, 0xec, 0x51, 0xd8, 0x3f, 0x00, 0x00, 0x00, 0xaf, 0x45, 0x00, 0x00,
    0xc0, 0x3f, 0x00, 0x00, 0xc0, 0x40, 0x00, 0x00, 0x00, 0x28, 0x42, 0xcd,
    0xcc, 0x4c, 0xbe, 0x00, 0x00, 0xe0, 0x3f, 0x00, 0x00, 0x30, 0x95, 0x45,
    0x00, 0x00, 0x00, 0xbf, 0xb8, 0x1e, 0x65, 0x40, 0x00, 0x00, 0xc0, 0xc0,
    0x01, 0x00, 0x00, 0xd2, 0x42, 0x00, 0x00, 0xc0, 0x40, 0x33, 0x33, 0x33,
    0x3f, 0x00, 0x00, 0x60, 0x1a, 0x45, 0xcd, 0xcc, 0x6c, 0xc0, 0xd7, 0xa3,
    0x70, 0x3f, 0x00, 0x00, 0xe8, 0xe6, 0x45, 0xcd, 0xcc, 0xcc, 0x40, 0x33,
    0x33, 0x93, 0x3f, 0x00, 0x00, 0x00, 0x9a, 0x42, 0x9a, 0x99, 0x99, 0x3f,
    0xcd, 0xcc, 0x0c, 0x40, 0x00, 0x00, 0x40, 0xb5, 0x44, 0x66, 0x66, 0xe6,
    0xbf, 0xae, 0x47, 0x11, 0x40, 0x02, 0x00, 0x40, 0x1c, 0x46, 0x00, 0x00,
    0x20, 0x40, 0x33, 0x33, 0x33, 0x3f, 0x00, 0x00, 0x80, 0x86, 0x43, 0x00,
    0x00, 0x00, 0xbf, 0x8f, 0xc2, 0x95, 0x3f, 0x00, 0x00, 0x40, 0x3a, 0x44,
    0x00, 0x00, 0x00, 0x3f, 0x8f, 0xc2, 0x05, 0x40, 0x00, 0x00, 0x00, 0xec,
    0x45, 0xcd, 0xcc, 0x4c, 0xbf, 0x66, 0x66, 0x86, 0x40, 0x00, 0x00, 0x88,
    0x16, 0x46, 0x00, 0x00, 0x80, 0xbf, 0x14, 0xae, 0xbf, 0x40, 0x00, 0x00,
    0xc0, 0xc0, 0x01, 0x00, 0x00, 0xd2, 0x42, 0xcd, 0xcc, 0xac, 0x40, 0x33,
    0x33, 0x33, 0x3f, 0x00, 0x00, 0x10, 0xda, 0x45, 0xcd, 0xcc, 0xcc, 0x40,
    0x14, 0xae, 0x87, 0x3f, 0x00, 0x00, 0xe0, 0xca, 0x44, 0x66, 0x66, 0x66,
    0xc0, 0xb8, 0x1e, 0x05, 0x3f, 0x00, 0x00, 0x00, 0x24, 0x43, 0x33, 0x33,
    0xb3, 0xbf, 0x3d, 0x0a, 0x17, 0x3f, 0x00, 0x00, 0x80, 0x49, 0x44, 0x66,
    0x66, 0x26, 0x40, 0x85, 0xeb, 0x91, 0x3f, 0x02, 0x00, 0x40, 0x1c, 0x46,
    0x66, 0x66, 0xa6, 0x3f, 0x33, 0x33, 0x33, 0x3f, 0x00, 0x00, 0x80, 0xe5,
    0x45, 0x9a, 0x99, 0x99, 0xbf, 0x00, 0x00, 0xc0, 0x40, 0x00, 0x00, 0x38,
    0xc1, 0x45, 0x00, 0x00, 0x80, 0x3f, 0x14, 0xae, 0xbf, 0x40, 0x00, 0x00,
    0xf0, 0x98, 0x45, 0x9a, 0x99, 0x19, 0xbf, 0x0a, 0xd7, 0x8b, 0x40, 0x00,
    0x00, 0xa0, 0xa6, 0x44, 0xcd, 0xcc, 0x4c, 0xbe, 0xd7, 0xa3, 0x80, 0x40,
    0x00, 0x00, 0x90, 0xc0, 0x01, 0x00, 0x00, 0xd2, 0x42, 0x33, 0x33, 0x33,
    0x3f, 0x33, 0x33, 0x33, 0x3f, 0x00, 0x00, 0x80, 0xdf, 0x44, 0x66, 0x66,
    0x46, 0xc0, 0x7b, 0x14, 0xce, 0x3f, 0x00, 0x00, 0x58, 0xcb, 0x45, 0x33,
    0x33, 0x93, 0x40, 0x52, 0xb8, 0xbe, 0x3f, 0x00, 0x00, 0x00, 0x45, 0x43,
    0x33, 0x33, 0xb3, 0xbf, 0xd7, 0xa3, 0xb0, 0x3f, 0x00, 0x00, 0x00, 0x80,
    0x42, 0x33, 0x33, 0xf3, 0x3f, 0x48, 0xe1, 0x7a, 0x3f, 0x02, 0x00, 0x40,
    0x1c, 0x46, 0x33, 0x33, 0x83, 0x40, 0x33, 0x33, 0x33, 0x3f, 0x00, 0x00,
    0xc0, 0x4c, 0x44, 0x9a, 0x99, 0x99, 0x3f, 0xe1, 0x7a, 0xd4, 0x3f, 0x00,
    0x00, 0xe0, 0x9c, 0x44, 0x66, 0x66, 0x66, 0xbf, 0xf6, 0x28, 0x4c, 0x40,
    0x00, 0x00, 0xd0, 0x88, 0x45, 0x33, 0x33, 0x33, 0xbf, 0xa4, 0x70, 0x8d,
    0x40, 0x00, 0x00, 0x30, 0xe3, 0x45, 0x9a, 0x99, 0xd9, 0xbf, 0x66, 0x66,
    0xbe, 0x40, 0x9a, 0x99, 0xc9, 0xc0, 0x01, 0x00, 0x00, 0xd2, 0x42, 0x33,
    0x33, 0xc3, 0x40, 0x33, 0x33, 0x33, 0x3f, 0x00, 0x00, 0xb0, 0xe0, 0x45,
    0x66, 0x66, 0xf6, 0x40, 0x29, 0x5c, 0x4f, 0x3f, 0x00, 0x00, 0x40, 0x11,
    0x45, 0x66, 0x66, 0x46, 0xc0, 0x3d, 0x0a, 0xd7, 0x3e, 0x00, 0x00, 0x00,
    0x5d, 0x43, 0x9a, 0x99, 0xd9, 0xbf, 0x7b, 0x14, 0x2e, 0x3f, 0x00, 0x00,
    0x00, 0x64, 0x42, 0x00, 0x00, 0x00, 0x3f, 0x33, 0x33, 0xf3, 0x3f, 0x02,
    0x00, 0x40, 0x1c, 0x46, 0x33, 0x33, 0x83, 0x40, 0x33, 0x33, 0x33, 0x3f,
    0x00, 0x00, 0xf0, 0x18, 0x46, 0x66, 0x66, 0xa6, 0xbf, 0x14, 0xae, 0x8f,
    0x40, 0x00, 0x00, 0x20, 0x9d, 0x44, 0xcd, 0xcc, 0x4c, 0xbf, 0xcd, 0xcc,
    0x2c, 0x40, 0x00, 0x00, 0x00, 0x53, 0x44, 0x33, 0x33, 0x33, 0x3f, 0x29,
    0x5c, 0x0f, 0x40, 0x00, 0x00, 0x58, 0xf2, 0x45, 0x33, 0x33, 0xb3, 0xbf,
    0x29, 0x5c, 0x7f, 0x40, 0xcd, 0xcc, 0xbc, 0xc0, 0x01, 0x00, 0x00, 0xd2,
    0x42, 0x9a, 0x99, 0x19, 0xbf, 0x33, 0x33, 0x33, 0x3f, 0x00, 0x00, 0xe0,
    0x96, 0x45, 0xcd, 0xcc, 0xbc, 0x40, 0x48, 0xe1, 0x7a, 0x3f, 0x00, 0x00,
    0x00, 0x20, 0x43, 0x66, 0x66, 0x96, 0xc0, 0x7b, 0x14, 0x2e, 0x3f, 0x00,
    0x00, 0x50, 0x2d, 0x45, 0x66, 0x66, 0x46, 0x40, 0x52, 0xb8, 0x0e, 0x40,
    0x00, 0x00, 0x28, 0xcf, 0x45, 0x66, 0x66, 0xa6, 0xc0, 0x3d, 0x0a, 0x8f,
    0x40, 0x02, 0x00, 0x40, 0x1c, 0x46, 0xcd, 0xcc, 0xcc, 0x3d, 0x33, 0x33,
    0x33, 0x3f, 0x00, 0x00, 0x80, 0x56, 0x44, 0x66, 0x66, 0xa6, 0x3f, 0xa4,
    0x70, 0xbd, 0x3f, 0x00, 0x00, 0x00, 0xb3, 0x44, 0x33, 0x33, 0xb3, 0xbf,
    0xd7, 0xa3, 0x10, 0x40, 0x00, 0x00, 0x80, 0x98, 0x43, 0x9a, 0x99, 0x19,
    0xbf, 0xb8, 0x1e, 0xe5, 0x3f, 0x00, 0x00, 0x40, 0x16, 0x44, 0xcd, 0xcc,
    0xcc, 0x3e, 0x29, 0x5c, 0xef, 0x3f, 0x33, 0x33, 0xc3, 0xc0, 0x01, 0x00,
    0x00, 0xd2, 0x42, 0x66, 0x66, 0x26, 0x40, 0x33, 0x33, 0x33, 0x3f, 0x00,
    0x00, 0x08, 0x9c, 0x45, 0xcd, 0xcc, 0xac, 0x40, 0xa4, 0x70, 0xbd, 0x3e,
    0x00, 0x00, 0x00, 0x3e, 0x43, 0x33, 0x33, 0xd3, 0xc0, 0xa4, 0x70, 0xbd,
    0x3e, 0x00, 0x00, 0x90, 0x0a, 0x45, 0x9a, 0x99, 0x99, 0x3f, 0x7b, 0x14,
    0xee, 0x3f, 0x00, 0x00, 0x80, 0x58, 0x44, 0x00, 0x00, 0x00, 0x40, 0x33,
    0x33, 0xf3, 0x3f, 0x02, 0x00, 0x40, 0x1c, 0x46, 0x00, 0x00, 0x00, 0xbf,
    0x33, 0x33, 0x33, 0x3f, 0x00, 0x00, 0x00, 0x38, 0x42, 0x00, 0x00, 0x00,
    0xbf, 0xf6, 0x28, 0xbc, 0x3f, 0x00, 0x00, 0x00, 0x92, 0x42, 0xcd, 0xcc,
    0xcc, 0x3e, 0xae, 0x47, 0xc1, 0x3f, 0x00, 0x00, 0xe0, 0xce, 0x45, 0x00,
    0x00, 0xc0, 0xbf, 0x00, 0x00, 0xc0, 0x40, 0x00, 0x00, 0x78, 0xb2, 0x45,
    0xcd, 0xcc, 0x8c, 0x3f, 0xec, 0x51, 0x90, 0x40, 0x33, 0x33, 0xb3, 0xc0,
    0x01, 0x00, 0x00, 0xd2, 0x42, 0x66, 0x66, 0x06, 0x40, 0x33, 0x33, 0x33,
    0x3f, 0x00, 0x00, 0x00, 0x36, 0x43, 0x9a, 0x99, 0x79, 0xc0, 0xcd, 0xcc,
    0x0c, 0x3f, 0x00, 0x00, 0x20, 0x38, 0x45, 0x9a, 0x99, 0xa9, 0x40, 0xd7,
    0xa3, 0xf0, 0x3f, 0x00, 0x00, 0xc0, 0xa2, 0x44, 0x00, 0x00, 0x00, 0xc0,
    0xa4, 0x70, 0xbd, 0x3f, 0x00, 0x00, 0xc8, 0xda, 0x45, 0x9a, 0x99, 0x39,
    0x40, 0xe1, 0x7a, 0x54, 0x3f, 0x02, 0x00, 0x40, 0x1c, 0x46, 0xcd, 0xcc,
    0x2c, 0xc0, 0x33, 0x33, 0x33, 0x3f, 0x00, 0x00, 0x3c, 0x07, 0x46, 0x66,
    0x66, 0xa6, 0x3f, 0xc3, 0xf5, 0x08, 0x40, 0x00, 0x00, 0xa0, 0x85, 0x45,
    0x33, 0x33, 0x13, 0xc0, 0x00, 0x00, 0xc0, 0x40, 0x00, 0x00, 0x78, 0xa3,
    0x45, 0x00, 0x00, 0x40, 0x40, 0x8f, 0xc2, 0xbd, 0x40, 0x00, 0x00, 0x08,
    0xc3, 0x45, 0x66, 0x66, 0xe6, 0xbf, 0x00, 0x00, 0xc0, 0x40, 0x00, 0x00,
    0xd0, 0xc0, 0x01, 0x00, 0x00, 0xd2, 0x42, 0x9a, 0x99, 0x19, 0xc0, 0x33,
    0x33, 0x33, 0x3f, 0x00, 0x00, 0xe0, 0x71, 0x45, 0x33, 0x33, 0xd3, 0x40,
    0xd7, 0xa3, 0xd0, 0x3f, 0x00, 0x00, 0x00, 0x3f, 0x43, 0xcd, 0xcc, 0x2c,
    0xc0, 0x7b, 0x14, 0x8e, 0x3f, 0x00, 0x00, 0x60, 0xa8, 0x44, 0x66, 0x66,
    0xe6, 0xbf, 0xec, 0x51, 0x98, 0x3f, 0x00, 0x00, 0xac, 0x1a, 0x46, 0x00,
    0x00, 0x20, 0x40, 0x00, 0x00, 0x30, 0x40, 0x02, 0x00, 0x40, 0x1c, 0x46,
    0x66, 0x66, 0xe6, 0xbf, 0x33, 0x33, 0x33, 0x3f, 0x00, 0x00, 0x00, 0x8a,
    0x42, 0x66, 0x66, 0x66, 0x3f, 0x7b, 0x14, 0xce, 0x3f, 0x00, 0x00, 0x00,
    0xf4, 0x42, 0x9a, 0x99, 0x19, 0xbf, 0xec, 0x51, 0x18, 0x40, 0x00, 0x00,
    0x50, 0xcf, 0x45, 0x9a, 0x99, 0xd9, 0xbf, 0x00, 0x00, 0xc0, 0x40, 0x00,
    0x00, 0x68, 0xbb, 0x45, 0x00, 0x00, 0xc0, 0x3f, 0x00, 0x00, 0xc0, 0x40,
    0xcd, 0xcc, 0xac, 0xc0, 0x01, 0x00, 0x00, 0xd2, 0x42, 0x00, 0x00, 0x00,
    0x3f, 0x33, 0x33, 0x33, 0x3f, 0x00, 0x00, 0x00, 0x2e, 0x43, 0x66, 0x66,
    0x96, 0xc0, 0x1f, 0x85, 0x2b, 0x3f, 0x00, 0x00, 0xe0, 0xae, 0x45, 0xcd,
    0xcc, 0x8c, 0x40, 0x33, 0x33, 0xd3, 0x3f, 0x00, 0x00, 0xc0, 0x42, 0x44,
    0x33, 0x33, 0x53, 0x40, 0x52, 0xb8, 0x9e, 0x3f, 0x00, 0x00, 0x10, 0x01,
    0x45, 0xcd, 0xcc, 0xcc, 0x3f, 0x85, 0xeb, 0x41, 0x40, 0x02, 0x00, 0x40,
    0x1c, 0x46, 0x00, 0x00, 0x60, 0xc0, 0x33, 0x33, 0x33, 0x3f, 0x00, 0x00,
    0x90, 0x77, 0x45, 0x00, 0x00, 0xc0, 0x3f, 0x52, 0xb8, 0x4e, 0x40, 0x00,
    0x00, 0x20, 0x44, 0x45, 0x66, 0x66, 0xe6, 0xbf, 0x5c, 0x8f, 0x9a, 0x40,
    0x00, 0x00, 0x08, 0xc4, 0x45, 0x33, 0x33, 0x13, 0x40, 0x14, 0xae, 0xbf,
    0x40, 0x00, 0x00, 0xf8, 0xaa, 0x45, 0x66, 0x66, 0xe6, 0xbf, 0x00, 0x00,
    0xc0, 0x40, 0x66, 0x66, 0x96, 0xc0, 0x01, 0x00, 0x00, 0xd2, 0x42, 0x00,
    0x00, 0x80, 0x3f, 0x33, 0x33, 0x33, 0x3f, 0x00, 0x00, 0x40, 0x4f, 0x44,
    0x33, 0x33, 0x53, 0x40, 0x5c, 0x8f, 0x42, 0x3f, 0x00, 0x00, 0xc0, 0x30,
    0x45, 0xcd, 0xcc, 0x8c, 0xc0, 0x5c, 0x8f, 0x02, 0x3f, 0x00, 0x00, 0xd0,
    0x59, 0x45, 0xcd, 0xcc, 0xdc, 0x40, 0xc3, 0xf5, 0x08, 0x40, 0x00, 0x00,
    0x00, 0x2d, 0x43, 0x33, 0x33, 0xb3, 0xbf, 0x14, 0xae, 0xa7, 0x3f, 0x02,
    0x00, 0x40, 0x1c, 0x46, 0x9a, 0x99, 0x99, 0x40, 0x33, 0x33, 0x33, 0x3f,
    0x00, 0x00, 0x20, 0xa4, 0x45, 0x9a, 0x99, 0x39, 0xc0, 0x00, 0x00, 0xc0,
    0x40, 0x00, 0x00, 0x00, 0x88, 0x42, 0x9a, 0x99, 0x99, 0x3e, 0xe1, 0x7a,
    0xd4, 0x3f, 0x00, 0x00, 0x98, 0x85, 0x45, 0x66, 0x66, 0xa6, 0x3f, 0x33,
    0x33, 0xb3, 0x40, 0x00, 0x00, 0xe8, 0xf6, 0x45, 0x9a, 0x99, 0xd9, 0xbf,
    0x3d, 0x0a, 0xbf, 0x40, 0x9a, 0x99, 0xd9, 0xc0, 0x01, 0x00, 0x00, 0xd2,
    0x42, 0x33, 0x33, 0x83, 0xc0, 0x33, 0x33, 0x33, 0x3f, 0x00, 0x00, 0xa0,
    0x08, 0x45, 0x66, 0x66, 0xa6, 0x40, 0x52, 0xb8, 0xde, 0x3f, 0x00, 0x00,
    0xe0, 0xcc, 0x45, 0xcd, 0xcc, 0x24, 0xc1, 0xf6, 0x28, 0xdc, 0x3f, 0x00,
    0x00, 0x00, 0x31, 0x43, 0x66, 0x66, 0x86, 0xc0, 0x9a, 0x99, 0x59, 0x3f,
    0x00, 0x00, 0x00, 0x65, 0x44, 0x33, 0x33, 0xc3, 0x40, 0x14, 0xae, 0x47,
    0x3f, 0x02, 0x00, 0x40, 0x1c, 0x46, 0x66, 0x66, 0x06, 0xc0, 0x33, 0x33,
    0x33, 0x3f, 0x00, 0x00, 0xf0, 0x63, 0x45, 0x33, 0x33, 0x83, 0xc0, 0xec,
    0x51, 0xa0, 0x40, 0x00, 0x00, 0xd0, 0xa5, 0x45, 0xcd, 0xcc, 0x2c, 0x40,
    0xcd, 0xcc, 0xac, 0x3f, 0x00, 0x00, 0x00, 0x74, 0x42, 0x9a, 0x99, 0x19,
    0x3f, 0xae, 0x47, 0x31, 0x40, 0x00, 0x00, 0x78, 0xbf, 0x45, 0x9a, 0x99,
    0x79, 0xc0, 0x00, 0x00, 0xc0, 0x40, 0x9a, 0x99, 0xc9, 0xc0, 0x01, 0x00,
    0x00, 0xd2, 0x42, 0x66, 0x66, 0xe6, 0x40, 0x33, 0x33, 0x33, 0x3f, 0x00,
    0x00, 0x00, 0x00, 0x43, 0x00, 0x00, 0x80, 0xc0, 0x52, 0xb8, 0x9e, 0x3e,
    0x00, 0x00, 0xc8, 0x93, 0x45, 0xcd, 0xcc, 0x6c, 0x40, 0x5c, 0x8f, 0x42,
    0x3e, 0x00, 0x00, 0xb0, 0xaf, 0x45, 0xcd, 0xcc, 0xdc, 0xc0, 0x00, 0x00,
    0xc0, 0x3f, 0x00, 0x00, 0x38, 0x93, 0x45, 0x66, 0x66, 0x66, 0x40, 0x52,
    0xb8, 0x86, 0x40, 0x02, 0x00, 0x40, 0x1c, 0x46, 0xcd, 0xcc, 0x4c, 0xbf,
    0x33, 0x33, 0x33, 0x3f, 0x00, 0x00, 0x40, 0x06, 0x45, 0xcd, 0xcc, 0x4c,
    0x3f, 0xec, 0x51, 0x28, 0x40, 0x00, 0x00, 0xe0, 0x39, 0x45, 0xcd, 0xcc,
    0x8c, 0xbf, 0x9a, 0x99, 0x91, 0x40, 0x00, 0x00, 0x28, 0x15, 0x46, 0xcd,
    0xcc, 0xcc, 0x3e, 0x48, 0xe1, 0x1a, 0x40, 0x00, 0x00, 0x80, 0x9b, 0x44,
    0x9a, 0x99, 0x19, 0xbf, 0x3d, 0x0a, 0x8f, 0x40, 0xcd, 0xcc, 0x9c, 0xc0,
    0x01, 0x00, 0x00, 0xd2, 0x42, 0xcd, 0xcc, 0x64, 0x41, 0x33, 0x33, 0x33,
    0x3f, 0x00, 0x00, 0x00, 0x54, 0x42, 0x33, 0x33, 0x5b, 0xc1, 0x29, 0x5c,
    0x8f, 0x3e, 0x00, 0x00, 0x18, 0xa2, 0x45, 0x00, 0x00, 0x80, 0x40, 0xb8,
    0x1e, 0xc5, 0x3f, 0x00, 0x00, 0xa0, 0xac, 0x44, 0x9a, 0x99, 0x39, 0x40,
    0x0a, 0xd7, 0xa3, 0x3e, 0x00, 0x00, 0x90, 0xd3, 0x45, 0x00, 0x00, 0x00,
    0xc0, 0x52, 0xb8, 0xbe, 0x3f, 0x02, 0x00, 0x40, 0x1c, 0x46, 0x9a, 0x99,
    0x99, 0x3e, 0x33, 0x33, 0x33, 0x3f, 0x00, 0x00, 0x40, 0x9b, 0x44, 0x66,
    0x66, 0x66, 0xbf, 0x8f, 0xc2, 0x25, 0x40, 0x00, 0x00, 0x80, 0x4a, 0x44,
    0x33, 0x33, 0x33, 0x3f, 0x9a, 0x99, 0x19, 0x40, 0x00, 0x00, 0x80, 0xb4,
    0x43, 0xcd, 0xcc, 0x4c, 0xbe, 0x9a, 0x99, 0xb9, 0x3f, 0x00, 0x00, 0x70,
    0x02, 0x45, 0x00, 0x00, 0x00, 0x3f, 0x5c, 0x8f, 0x42, 0x40, 0x9a, 0x99,
    0xb9, 0xc0, 0x01, 0x00, 0x00, 0xd2, 0x42, 0xcd, 0xcc, 0x4c, 0x41, 0x33,
    0x33, 0x33, 0x3f, 0x00, 0x00, 0x48, 0x12, 0x46, 0xcd, 0xcc, 0x9c, 0x40,
    0x29, 0x5c, 0x8f, 0x3f, 0x00, 0x00, 0x00, 0x48, 0x42, 0x33, 0x33, 0x53,
    0xc1, 0x71, 0x3d, 0x8a, 0x3e, 0x00, 0x00, 0x00, 0x54, 0x44, 0x00, 0x00,
    0x20, 0x40, 0x1f, 0x85, 0x8b, 0x3f, 0x00, 0x00, 0x98, 0x94, 0x45, 0x33,
    0x33, 0x73, 0x40, 0x66, 0x66, 0xa6, 0x3f, 0x02, 0x00, 0x40, 0x1c, 0x46,
    0x33, 0x33, 0x33, 0x3f, 0x33, 0x33, 0x33, 0x3f, 0x00, 0x00, 0xd0, 0x01,
    0x45, 0x00, 0x00, 0x00, 0x3f, 0xa4, 0x70, 0x6d, 0x40, 0x00, 0x00, 0xe0,
    0xaa, 0x44, 0x9a, 0x99, 0x19, 0xbf, 0xa4, 0x70, 0x6d, 0x40, 0x00, 0x00,
    0xe0, 0x87, 0x44, 0x00, 0x00, 0x00, 0x3f, 0x00, 0x00, 0xc0, 0x40, 0x00,
    0x00, 0x20, 0x34, 0x45, 0x9a, 0x99, 0x99, 0xbe, 0x9a, 0x99, 0xa1, 0x40,
    0x33, 0x33, 0xc3, 0xc0, 0x01, 0x00, 0x00, 0xd2, 0x42, 0xcd, 0xcc, 0xcc,
    0x40, 0x33, 0x33, 0x33, 0x3f, 0x00, 0x00, 0x00, 0x20, 0x43, 0x66, 0x66,
    0x66, 0xc0, 0x85, 0xeb, 0xd1, 0x3e, 0x00, 0x00, 0x40, 0xd1, 0x45, 0x00,
    0x00, 0xc0, 0x3f, 0xe1, 0x7a, 0xb4, 0x3f, 0x00, 0x00, 0xe0, 0xfc, 0x44,
    0xcd, 0xcc, 0xcc, 0x3f, 0xd7, 0xa3, 0xf0, 0x3e, 0x00, 0x00, 0x00, 0x18,
    0x42, 0x33, 0x33, 0x33, 0x3f, 0xa4, 0x70, 0x3d, 0x40, 0x02, 0x00, 0x40,
    0x1c, 0x46, 0x33, 0x33, 0x53, 0x40, 0x33, 0x33, 0x33, 0x3f, 0x00, 0x00,
    0xd4, 0x0c, 0x46, 0x66, 0x66, 0xa6, 0xbf, 0x85, 0xeb, 0x01, 0x40, 0x00,
    0x00, 0x80, 0xa1, 0x44, 0xcd, 0xcc, 0x4c, 0xbf, 0xb8, 0x1e, 0x05, 0x40,
    0x00, 0x00, 0xc0, 0x53, 0x44, 0xcd, 0xcc, 0x4c, 0x3f, 0x66, 0x66, 0x46,
    0x40, 0x00, 0x00, 0x90, 0x0b, 0x45, 0x33, 0x33, 0x33, 0x3f, 0x00, 0x00,
    0x40, 0x40, 0x00, 0x00, 0xb0, 0xc0, 0x01, 0x00, 0x00, 0xd2, 0x42, 0x00,
    0x00, 0x20, 0xc0, 0x33, 0x33, 0x33, 0x3f, 0x00, 0x00, 0x00, 0x34, 0x43,
    0x9a, 0x99, 0x89, 0xc0, 0xf6, 0x28, 0x1c, 0x3f, 0x00, 0x00, 0x20, 0xad,
    0x45, 0x9a, 0x99, 0xa9, 0x40, 0x8f, 0xc2, 0xf5, 0x3f, 0x00, 0x00, 0x20,
    0xff, 0x44, 0x00, 0x00, 0x00, 0x40, 0x8f, 0xc2, 0x25, 0x40, 0x00, 0x00,
    0x40, 0x32, 0x44, 0x00, 0x00, 0x00, 0x40, 0xc3, 0xf5, 0x68, 0x3f, 0x02,
    0x00, 0x40, 0x1c, 0x46, 0x9a, 0x99, 0x19, 0x40, 0x33, 0x33, 0x33, 0x3f,
    0x00, 0x00, 0x00, 0x45, 0x45, 0x33, 0x33, 0xb3, 0xbf, 0x9a, 0x99, 0x59,
    0x40, 0x00, 0x00, 0x00, 0x20, 0x42, 0x9a, 0x99, 0x99, 0xbe, 0x85, 0xeb,
    0x01, 0x40, 0x00, 0x00, 0x38, 0x88, 0x45, 0x9a, 0x99, 0x19, 0x3f, 0x71,
    0x3d, 0xa2, 0x40, 0x00, 0x00, 0xb0, 0x15, 0x45, 0xcd, 0xcc, 0x4c, 0x3f,
    0x00, 0x00, 0xc0, 0x40, 0x33, 0x33, 0xe3, 0xc0, 0x01, 0x00, 0x00, 0xd2,
    0x42, 0xcd, 0xcc, 0xcc, 0x40, 0x33, 0x33, 0x33, 0x3f, 0x00, 0x00, 0x80,
    0x87, 0x43, 0x00, 0x00, 0x20, 0xc0, 0xec, 0x51, 0x38, 0x3f, 0x00, 0x00,
    0x78, 0x9e, 0x45, 0x9a, 0x99, 0xe9, 0x40, 0x14, 0xae, 0x27, 0x40, 0x00,
    0x00, 0x70, 0x04, 0x45, 0x66, 0x66, 0x66, 0x40, 0x33, 0x33, 0xf3, 0x3f,
    0x00, 0x00, 0x10, 0x4b, 0x45, 0x9a, 0x99, 0xd9, 0xc0, 0xa4, 0x70, 0x85,
    0x40, 0x02, 0x00, 0x40, 0x1c, 0x46, 0xcd, 0xcc, 0x4c, 0x40, 0x33, 0x33,
    0x33, 0x3f, 0x00, 0x00, 0xac, 0x06, 0x46, 0x00, 0x00, 0x80, 0xc0, 0xec,
    0x51, 0xf8, 0x3f, 0x00, 0x00, 0xf8, 0xbe, 0x45, 0x33, 0x33, 0x33, 0x40,
    0x00, 0x00, 0xc0, 0x40, 0x00, 0x00, 0x00, 0x92, 0x42, 0xcd, 0xcc, 0x8c,
    0x3f, 0xc3, 0xf5, 0x48, 0x40, 0x00, 0x00, 0x00, 0x05, 0x43, 0x00, 0x00,
    0x00, 0xbf, 0x7b, 0x14, 0xee, 0x3f, 0x9a, 0x99, 0xd9, 0xc0, 0x01, 0x00,
    0x00, 0xd2, 0x42, 0xcd, 0xcc, 0x0c, 0x40, 0x33, 0x33, 0x33, 0x3f, 0x00,
    0x00, 0x00, 0x57, 0x43, 0x00, 0x00, 0xa0, 0xc0, 0x1f, 0x85, 0x2b, 0x3f,
    0x00, 0x00, 0x40, 0x1c, 0x46, 0xcd, 0xcc, 0x9c, 0x40, 0x0a, 0xd7, 0xa3,
    0x3e, 0x00, 0x00, 0x80, 0xef, 0x44, 0x00, 0x00, 0x00, 0x40, 0x29, 0x5c,
    0x0f, 0x40, 0x00, 0x00, 0x00, 0x00, 0x42, 0x00, 0x00, 0x00, 0x3f, 0x3d,
    0x0a, 0x17, 0x3f, 0x02, 0x00, 0x40, 0x1c, 0x46, 0xcd, 0xcc, 0x2c, 0x40,
    0x33, 0x33, 0x33, 0x3f, 0x00, 0x00, 0xa8, 0xc5, 0x45, 0xcd, 0xcc, 0x2c,
    0xc0, 0x9a, 0x99, 0x19, 0x40, 0x00, 0x00, 0xc0, 0x91, 0x45, 0x66, 0x66,
    0x26, 0x40, 0xf6, 0x28, 0x0c, 0x40, 0x00, 0x00, 0x40, 0x43, 0x45, 0x00,
    0x00, 0x20, 0xc0, 0x14, 0xae, 0x9f, 0x40, 0x00, 0x00, 0x80, 0x50, 0x44,
    0x9a, 0x99, 0x19, 0x3f, 0xa4, 0x70, 0x3d, 0x40, 0x33, 0x33, 0xd3, 0xc0,
    0x01, 0x00, 0x00, 0xd2, 0x42, 0xcd, 0xcc, 0x4c, 0x40, 0x33, 0x33, 0x33,
    0x3f, 0x00, 0x00, 0x00, 0x4d, 0x43, 0x00, 0x00, 0x80, 0xc0, 0x29, 0x5c,
    0x0f, 0x3f, 0x00, 0x00, 0xc0, 0x88, 0x45, 0xcd, 0xcc, 0x9c, 0x40, 0x66,
    0x66, 0x46, 0x40, 0x00, 0x00, 0xe0, 0xe7, 0x44, 0x9a, 0x99, 0x19, 0x40,
    0x1f, 0x85, 0x0b, 0x40, 0x00, 0x00, 0xc0, 0x49, 0x44, 0x9a, 0x99, 0xd9,
    0x3f, 0xb8, 0x1e, 0xc5, 0x3f, 0x02, 0x00, 0x40, 0x1c, 0x46, 0x33, 0x33,
    0xd3, 0x40, 0x33, 0x33, 0x33, 0x3f, 0x00, 0x00, 0xf0, 0x31, 0x45, 0x66,
    0x66, 0x06, 0xc0, 0xd7, 0xa3, 0xa0, 0x40, 0x00, 0x00, 0xe8, 0xb7, 0x45,
    0x33, 0x33, 0xf3, 0xbf, 0x00, 0x00, 0xc0, 0x40, 0x00, 0x00, 0x70, 0x16,
    0x45, 0x9a, 0x99, 0x19, 0x3f, 0x71, 0x3d, 0xba, 0x40, 0x00, 0x00, 0xb0,
    0x08, 0x45, 0x00, 0x00, 0x00, 0x3f, 0x0a, 0xd7, 0x9b, 0x40, 0x66, 0x66,
    0x46, 0xc0, 0x01, 0x00, 0x00, 0xd2, 0x42, 0xcd, 0xcc, 0x8c, 0xbf, 0x33,
    0x33, 0x33, 0x3f, 0x00, 0x00, 0x00, 0x0b, 0x43, 0x9a, 0x99, 0x39, 0xc0,
    0x48, 0xe1, 0xfa, 0x3e, 0x00, 0x00, 0x80, 0x2a, 0x44, 0x33, 0x33, 0x53,
    0x40, 0x29, 0x5c, 0x4f, 0x3f, 0x00, 0x00, 0x50, 0x16, 0x45, 0xcd, 0xcc,
    0x6c, 0xc0, 0x3d, 0x0a, 0x47, 0x40, 0x00, 0x00, 0xe0, 0xe9, 0x45, 0x9a,
    0x99, 0xd9, 0x3f, 0x52, 0xb8, 0x0e, 0x40, 0x02, 0x00, 0x40, 0x1c, 0x46,
    0x66, 0x66, 0xa6, 0x3f, 0x33, 0x33, 0x33, 0x3f, 0x00, 0x00, 0x38, 0xa1,
    0x45, 0x66, 0x66, 0xc6, 0xc0, 0x85, 0xeb, 0xa1, 0x40, 0x00, 0x00, 0x50,
    0x67, 0x45, 0x00, 0x00, 0x20, 0x40, 0xa4, 0x70, 0x4d, 0x40, 0x00, 0x00,
    0x38, 0xcc, 0x45, 0x00, 0x00, 0x20, 0x40, 0x00, 0x00, 0xc0, 0x40, 0x00,
    0x00, 0xe0, 0x29, 0x45, 0x00, 0x00, 0x80, 0xbf, 0xa4, 0x70, 0xbd, 0x40,
    0xcd, 0xcc, 0xcc, 0xc0, 0x01, 0x00, 0x00, 0xd2, 0x42, 0x66, 0x66, 0xb6,
    0x40, 0x33, 0x33, 0x33, 0x3f, 0x00, 0x00, 0x80, 0x44, 0x44, 0x00, 0x00,
    0x40, 0xc0, 0x66, 0x66, 0xa6, 0x3f, 0x00, 0x00, 0x40, 0x1c, 0x46, 0x9a,
    0x99, 0xa9, 0x40, 0xec, 0x51, 0xb8, 0x3e, 0x00, 0x00, 0x00, 0x9b, 0x43,
    0xcd, 0xcc, 0x4c, 0xc0, 0xa4, 0x70, 0xbd, 0x3e, 0x00, 0x00, 0x40, 0x5c,
    0x45, 0x33, 0x33, 0x83, 0x40, 0xe1, 0x7a, 0xd4, 0x3f, 0x02, 0x00, 0x40,
    0x1c, 0x46, 0x33, 0x33, 0xb3, 0x3f, 0x33, 0x33, 0x33, 0x3f, 0x00, 0x00,
    0xb0, 0xb2, 0x45, 0xcd, 0xcc, 0xcc, 0xbf, 0x00, 0x00, 0xc0, 0x40, 0x00,
    0x00, 0xe0, 0xbc, 0x44, 0x33, 0x33, 0x33, 0x3f, 0x29, 0x5c, 0x5f, 0x40,
    0x00, 0x00, 0x38, 0x93, 0x45, 0x66, 0x66, 0x66, 0x3f, 0x00, 0x00, 0xc0,
    0x40, 0x00, 0x00, 0xc0, 0x87, 0x44, 0x00, 0x00, 0x00, 0xbf, 0x85, 0xeb,
    0x61, 0x40, 0xcd, 0xcc, 0x2c, 0xc0, 0x01, 0x00, 0x00, 0xd2, 0x42, 0x00,
    0x00, 0x00, 0x3f, 0x33, 0x33, 0x33, 0x3f, 0x00, 0x00, 0x00, 0x54, 0x43,
    0x00, 0x00, 0xc0, 0xbf, 0xcd, 0xcc, 0x0c, 0x3f, 0x00, 0x00, 0x18, 0xab,
    0x45, 0xcd, 0xcc, 0x2c, 0x40, 0x85, 0xeb, 0xf1, 0x3f, 0x00, 0x00, 0x00,
    0x8c, 0x42, 0x00, 0x00, 0x20, 0x40, 0xcd, 0xcc, 0x4c, 0x3f, 0x00, 0x00,
    0xc0, 0x53, 0x44, 0x33, 0x33, 0xb3, 0x3f, 0x52, 0xb8, 0x2e, 0x40, 0x02,
    0x00, 0x40, 0x1c, 0x46, 0x33, 0x33, 0xa3, 0xc0, 0x33, 0x33, 0x33, 0x3f,
    0x00, 0x00, 0xb0, 0x12, 0x46, 0x33, 0x33, 0x73, 0x40, 0x33, 0x33, 0x23,
    0x40, 0x00, 0x00, 0x60, 0x35, 0x45, 0x00, 0x00, 0x80, 0xbf, 0x3d, 0x0a,
    0x77, 0x40, 0x00, 0x00, 0xa0, 0xb4, 0x44, 0xcd, 0xcc, 0x4c, 0xbf, 0x3d,
    0x0a, 0x27, 0x40, 0x00, 0x00, 0x80, 0x7e, 0x44, 0x9a, 0x99, 0x19, 0x3f,
    0xec, 0x51, 0x90, 0x40, 0x66, 0x66, 0x86, 0xc0, 0x01, 0x00, 0x00, 0xd2,
    0x42, 0x00, 0x00, 0x00, 0xbf, 0x33, 0x33, 0x33, 0x3f, 0x00, 0x00, 0x00,
    0x1f, 0x43, 0x33, 0x33, 0x53, 0xc0, 0xec, 0x51, 0x98, 0x3f, 0x00, 0x00,
    0x40, 0x1c, 0x46, 0x33, 0x33, 0x73, 0x40, 0xa4, 0x70, 0x9d, 0x3f, 0x00,
    0x00, 0x30, 0x1d, 0x45, 0x00, 0x00, 0x80, 0x40, 0x8f, 0xc2, 0x95, 0x40,
    0x00, 0x00, 0x00, 0x5f, 0x44, 0xcd, 0xcc, 0x8c, 0x3f, 0xe1, 0x7a, 0x94,
    0x3f, 0x02, 0x00, 0x40, 0x1c, 0x46, 0xcd, 0xcc, 0x4c, 0x3e, 0x33, 0x33,
    0x33, 0x3f, 0x00, 0x00, 0xc0, 0x88, 0x45, 0x66, 0x66, 0x06, 0x40, 0xb8,
    0x1e, 0x45, 0x40, 0x00, 0x00, 0xc0, 0x4c, 0x45, 0x00, 0x00, 0xc0, 0xbf,
    0x85, 0xeb, 0x91, 0x40, 0x00, 0x00, 0xc8, 0xd2, 0x45, 0x00, 0x00, 0xc0,
    0xbf, 0x66, 0x66, 0x96, 0x40, 0x00, 0x00, 0x00, 0x4c, 0x42, 0xcd, 0xcc,
    0xcc, 0xbd, 0xd7, 0xa3, 0x90, 0x3f, 0x00, 0x00, 0x40, 0xc0, 0x01, 0x00,
    0x00, 0xd2, 0x42, 0x00, 0x00, 0x00, 0x80, 0x33, 0x33, 0x33, 0x3f, 0x00,
    0x00, 0x00, 0xec, 0x42, 0xcd, 0xcc, 0x4c, 0x40, 0xec, 0x51, 0x98, 0x3f,
    0x00, 0x00, 0x20, 0xa6, 0x44, 0x33, 0x33, 0x13, 0xc0, 0xb8, 0x1e, 0xa5,
    0x3f, 0x00, 0x00, 0x00, 0x14, 0x42, 0xcd, 0xcc, 0xcc, 0xbf, 0x7b, 0x14,
    0x8e, 0x3f, 0x00, 0x00, 0x9c, 0x06, 0x46, 0x66, 0x66, 0x26, 0x40, 0x0a,
    0xd7, 0x53, 0x40, 0x02, 0x00, 0x40, 0x1c, 0x46, 0x66, 0x66, 0x66, 0xc0,
    0x33, 0x33, 0x33, 0x3f, 0x00, 0x00, 0x20, 0xa7, 0x45, 0x9a, 0x99, 0xd9,
    0xbf, 0x00, 0x00, 0xb8, 0x40, 0x00, 0x00, 0x00, 0xfe, 0x43, 0x00, 0x00,
    0x00, 0x3f, 0xec, 0x51, 0xd8, 0x3f, 0x00, 0x00, 0x00, 0x80, 0x43, 0x00,
    0x00, 0x00, 0xbf, 0x66, 0x66, 0x16, 0x40, 0x00, 0x00, 0x80, 0x3c, 0x45,
    0x00, 0x00, 0x00, 0xbf, 0xd7, 0xa3, 0x60, 0x40, 0x9a, 0x99, 0xc9, 0xc0,
    0x01, 0x00, 0x00, 0xd2, 0x42, 0xcd, 0xcc, 0xcc, 0x3d, 0x33, 0x33, 0x33,
    0x3f, 0x00, 0x00, 0x00, 0x29, 0x43, 0x00, 0x00, 0x20, 0xc0, 0xcd, 0xcc,
    0x4c, 0x3f, 0x00, 0x00, 0x80, 0x37, 0x44, 0x00, 0x00, 0x20, 0x40, 0x52,
    0xb8, 0x5e, 0x3f, 0x00, 0x00, 0x40, 0x14, 0x45, 0x66, 0x66, 0x06, 0xc0,
    0xb8, 0x1e, 0x35, 0x40, 0x00, 0x00, 0xd0, 0x89, 0x45, 0x00, 0x00, 0x00,
    0xc0, 0x29, 0x5c, 0x6f, 0x40, 0x02, 0x00, 0x40, 0x1c, 0x46, 0x9a, 0x99,
    0xc9, 0x40, 0x33, 0x33, 0x33, 0x3f, 0x00, 0x00, 0x24, 0x06, 0x46, 0xcd,
    0xcc, 0xcc, 0x3f, 0xf6, 0x28, 0x84, 0x40, 0x00, 0x00, 0x48, 0xbd, 0x45,
    0x9a, 0x99, 0xd9, 0x3f, 0x00, 0x00, 0xc0, 0x40, 0x00, 0x00, 0x40, 0x9c,
    0x45, 0x33, 0x33, 0xb3, 0xbf, 0x3d, 0x0a, 0xbf, 0x40, 0x00, 0x00, 0x80,
    0xc8, 0x44, 0x9a, 0x99, 0x99, 0xbe, 0xf6, 0x28, 0x1c, 0x40, 0xcd, 0xcc,
    0x8c, 0xc0, 0x01, 0x00, 0x00, 0xd2, 0x42, 0xcd, 0xcc, 0x8c, 0xbf, 0x33,
    0x33, 0x33, 0x3f, 0x00, 0x00, 0x00, 0x2a, 0x43, 0x00, 0x00, 0x40, 0xc0,
    0x7b, 0x14, 0x6e, 0x3f, 0x00, 0x00, 0x00, 0x40, 0x44, 0x33, 0x33, 0x53,
    0x40, 0xae, 0x47, 0x81, 0x3f, 0x00, 0x00, 0xc0, 0x3b, 0x45, 0x9a, 0x99,
    0x19, 0xc0, 0x29, 0x5c, 0x0f, 0x3f, 0x00, 0x00, 0xf0, 0xc9, 0x45, 0xcd,
    0xcc, 0x9c, 0x40, 0x9a, 0x99, 0x99, 0x3f, 0x02, 0x00, 0x40, 0x1c, 0x46,
    0x00, 0x00, 0xa0, 0xc0, 0x33, 0x33, 0x33, 0x3f, 0x00, 0x00, 0x74, 0x15,
    0x46, 0x33, 0x33, 0x33, 0x40, 0x14, 0xae, 0x37, 0x40, 0x00, 0x00, 0x70,
    0x7b, 0x45, 0xcd, 0xcc, 0xcc, 0xbf, 0x00, 0x00, 0xc0, 0x40, 0x00, 0x00,
    0x80, 0x4f, 0x45, 0x00, 0x00, 0x80, 0x3f, 0xf6, 0x28, 0x84, 0x40, 0x00,
    0x00, 0x08, 0xbd, 0x45, 0xcd, 0xcc, 0x8c, 0x3f, 0x00, 0x00, 0xc0, 0x40,
    0x33, 0x33, 0x53, 0xc0, 0x01, 0x00, 0x00, 0xd2, 0x42, 0x33, 0x33, 0x33,
    0x3f, 0x33, 0x33, 0x33, 0x3f, 0x00, 0x00, 0x00, 0x09, 0x43, 0xcd, 0xcc,
    0x4c, 0xc0, 0x3d, 0x0a, 0x17, 0x3f, 0x00, 0x00, 0x50, 0x82, 0x45, 0x9a,
    0x99, 0x39, 0x40, 0xf6, 0x28, 0xdc, 0x3f, 0x00, 0x00, 0xc0, 0x32, 0x44,
    0x66, 0x66, 0xa6, 0x3f, 0xae, 0x47, 0xe1, 0x3f, 0x00, 0x00, 0x00, 0x25,
    0x45, 0x33, 0x33, 0x13, 0x40, 0x9a, 0x99, 0x49, 0x40, 0x02, 0x00, 0x40,
    0x1c, 0x46, 0x00, 0x00, 0x00, 0x3f, 0x33, 0x33, 0x33, 0x3f, 0x00, 0x00,
    0x20, 0xac, 0x44, 0x9a, 0x99, 0x99, 0xbf, 0xf6, 0x28, 0x2c, 0x40, 0x00,
    0x00, 0xf0, 0xb1, 0x45, 0xcd, 0xcc, 0xcc, 0xbf, 0x00, 0x00, 0xc0, 0x40,
    0x00, 0x00, 0x40, 0x76, 0x44, 0x33, 0x33, 0x33, 0x3f, 0x7b, 0x14, 0x5e,
    0x40, 0x00, 0x00, 0xc0, 0x94, 0x45, 0x00, 0x00, 0x80, 0x3f, 0xae, 0x47,
    0xb9, 0x40, 0x66, 0x66, 0x96, 0xc0, 0x01, 0x00, 0x00, 0xd2, 0x42, 0x66,
    0x66, 0x96, 0xc0, 0x33, 0x33, 0x33, 0x3f, 0x00, 0x00, 0x18, 0x8f, 0x45,
    0x9a, 0x99, 0x99, 0x40, 0x48, 0xe1, 0x1a, 0x40, 0x00, 0x00, 0x00, 0x2a,
    0x43, 0x00, 0x00, 0x00, 0xc0, 0x5c, 0x8f, 0x82, 0x3f, 0x00, 0x00, 0x80,
    0x55, 0x44, 0x00, 0x00, 0xc0, 0x3f, 0x3d, 0x0a, 0x97, 0x3f, 0x00, 0x00,
    0xb0, 0x2e, 0x45, 0x66, 0x66, 0x66, 0xc0, 0xc3, 0xf5, 0x68, 0x40, 0x02,
    0x00, 0x40, 0x1c, 0x46, 0x00, 0x00, 0xa0, 0xc0, 0x33, 0x33, 0x33, 0x3f,
    0x00, 0x00, 0x00, 0x80, 0x42, 0x00, 0x00, 0x00, 0x3f, 0x00, 0x00, 0x00,
    0x40, 0x00, 0x00, 0x88, 0xf3, 0x45, 0xcd, 0xcc, 0x0c, 0x40, 0x85, 0xeb,
    0xb9, 0x40, 0x00, 0x00, 0x88, 0xcd, 0x45, 0x33, 0x33, 0xf3, 0xbf, 0x00,
    0x00, 0xc0, 0x40, 0x00, 0x00, 0x88, 0xad, 0x45, 0xcd, 0xcc, 0xcc, 0x3f,
    0xf6, 0x28, 0xb4, 0x40, 0x66, 0x66, 0xc6, 0xc0, 0x01, 0x00, 0x00, 0xd2,
    0x42, 0x00, 0x00, 0x20, 0xc0, 0x33, 0x33, 0x33, 0x3f, 0x00, 0x00, 0x38,
    0xdc, 0x45, 0x9a, 0x99, 0x21, 0x41, 0xec, 0x51, 0x38, 0x3e, 0x00, 0x00,
    0x00, 0x65, 0x43, 0x33, 0x33, 0xe3, 0xc0, 0xcd, 0xcc, 0xcc, 0x3e, 0x00,
    0x00, 0x08, 0xb7, 0x45, 0x33, 0x33, 0x73, 0xc1, 0x71, 0x3d, 0x8a, 0x3f,
    0x00, 0x00, 0xc0, 0x3f, 0x44, 0x00, 0x00, 0x90, 0x40, 0x0a, 0xd7, 0x23,
    0x3f, 0x02, 0x00, 0x40, 0x1c, 0x46, 0x00, 0x00, 0xc0, 0xbf, 0x33, 0x33,
    0x33, 0x3f, 0x00, 0x00, 0x00, 0xb1, 0x44, 0x33, 0x33, 0xb3, 0xbf, 0x7b,
    0x14, 0x6e, 0x40, 0x00, 0x00, 0xb0, 0x29, 0x45, 0x66, 0x66, 0xa6, 0x3f,
    0x7b, 0x14, 0x5e, 0x40, 0x00, 0x00, 0xa0, 0x6a, 0x45, 0x66, 0x66, 0x66,
    0xbf, 0xf6, 0x28, 0x7c, 0x40, 0x00, 0x00, 0xc0, 0x82, 0x44, 0x66, 0x66,
    0x66, 0x3f, 0x3d, 0x0a, 0x67, 0x40, 0x66, 0x66, 0xc6, 0xc0, 0x01, 0x00,
    0x00, 0xd2, 0x42, 0x9a, 0x99, 0x99, 0x3e, 0x33, 0x33, 0x33, 0x3f, 0x00,
    0x00, 0x00, 0x37, 0x43, 0x00, 0x00, 0xd0, 0xc0, 0xf6, 0x28, 0xdc, 0x3e,
    0x00, 0x00, 0x80, 0x7a, 0x44, 0x9a, 0x99, 0x89, 0x40, 0x7b, 0x14, 0x2e,
    0x3f, 0x00, 0x00, 0x80, 0xf3, 0x43, 0x00, 0x00, 0x00, 0x3f, 0xae, 0x47,
    0x21, 0x3f, 0x00, 0x00, 0x20, 0x01, 0x46, 0xcd, 0xcc, 0xdc, 0x40, 0xa4,
    0x70, 0xbd, 0x3f, 0x02, 0x00, 0x40, 0x1c, 0x46, 0x9a, 0x99, 0xb9, 0x40,
    0x33, 0x33, 0x33, 0x3f, 0x00, 0x00, 0xe0, 0x02, 0x46, 0x9a, 0x99, 0x39,
    0xc0, 0x66, 0x66, 0x16, 0x40, 0x00, 0x00, 0x48, 0x99, 0x45, 0x00, 0x00,
    0x20, 0xc0, 0xa4, 0x70, 0x9d, 0x40, 0x00, 0x00, 0xf0, 0xc4, 0x45, 0x9a,
    0x99, 0x39, 0x40, 0x5c, 0x8f, 0xba, 0x40, 0x00, 0x00, 0x00, 0x18, 0x42,
    0x9a, 0x99, 0x99, 0xbe, 0xae, 0x47, 0x11, 0x40, 0xcd, 0xcc, 0xbc, 0xc0,
    0x01, 0x00, 0x00, 0xd2, 0x42, 0x33, 0x33, 0xc3, 0x40, 0x33, 0x33, 0x33,
    0x3f, 0x00, 0x00, 0xc0, 0x02, 0x44, 0x33, 0x33, 0xb3, 0x40, 0x48, 0xe1,
    0x3a, 0x3f, 0x00, 0x00, 0x60, 0xf2, 0x44, 0x33, 0x33, 0x83, 0xc0, 0xb8,
    0x1e, 0xa5, 0x3f, 0x00, 0x00, 0x00, 0x59, 0x43, 0x9a, 0x99, 0x59, 0xc0,
    0x5c, 0x8f, 0x02, 0x3f, 0x00, 0x00, 0xd8, 0x83, 0x45, 0x00, 0x00, 0x00,
    0xc0, 0x8f, 0xc2, 0x35, 0x40, 0x02, 0x00, 0x40, 0x1c, 0x46, 0x33, 0x33,
    0x33, 0x40, 0x33, 0x33, 0x33, 0x3f, 0x00, 0x00, 0x68, 0xd2, 0x45, 0xcd,
    0xcc, 0x8c, 0x3f, 0xf6, 0x28, 0x6c, 0x40, 0x00, 0x00, 0xf8, 0xa4, 0x45,
    0x66, 0x66, 0x66, 0xbf, 0x14, 0xae, 0x8f, 0x40, 0x00, 0x00, 0x00, 0x68,
    0x42, 0x9a, 0x99, 0x99, 0xbe, 0x7b, 0x14, 0xee, 0x3f, 0x00, 0x00, 0x00,
    0xa6, 0x42, 0x33, 0x33, 0x33, 0x3f, 0x29, 0x5c, 0xaf, 0x40, 0x66, 0x66,
    0xc6, 0xc0, 0x01, 0x00, 0x00, 0xd2, 0x42, 0x33, 0x33, 0xf3, 0xbf, 0x33,
    0x33, 0x33, 0x3f, 0x00, 0x00, 0x00, 0x3a, 0x43, 0x00, 0x00, 0x90, 0xc0,
    0x14, 0xae, 0x47, 0x3f, 0x00, 0x00, 0xc0, 0x54, 0x44, 0xcd, 0xcc, 0x4c,
    0x40, 0x00, 0x00, 0x00, 0x3f, 0x00, 0x00, 0x00, 0xb0, 0x43, 0xcd, 0xcc,
    0x8c, 0xbf, 0x66, 0x66, 0x66, 0x3f, 0x00, 0x00, 0x50, 0x91, 0x45, 0x66,
    0x66, 0x46, 0xc0, 0x7b, 0x14, 0x7e, 0x40, 0x02, 0x00, 0x40, 0x1c, 0x46,
    0xcd, 0xcc, 0xac, 0x40, 0x33, 0x33, 0x33, 0x3f, 0x00, 0x00, 0x24, 0x13,
    0x46, 0x9a, 0x99, 0x59, 0x40, 0xb8, 0x1e, 0x85, 0x3f, 0x00, 0x00, 0x20,
    0x48, 0x45, 0x66, 0x66, 0xe6, 0xbf, 0xe1, 0x7a, 0x44, 0x40, 0x00, 0x00,
    0x28, 0xcd, 0x45, 0x33, 0x33, 0x13, 0x40, 0x3d, 0x0a, 0xb7, 0x40, 0x00,
    0x00, 0x78, 0xa6, 0x45, 0xcd, 0xcc, 0x4c, 0xc0, 0x14, 0xae, 0xbf, 0x40,
    0x33, 0x33, 0xa3, 0xc0, 0x01, 0x00, 0x00, 0xd2, 0x42, 0x9a, 0x99, 0xd9,
    0xbf, 0x33, 0x33, 0x33, 0x3f, 0x00, 0x00, 0x60, 0x03, 0x45, 0x00, 0x00,
    0x90, 0x40, 0x1f, 0x85, 0x8b, 0x3f, 0x00, 0x00, 0x00, 0x2b, 0x43, 0x00,
    0x00, 0xb0, 0xc0, 0x8f, 0xc2, 0xf5, 0x3e, 0x00, 0x00, 0x40, 0x43, 0x44,
    0xcd, 0xcc, 0xac, 0x40, 0x66, 0x66, 0x86, 0x3f, 0x00, 0x00, 0x98, 0xc2,
    0x45, 0xcd, 0xcc, 0xec, 0xc0, 0xae, 0x47, 0x91, 0x40, 0x02, 0x00, 0x40,
    0x1c, 0x46, 0x00, 0x00, 0x60, 0x40, 0x33, 0x33, 0x33, 0x3f, 0x00, 0x00,
    0xc0, 0x88, 0x45, 0xcd, 0xcc, 0xcc, 0x3f, 0x14, 0xae, 0x77, 0x40, 0x00,
    0x00, 0x70, 0xff, 0x45, 0x33, 0x33, 0xf3, 0xbf, 0x52, 0xb8, 0x4e, 0x40,
    0x00, 0x00, 0xc0, 0x48, 0x45, 0x9a, 0x99, 0x99, 0xbf, 0x48, 0xe1, 0x82,
    0x40, 0x00, 0x00, 0x00, 0x14, 0x42, 0xcd, 0xcc, 0x4c, 0xbe, 0x85, 0xeb,
    0x01, 0x40, 0x66, 0x66, 0x66, 0xc0, 0x01, 0x00, 0x00, 0xd2, 0x42, 0x33,
    0x33, 0xb3, 0xbf, 0x33, 0x33, 0x33, 0x3f, 0x00, 0x00, 0x00, 0xcc, 0x43,
    0x33, 0x33, 0x83, 0x40, 0x66, 0x66, 0x66, 0x3f, 0x00, 0x00, 0x60, 0xe2,
    0x44, 0xcd, 0xcc, 0xcc, 0xbf, 0x85, 0xeb, 0xb1, 0x3f, 0x00, 0x00, 0x68,
    0xed, 0x45, 0xcd, 0xcc, 0x6c, 0xc0, 0x7b, 0x14, 0x0e, 0x40, 0x00, 0x00,
    0x00, 0x6d, 0x43, 0x33, 0x33, 0xb3, 0xbf, 0x8f, 0xc2, 0xb5, 0x3f, 0x02,
    0x00, 0x40, 0x1c, 0x46, 0x66, 0x66, 0x06, 0xc0, 0x33, 0x33, 0x33, 0x3f,
    0x00, 0x00, 0x00, 0x30, 0x42, 0x66, 0x66, 0xa6, 0x3f, 0xd7, 0xa3, 0x20,
    0x40, 0x00, 0x00, 0x60, 0x65, 0x45, 0x9a, 0x99, 0x99, 0x3f, 0xe1, 0x7a,
    0x54, 0x40, 0x00, 0x00, 0x00, 0x8a, 0x42, 0xcd, 0xcc, 0x4c, 0xbf, 0xc3,
    0xf5, 0x58, 0x40, 0x00, 0x00, 0xf0, 0x21, 0x45, 0x33, 0x33, 0x33, 0xbf,
    0x1f, 0x85, 0x7b, 0x40, 0xcd, 0xcc, 0x8c, 0xc0, 0x01, 0x00, 0x00, 0xd2,
    0x42, 0xcd, 0xcc, 0xdc, 0xc0, 0x33, 0x33, 0x33, 0x3f, 0x00, 0x00, 0x00,
    0x1a, 0x43, 0x33, 0x33, 0xc3, 0x40, 0x9a, 0x99, 0x59, 0x3f, 0x00, 0x00,
    0x80, 0xb7, 0x44, 0x00, 0x00, 0x90, 0xc0, 0xcd, 0xcc, 0x8c, 0x3f, 0x00,
    0x00, 0x00, 0x58, 0x42, 0x9a, 0x99, 0x79, 0xc0, 0xc3, 0xf5, 0x68, 0x3f,
    0x00, 0x00, 0xc0, 0x5d, 0x44, 0x9a, 0x99, 0xd9, 0x3f, 0xd7, 0xa3, 0xf0,
    0x3f, 0x02, 0x00, 0x40, 0x1c, 0x46, 0x00, 0x00, 0xc0, 0xc0, 0x33, 0x33,
    0x33, 0x3f, 0x00, 0x00, 0xc0, 0x6a, 0x45, 0xcd, 0xcc, 0x0c, 0x40, 0x14,
    0xae, 0x37, 0x40, 0x00, 0x00, 0x00, 0x2b, 0x45, 0x00, 0x00, 0xc0, 0xbf,
    0x1f, 0x85, 0x1b, 0x40, 0x00, 0x00, 0x40, 0x4f, 0x45, 0x00, 0x00, 0x80,
    0x3f, 0x29, 0x5c, 0x1f, 0x40, 0x00, 0x00, 0x30, 0x41, 0x45, 0x9a, 0x99,
    0x19, 0xbf, 0xa4, 0x70, 0x5d, 0x40, 0x9a, 0x99, 0xa9, 0xc0, 0x01, 0x00,
    0x00, 0xd2, 0x42, 0x00, 0x00, 0x90, 0xc0, 0x33, 0x33, 0x33, 0x3f, 0x00,
    0x00, 0x60, 0x91, 0x44, 0x9a, 0x99, 0xa9, 0x40, 0xb8, 0x1e, 0xc5, 0x3f,
    0x00, 0x00, 0x00, 0x24, 0x43, 0x00, 0x00, 0x00, 0xc0, 0x00, 0x00, 0xa0,
    0x3f, 0x00, 0x00, 0x80, 0x3b, 0x45, 0x9a, 0x99, 0xd9, 0x3f, 0xcd, 0xcc,
    0xec, 0x3f, 0x00, 0x00, 0x20, 0xf6, 0x44, 0x9a, 0x99, 0xd9, 0xbf, 0xec,
    0x51, 0x90, 0x40, 0x02, 0x00, 0x40, 0x1c, 0x46, 0x66, 0x66, 0xf6, 0xc0,
    0x33, 0x33, 0x33, 0x3f, 0x00, 0x00, 0x74, 0x07, 0x46, 0x66, 0x66, 0x96,
    0xc0, 0xec, 0x51, 0x98, 0x3f, 0x00, 0x00, 0x90, 0xbf, 0x45, 0x00, 0x00,
    0x90, 0x40, 0xec, 0x51, 0x88, 0x40, 0x00, 0x00, 0x80, 0x87, 0x45, 0x00,
    0x00, 0xc0, 0x3f, 0x0a, 0xd7, 0x03, 0x40, 0x00, 0x00, 0xd0, 0xd8, 0x45,
    0x9a, 0x99, 0x39, 0xc0, 0x00, 0x00, 0xc0, 0x40, 0x00, 0x00, 0x80, 0xc0,
    0x01, 0x00, 0x00, 0xd2, 0x42, 0xcd, 0xcc, 0x8c, 0x40, 0x33, 0x33, 0x33,
    0x3f, 0x00, 0x00, 0x00, 0x38, 0x44, 0x33, 0x33, 0xd3, 0x40, 0xf6, 0x28,
    0xdc, 0x3e, 0x00, 0x00, 0x00, 0xee, 0x42, 0x33, 0x33, 0xd3, 0xc0, 0xec,
    0x51, 0x38, 0x3e, 0x00, 0x00, 0xfc, 0x09, 0x46, 0xcd, 0xcc, 0xcc, 0xbf,
    0xec, 0x51, 0x58, 0x40, 0x00, 0x00, 0x20, 0x8e, 0x45, 0x00, 0x00, 0x80,
    0xc0, 0xae, 0x47, 0xa1, 0x40, 0x02, 0x00, 0x40, 0x1c, 0x46, 0x9a, 0x99,
    0x99, 0x3e, 0x33, 0x33, 0x33, 0x3f, 0x00, 0x00, 0x30, 0xc0, 0x45, 0xcd,
    0xcc, 0x4c, 0x40, 0x00, 0x00, 0xc0, 0x40, 0x00, 0x00, 0x80, 0x36, 0x45,
    0x66, 0x66, 0xa6, 0xbf, 0x52, 0xb8, 0x4e, 0x40, 0x00, 0x00, 0x60, 0xfe,
    0x44, 0xcd, 0xcc, 0x4c, 0x3f, 0xec, 0x51, 0x48, 0x40, 0x00, 0x00, 0x18,
    0xeb, 0x45, 0x66, 0x66, 0xa6, 0xbf, 0x14, 0xae, 0xbf, 0x40, 0xcd, 0xcc,
    0xac, 0xc0, 0x01, 0x00, 0x00, 0xd2, 0x42, 0x66, 0x66, 0xa6, 0xc0, 0x33,
    0x33, 0x33, 0x3f, 0x00, 0x00, 0xa0, 0xae, 0x44, 0x66, 0x66, 0xe6, 0x40,
    0xae, 0x47, 0xe1, 0x3e, 0x00, 0x00, 0x00, 0x37, 0x43, 0x9a, 0x99, 0x39,
    0xc0, 0xb8, 0x1e, 0xa5, 0x3f, 0x00, 0x00, 0x70, 0xc0, 0x45, 0x00, 0x00,
    0xc0, 0xc0, 0x48, 0xe1, 0xba, 0x40, 0x00, 0x00, 0xd0, 0xd0, 0x45, 0x66,
    0x66, 0xa6, 0xc0, 0x00, 0x00, 0x80, 0x3e, 0x02, 0x00, 0x40, 0x1c, 0x46,
    0xcd, 0xcc, 0xcc, 0xbe, 0x33, 0x33, 0x33, 0x3f, 0x00, 0x00, 0x00, 0x82,
    0x42, 0x66, 0x66, 0xa6, 0x3f, 0xb8, 0x1e, 0x25, 0x40, 0x00, 0x00, 0xb0,
    0x4b, 0x45, 0x00, 0x00, 0x60, 0xc0, 0x85, 0xeb, 0x81, 0x40, 0x00, 0x00,
    0xd0, 0x0e, 0x45, 0x66, 0x66, 0xe6, 0x3f, 0xae, 0x47, 0x51, 0x40, 0x00,
    0x00, 0x58, 0x8d, 0x45, 0x33, 0x33, 0x13, 0x40, 0xe1, 0x7a, 0x84, 0x40,
    0x00, 0x00, 0xc0, 0xc0, 0x01, 0x00, 0x00, 0xd2, 0x42, 0x9a, 0x99, 0x99,
    0xc0, 0x33, 0x33, 0x33, 0x3f, 0x00, 0x00, 0x00, 0x26, 0x43, 0x00, 0x00,
    0x90, 0xc0, 0x29, 0x5c, 0x8f, 0x3f, 0x00, 0x00, 0x90, 0xad, 0x45, 0x33,
    0x33, 0xc3, 0x40, 0x5c, 0x8f, 0xc2, 0x3f, 0x00, 0x00, 0xc0, 0x50, 0x45,
    0xcd, 0xcc, 0xac, 0xc0, 0x0a, 0xd7, 0x83, 0x3f, 0x00, 0x00, 0x58, 0xf8,
    0x45, 0x9a, 0x99, 0x89, 0x40, 0x5c, 0x8f, 0xa2, 0x3f, 0x02, 0x00, 0x40,
    0x1c, 0x46, 0x66, 0x66, 0x26, 0xc0, 0x33, 0x33, 0x33, 0x3f, 0x00, 0x00,
    0x80, 0x53, 0x44, 0x66, 0x66, 0x46, 0x40, 0x48, 0xe1, 0x9a, 0x3f, 0x00,
    0x00, 0x50, 0x09, 0x45, 0x9a, 0x99, 0x39, 0xc0, 0xec, 0x51, 0x18, 0x40,
    0x00, 0x00, 0x70, 0x3b, 0x45, 0x9a, 0x99, 0x19, 0x40, 0x48, 0xe1, 0x8a,
    0x40, 0x00, 0x00, 0x80, 0x95, 0x43, 0xcd, 0xcc, 0x8c, 0xbf, 0xa4, 0x70,
    0xfd, 0x3f, 0x00, 0x00, 0xc0, 0xc0, 0x01, 0x00, 0x00, 0xd2, 0x42, 0x00,
    0x00, 0x00, 0x3f, 0x33, 0x33, 0x33, 0x3f, 0x00, 0x00, 0x00, 0x2d, 0x43,
    0xcd, 0xcc, 0x4c, 0xc0, 0x52, 0xb8, 0x5e, 0x3f, 0x00, 0x00, 0x80, 0x2d,
    0x44, 0x00, 0x00, 0x40, 0x40, 0x0a, 0xd7, 0x83, 0x3f, 0x00, 0x00, 0x00,
    0xf4, 0x44, 0x66, 0x66, 0x66, 0xc0, 0xf6, 0x28, 0x1c, 0x40, 0x00, 0x00,
    0x28, 0xc7, 0x45, 0x9a, 0x99, 0x99, 0x40, 0x29, 0x5c, 0x6f, 0x40, 0x02,
    0x00, 0x40, 0x1c, 0x46, 0x00, 0x00, 0xc0, 0x40, 0x33, 0x33, 0x33, 0x3f,
    0x00, 0x00, 0xc0, 0x4b, 0x45, 0xcd, 0xcc, 0x4c, 0x40, 0x48, 0xe1, 0x5a,
    0x40, 0x00, 0x00, 0x78, 0x88, 0x45, 0x9a, 0x99, 0x79, 0xc0, 0x48, 0xe1,
    0xba, 0x40, 0x00, 0x00, 0x04, 0x14, 0x46, 0x9a, 0x99, 0x59, 0xc0, 0x8f,
    0xc2, 0x85, 0x40, 0x00, 0x00, 0x20, 0x10, 0x45, 0x00, 0x00, 0xc0, 0xbf,
    0x0a, 0xd7, 0xab, 0x40, 0x33, 0x33, 0x73, 0xc0, 0x01, 0x00, 0x00, 0xd2,
    0x42, 0xcd, 0xcc, 0x4c, 0x3f, 0x33, 0x33, 0x33, 0x3f, 0x00, 0x00, 0x00,
    0x68, 0x44, 0x9a, 0x99, 0xa9, 0x40, 0xc3, 0xf5, 0x28, 0x3f, 0x00, 0x00,
    0x00, 0x26, 0x43, 0x9a, 0x99, 0x59, 0xc0, 0x1f, 0x85, 0x2b, 0x3f, 0x00,
    0x00, 0x10, 0x09, 0x45, 0xcd, 0xcc, 0x8c, 0xc0, 0xf6, 0x28, 0x1c, 0x3f,
    0x00, 0x00, 0x00, 0x54, 0x45, 0x33, 0x33, 0xc3, 0x40, 0xe1, 0x7a, 0x34,
    0x40, 0x02, 0x00, 0x40, 0x1c, 0x46, 0xcd, 0xcc, 0x8c, 0xc0, 0x33, 0x33,
    0x33, 0x3f, 0x00, 0x00, 0xd8, 0xc9, 0x45, 0x00, 0x00, 0x60, 0x40, 0x00,
    0x00, 0xa8, 0x40, 0x00, 0x00, 0x40, 0x9b, 0x45, 0x00, 0x00, 0x60, 0xc0,
    0x48, 0xe1, 0xb2, 0x40, 0x00, 0x00, 0x70, 0x7c, 0x45, 0x66, 0x66, 0xa6,
    0x3f, 0x00, 0x00, 0xc0, 0x40, 0x00, 0x00, 0x60, 0xba, 0x45, 0x66, 0x66,
    0x66, 0x3f, 0xb8, 0x1e, 0xbd, 0x40, 0x00, 0x00, 0x90, 0xc0, 0x01, 0x00,
    0x00, 0xd2, 0x42, 0xcd, 0xcc, 0x4c, 0xbe, 0x33, 0x33, 0x33, 0x3f, 0x00,
    0x00, 0x00, 0x36, 0x43, 0x00, 0x00, 0x40, 0xc0, 0x52, 0xb8, 0x1e, 0x3f,
    0x00, 0x00, 0x00, 0x1b, 0x44, 0x9a, 0x99, 0x19, 0x40, 0xae, 0x47, 0x21,
    0x3f, 0x00, 0x00, 0x48, 0x11, 0x46, 0x66, 0x66, 0x46, 0xc0, 0x14, 0xae,
    0x57, 0x40, 0x00, 0x00, 0xc0, 0xea, 0x44, 0x33, 0x33, 0x83, 0xc0, 0x33,
    0x33, 0x43, 0x40, 0x02, 0x00, 0x40, 0x1c, 0x46, 0x9a, 0x99, 0x99, 0xbe,
    0x33, 0x33, 0x33, 0x3f, 0x00, 0x00, 0xe8, 0x84, 0x45, 0x66, 0x66, 0x96,
    0x40, 0x9a, 0x99, 0x81, 0x40, 0x00, 0x00, 0x20, 0xa5, 0x44, 0x9a, 0x99,
    0x19, 0xbf, 0x66, 0x66, 0x26, 0x40, 0x00, 0x00, 0x60, 0x58, 0x45, 0x00,
    0x00, 0x80, 0xbf, 0x00, 0x00, 0xc0, 0x40, 0x00, 0x00, 0x00, 0xb3, 0x43,
    0x00, 0x00, 0x00, 0x80, 0xcd, 0xcc, 0xb4, 0x40, 0x33, 0x33, 0x83, 0xc0,
    0x01, 0x00, 0x00, 0xd2, 0x42, 0xcd, 0xcc, 0x8c, 0x3f, 0x33, 0x33, 0x33,
    0x3f, 0x00, 0x00, 0x00, 0x00, 0x43, 0x00, 0x00, 0x00, 0xc0, 0x52, 0xb8,
    0x5e, 0x3f, 0x00, 0x00, 0x50, 0xb6, 0x45, 0x33, 0x33, 0x73, 0x40, 0xcd,
    0xcc, 0x0c, 0x40, 0x00, 0x00, 0x80, 0xbc, 0x44, 0x33, 0x33, 0xf3, 0xbf,
    0x1f, 0x85, 0x8b, 0x3f, 0x00, 0x00, 0xb0, 0x58, 0x45, 0x00, 0x00, 0x80,
    0x40, 0x29, 0x5c, 0x3f, 0x40, 0x02, 0x00, 0x40, 0x1c, 0x46, 0x33, 0x33,
    0x33, 0xbf, 0x33, 0x33, 0x33, 0x3f, 0x00, 0x00, 0x3c, 0x0a, 0x46, 0xcd,
    0xcc, 0x4c, 0x3f, 0xe1, 0x7a, 0x94, 0x40, 0x00, 0x00, 0x00, 0x34, 0x42,
    0xcd, 0xcc, 0x4c, 0xbe, 0xb8, 0x1e, 0x05, 0x40, 0x00, 0x00, 0x48, 0x90,
    0x45, 0x00, 0x00, 0x80, 0xbf, 0x00, 0x00, 0xc0, 0x40, 0x00, 0x00, 0x90,
    0x9f, 0x45, 0xcd, 0xcc, 0x4c, 0x3f, 0x00, 0x00, 0xc0, 0x40, 0x66, 0x66,
    0xc6, 0xc0, 0x01, 0x00, 0x00, 0xd2, 0x42, 0x33, 0x33, 0x53, 0x40, 0x33,
    0x33, 0x33, 0x3f, 0x00, 0x00, 0x20, 0xcf, 0x44, 0x66, 0x66, 0xf6, 0xc0,
    0x0a, 0xd7, 0xe3, 0x3f, 0x00, 0x00, 0x00, 0x2f, 0x45, 0x00, 0x00, 0xb0,
    0x40, 0x48, 0xe1, 0x3a, 0x40, 0x00, 0x00, 0x10, 0xd8, 0x45, 0xcd, 0xcc,
    0xbc, 0x40, 0x66, 0x66, 0x86, 0x3f, 0x00, 0x00, 0x00, 0x21, 0x43, 0x66,
    0x66, 0xe6, 0xbf, 0xc3, 0xf5, 0x68, 0x3f, 0x02, 0x00, 0x40, 0x1c, 0x46,
    0x66, 0x66, 0xb6, 0x40, 0x33, 0x33, 0x33, 0x3f, 0x00, 0x00, 0x10, 0x86,
    0x45, 0x00, 0x00, 0x60, 0xc0, 0x00, 0x00, 0xc0, 0x40, 0x00, 0x00, 0x38,
    0xee, 0x45, 0x00, 0x00, 0x40, 0xc0, 0x00, 0x00, 0x88, 0x40, 0x00, 0x00,
    0xf8, 0xa3, 0x45, 0x9a, 0x99, 0x19, 0x40, 0x5c, 0x8f, 0xa2, 0x40, 0x00,
    0x00, 0x00, 0xb4, 0x42, 0x00, 0x00, 0x00, 0x80, 0x52, 0xb8, 0xde, 0x3f,
    0x66, 0x66, 0xe6, 0xc0, 0x01, 0x00, 0x00, 0xd2, 0x42, 0x9a, 0x99, 0xd9,
    0xbf, 0x33, 0x33, 0x33, 0x3f, 0x00, 0x00, 0xc0, 0x24, 0x44, 0x9a, 0x99,
    0x89, 0x40, 0x66, 0x66, 0x26, 0x3f, 0x00, 0x00, 0x00, 0x38, 0x43, 0xcd,
    0xcc, 0x8c, 0xc0, 0x3d, 0x0a, 0x17, 0x3f, 0x00, 0x00, 0x18, 0x9f, 0x45,
    0xcd, 0xcc, 0xac, 0xc0, 0xd7, 0xa3, 0x90, 0x40, 0x00, 0x00, 0x00, 0x5e,
    0x45, 0x00, 0x00, 0x20, 0x40, 0xa4, 0x70, 0x2d, 0x40, 0x02, 0x00, 0x40,
    0x1c, 0x46, 0x9a, 0x99, 0xe9, 0x40, 0x33, 0x33, 0x33, 0x3f, 0x00, 0x00,
    0xe8, 0xe4, 0x45, 0x66, 0x66, 0x26, 0xc0, 0x8f, 0xc2, 0xbd, 0x40, 0x00,
    0x00, 0x40, 0x5c, 0x44, 0xcd, 0xcc, 0x4c, 0x3e, 0x00, 0x00, 0x30, 0x40,
    0x00, 0x00, 0x40, 0x5e, 0x44, 0x9a, 0x99, 0x19, 0xbf, 0xae, 0x47, 0x11,
    0x40, 0x00, 0x00, 0x00, 0x29, 0x44, 0x33, 0x33, 0x33, 0x3f, 0x0a, 0xd7,
    0x93, 0x40, 0x33, 0x33, 0xd3, 0xc0, 0x01, 0x00, 0x00, 0xd2, 0x42, 0x9a,
    0x99, 0x79, 0x40, 0x33, 0x33, 0x33, 0x3f, 0x00, 0x00, 0x00, 0x5d, 0x43,
    0x66, 0x66, 0x96, 0xc0, 0x14, 0xae, 0xc7, 0x3e, 0x00, 0x00, 0x00, 0x20,
    0x45, 0x33, 0x33, 0xe3, 0x40, 0xc3, 0xf5, 0x88, 0x3f, 0x00, 0x00, 0x60,
    0xb3, 0x44, 0x66, 0x66, 0x46, 0xc0, 0x66, 0x66, 0xa6, 0x3f, 0x00, 0x00,
    0xa8, 0x97, 0x45, 0x66, 0x66, 0x86, 0x40, 0x48, 0xe1, 0x0a, 0x40, 0x02,
    0x00, 0x40, 0x1c, 0x46, 0xcd, 0xcc, 0x4c, 0xbe, 0x33, 0x33, 0x33, 0x3f,
    0x00, 0x00, 0x68, 0xcf, 0x45, 0x00, 0x00, 0x20, 0xc0, 0x00, 0x00, 0xc0,
    0x40, 0x00, 0x00, 0xc0, 0xaf, 0x45, 0xcd, 0xcc, 0x0c, 0x40, 0x3d, 0x0a,
    0xbf, 0x40, 0x00, 0x00, 0xd0, 0x75, 0x45, 0x66, 0x66, 0x66, 0x3f, 0xf6,
    0x28, 0x8c, 0x40, 0x00, 0x00, 0xb8, 0x93, 0x45, 0x33, 0x33, 0xb3, 0xbf,
    0x00, 0x00, 0xc0, 0x40, 0xcd, 0xcc, 0xbc, 0xc0, 0x01, 0x00, 0x00, 0xd2,
    0x42, 0x33, 0x33, 0x13, 0x40, 0x33, 0x33, 0x33, 0x3f, 0x00, 0x00, 0x00,
    0x25, 0x43, 0x00, 0x00, 0x40, 0xc0, 0x7b, 0x14, 0x2e, 0x3f, 0x00, 0x00,
    0xc0, 0x53, 0x44, 0x9a, 0x99, 0x59, 0x40, 0x14, 0xae, 0x47, 0x3f, 0x00,
    0x00, 0xe0, 0xe6, 0x44, 0x66, 0x66, 0x46, 0xc0, 0x9a, 0x99, 0x59, 0x3f,
    0x00, 0x00, 0xe8, 0x10, 0x46, 0xcd, 0xcc, 0x4c, 0x40, 0xf6, 0x28, 0xdc,
    0x3e, 0x02, 0x00, 0x40, 0x1c, 0x46, 0x33, 0x33, 0x83, 0x40, 0x33, 0x33,
    0x33, 0x3f, 0x00, 0x00, 0x80, 0xdd, 0x45, 0xcd, 0xcc, 0x0c, 0xc0, 0x3d,
    0x0a, 0xbf, 0x40, 0x00, 0x00, 0x74, 0x17, 0x46, 0xcd, 0xcc, 0xcc, 0xbf,
    0xe1, 0x7a, 0x64, 0x40, 0x00, 0x00, 0x68, 0xb7, 0x45, 0x33, 0x33, 0xb3,
    0x3f, 0xcd, 0xcc, 0xa4, 0x40, 0x00, 0x00, 0xb8, 0x8d, 0x45, 0xcd, 0xcc,
    0x4c, 0xbf, 0xa4, 0x70, 0x95, 0x40, 0x33, 0x33, 0xd3, 0xc0, 0x01, 0x00,
    0x00, 0xd2, 0x42, 0x9a, 0x99, 0xe9, 0x40, 0x33, 0x33, 0x33, 0x3f, 0x00,
    0x00, 0x00, 0xb4, 0x42, 0xcd, 0xcc, 0x8c, 0xc0, 0x3d, 0x0a, 0x57, 0x3e,
    0x00, 0x00, 0x20, 0xc8, 0x44, 0x00, 0x00, 0xe0, 0xc0, 0xec, 0x51, 0xb8,
    0x3f, 0x00, 0x00, 0xa0, 0xb3, 0x45, 0x33, 0x33, 0x93, 0x40, 0xa4, 0x70,
    0x3d, 0x3f, 0x00, 0x00, 0xc0, 0x63, 0x44, 0xcd, 0xcc, 0x6c, 0x40, 0x3d,
    0x0a, 0x17, 0x3f, 0x02, 0x00, 0x40, 0x1c, 0x46, 0x33, 0x33, 0xc3, 0x40,
    0x33, 0x33, 0x33, 0x3f, 0x00, 0x00, 0xc8, 0xc6, 0x45, 0x9a, 0x99, 0x59,
    0xc0, 0x48, 0xe1, 0xba, 0x3f, 0x00, 0x00, 0x98, 0xab, 0x45, 0x00, 0x00,
    0x90, 0x40, 0x29, 0x5c, 0x87, 0x40, 0x00, 0x00, 0xe0, 0x0f, 0x45, 0x00,
    0x00, 0x00, 0x3f, 0x5c, 0x8f, 0x32, 0x40, 0x00, 0x00, 0xf0, 0xac, 0x45,
    0x00, 0x00, 0x00, 0x80, 0xae, 0x47, 0x81, 0x40, 0x66, 0x66, 0xc6, 0xc0,
    0x01, 0x00, 0x00, 0xd2, 0x42, 0x9a, 0x99, 0x19, 0x3f, 0x33, 0x33, 0x33,
    0x3f, 0x00, 0x00, 0x00, 0x35, 0x43, 0xcd, 0xcc, 0xac, 0xc0, 0x85, 0xeb,
    0x11, 0x3f, 0x00, 0x00, 0xd0, 0xa9, 0x45, 0xcd, 0xcc, 0x80, 0x41, 0x48,
    0xe1, 0xfa, 0x3e, 0x00, 0x00, 0x40, 0x78, 0x45, 0xcd, 0xcc, 0x90, 0xc1,
    0x52, 0xb8, 0x5e, 0x3f, 0x00, 0x00, 0x80, 0x41, 0x44, 0x9a, 0x99, 0x99,
    0x3f, 0x7b, 0x14, 0x0e, 0x40, 0x02, 0x00, 0x40, 0x1c, 0x46, 0x00, 0x00,
    0x80, 0xbf, 0x33, 0x33, 0x33, 0x3f, 0x00, 0x00, 0x98, 0xbc, 0x45, 0x00,
    0x00, 0x00, 0x3f, 0x00, 0x00, 0xc0, 0x40, 0x00, 0x00, 0x60, 0x25, 0x45,
    0xcd, 0xcc, 0xcc, 0xbe, 0x71, 0x3d, 0xaa, 0x40, 0x00, 0x00, 0x20, 0x47,
    0x45, 0xcd, 0xcc, 0xcc, 0x3e, 0x00, 0x00, 0xc0, 0x40, 0x00, 0x00, 0x00,
    0x86, 0x42, 0xcd, 0xcc, 0xcc, 0x3d, 0xec, 0x51, 0x18, 0x40, 0x9a, 0x99,
    0xc9, 0xc0, 0x01, 0x00, 0x00, 0xd2, 0x42, 0x33, 0x33, 0xc3, 0x40, 0x33,
    0x33, 0x33, 0x3f, 0x00, 0x00, 0xa0, 0xb2, 0x44, 0x00, 0x00, 0xf0, 0xc0,
    0x8f, 0xc2, 0xd5, 0x3f, 0x00, 0x00, 0x40, 0x24, 0x45, 0x00, 0x00, 0x18,
    0x41, 0x9a, 0x99, 0x19, 0x3f, 0x00, 0x00, 0x00, 0x7d, 0x44, 0x00, 0x00,
    0xb0, 0xc0, 0x7b, 0x14, 0x6e, 0x3f, 0x00, 0x00, 0x80, 0xc9, 0x43, 0x66,
    0x66, 0x06, 0xc0, 0xb8, 0x1e, 0x85, 0x3e, 0x02, 0x00, 0x40, 0x1c, 0x46,
    0x9a, 0x99, 0xd9, 0xc0, 0x33, 0x33, 0x33, 0x3f, 0x00, 0x00, 0x08, 0xcc,
    0x45, 0x9a, 0x99, 0x89, 0x40, 0x85, 0xeb, 0x61, 0x40, 0x00, 0x00, 0x48,
    0x0f, 0x46, 0x66, 0x66, 0x46, 0xc0, 0xc3, 0xf5, 0x88, 0x3f, 0x00, 0x00,
    0xb0, 0xa6, 0x45, 0x00, 0x00, 0x00, 0x40, 0xe1, 0x7a, 0xf4, 0x3f, 0x00,
    0x00, 0xe0, 0x4b, 0x45, 0x9a, 0x99, 0x99, 0xbf, 0x00, 0x00, 0x50, 0x40,
    0x9a, 0x99, 0x59, 0xc0, 0x01, 0x00, 0x00, 0xd2, 0x42, 0xcd, 0xcc, 0x4c,
    0xbe, 0x33, 0x33, 0x33, 0x3f, 0x00, 0x00, 0x00, 0x24, 0x43, 0x66, 0x66,
    0x26, 0xc0, 0x1f, 0x85, 0x6b, 0x3f, 0x00, 0x00, 0xe0, 0xc9, 0x45, 0x00,
    0x00, 0x60, 0x40, 0x1f, 0x85, 0x1b, 0x40, 0x00, 0x00, 0xc0, 0x24, 0x44,
    0x33, 0x33, 0xb3, 0x3f, 0x1f, 0x85, 0xcb, 0x3f, 0x00, 0x00, 0x40, 0x42,
    0x45, 0x00, 0x00, 0x00, 0x3f, 0xae, 0x47, 0xc1, 0x3f, 0x02, 0x00, 0x40,
    0x1c, 0x46, 0x9a, 0x99, 0xa9, 0xc0, 0x33, 0x33, 0x33, 0x3f, 0x00, 0x00,
    0x64, 0x07, 0x46, 0x66, 0x66, 0x06, 0x40, 0x5c, 0x8f, 0x32, 0x40, 0x00,
    0x00, 0x00, 0xb0, 0x44, 0x00, 0x00, 0x00, 0xbf, 0x33, 0x33, 0x13, 0x40,
    0x00, 0x00, 0x00, 0x58, 0x42, 0x66, 0x66, 0x66, 0x3f, 0x71, 0x3d, 0xaa,
    0x40, 0x00, 0x00, 0x00, 0xf8, 0x41, 0xcd, 0xcc, 0xcc, 0xbe, 0xa4, 0x70,
    0x0d, 0x40, 0xcd, 0xcc, 0x6c, 0xc0, 0x01, 0x00, 0x00, 0xd2, 0x42, 0xcd,
    0xcc, 0x2c, 0x40, 0x33, 0x33, 0x33, 0x3f, 0x00, 0x00, 0x00, 0x41, 0x43,
    0x00, 0x00, 0x80, 0xbf, 0x14, 0xae, 0xc7, 0x3f, 0x00, 0x00, 0xd0, 0xc6,
    0x45, 0x66, 0x66, 0x66, 0x40, 0x00, 0x00, 0xa0, 0x40, 0x00, 0x00, 0xc8,
    0x0d, 0x46, 0x00, 0x00, 0x20, 0x40, 0x5c, 0x8f, 0x12, 0x40, 0x00, 0x00,
    0x20, 0x26, 0x45, 0x66, 0x66, 0xe6, 0xbf, 0xa4, 0x70, 0x0d, 0x40, 0x02,
    0x00, 0x40, 0x1c, 0x46, 0x66, 0x66, 0x26, 0xc0, 0x33, 0x33, 0x33, 0x3f,
    0x00, 0x00, 0x40, 0x4d, 0x44, 0x9a, 0x99, 0x99, 0x3f, 0x71, 0x3d, 0xca,
    0x3f, 0x00, 0x00, 0x80, 0xa8, 0x44, 0x66, 0x66, 0x66, 0xbf, 0xcd, 0xcc,
    0x0c, 0x40, 0x00, 0x00, 0x00, 0x82, 0x42, 0xcd, 0xcc, 0xcc, 0x3e, 0x85,
    0xeb, 0xf1, 0x3f, 0x00, 0x00, 0x00, 0x08, 0x42, 0x9a, 0x99, 0x99, 0xbe,
    0xec, 0x51, 0xd8, 0x3f, 0x33, 0x33, 0x53, 0xc0, 0x01, 0x00, 0x00, 0xd2,
    0x42, 0x33, 0x33, 0x53, 0x40, 0x33, 0x33, 0x33, 0x3f, 0x00, 0x00, 0x80,
    0xdf, 0x44, 0x00, 0x00, 0x40, 0xc0, 0xc3, 0xf5, 0x28, 0x3f, 0x00, 0x00,
    0x00, 0x4d, 0x44, 0xcd, 0xcc, 0x0c, 0x40, 0x9a, 0x99, 0x99, 0x3f, 0x00,
    0x00, 0x00, 0x37, 0x43, 0x33, 0x33, 0xb3, 0xbf, 0x48, 0xe1, 0x7a, 0x3f,
    0x00, 0x00, 0xc8, 0x89, 0x45, 0x9a, 0x99, 0x19, 0x40, 0xd7, 0xa3, 0xf0,
    0x3e, 0x02, 0x00, 0x40, 0x1c, 0x46, 0x00, 0x00, 0x90, 0xc0, 0x33, 0x33,
    0x33, 0x3f, 0x00, 0x00, 0x08, 0x81, 0x45, 0x66, 0x66, 0x66, 0x3f, 0x85,
    0xeb, 0x51, 0x40, 0x00, 0x00, 0x10, 0x2e, 0x45, 0xcd, 0xcc, 0x4c, 0xbf,
    0x52, 0xb8, 0x7e, 0x40, 0x00, 0x00, 0x60, 0xf2, 0x44, 0x00, 0x00, 0x00,
    0x3f, 0xec, 0x51, 0x68, 0x40, 0x00, 0x00, 0xc0, 0xa9, 0x44, 0xcd, 0xcc,
    0xcc, 0xbe, 0xf6, 0x28, 0x84, 0x40, 0xcd, 0xcc, 0x0c, 0xc0, 0x01, 0x00,
    0x00, 0xd2, 0x42, 0xcd, 0xcc, 0x4c, 0x3f, 0x33, 0x33, 0x33, 0x3f, 0x00,
    0x00, 0x60, 0x08, 0x46, 0x33, 0x33, 0x13, 0x40, 0x9a, 0x99, 0x19, 0x40,
    0x00, 0x00, 0x00, 0x25, 0x44, 0x9a, 0x99, 0x99, 0x3f, 0x8f, 0xc2, 0xf5,
    0x3f, 0x00, 0x00, 0x00, 0x25, 0x43, 0x9a, 0x99, 0x99, 0xbf, 0x71, 0x3d,
    0x8a, 0x3f, 0x00, 0x00, 0x00, 0x8a, 0x42, 0x9a, 0x99, 0xd9, 0x3f, 0xae,
    0x47, 0xa1, 0x3f, 0x02, 0x00, 0x40, 0x1c, 0x46, 0x00, 0x00, 0x20, 0xc0,
    0x33, 0x33, 0x33, 0x3f, 0x00, 0x00, 0xc0, 0xb7, 0x44, 0xcd, 0xcc, 0x8c,
    0xbf, 0x3d, 0x0a, 0xd7, 0x3f, 0x00, 0x00, 0x80, 0x6b, 0x44, 0x33, 0x33,
    0x33, 0x3f, 0x85, 0xeb, 0x31, 0x40, 0x00, 0x00, 0xc8, 0x81, 0x45, 0x9a,
    0x99, 0x19, 0x3f, 0x7b, 0x14, 0x6e, 0x40, 0x00, 0x00, 0x40, 0x2d, 0x45,
    0x00, 0x00, 0x00, 0xbf, 0xa4, 0x70, 0x5d, 0x40, 0x9a, 0x99, 0xa9, 0xc0,
    0x01, 0x00, 0x00, 0xd2, 0x42, 0x66, 0x66, 0xa6, 0xbf, 0x33, 0x33, 0x33,
    0x3f, 0x00, 0x00, 0x00, 0x10, 0x43, 0x00, 0x00, 0x20, 0xc0, 0xc3, 0xf5,
    0x68, 0x3f, 0x00, 0x00, 0x68, 0xb5, 0x45, 0xcd, 0xcc, 0xac, 0x40, 0xf6,
    0x28, 0x0c, 0x40, 0x00, 0x00, 0xc0, 0x12, 0x45, 0x66, 0x66, 0x06, 0x40,
    0x52, 0xb8, 0x1e, 0x40, 0x00, 0x00, 0x70, 0x5a, 0x45, 0x00, 0x00, 0x00,
    0xc0, 0x48, 0xe1, 0x6a, 0x40, 0x02, 0x00, 0x40, 0x1c, 0x46, 0x00, 0x00,
    0x80, 0xbf, 0x33, 0x33, 0x33, 0x3f, 0x00, 0x00, 0x00, 0x2a, 0x44, 0x66,
    0x66, 0x66, 0x3f, 0x0a, 0xd7, 0xe3, 0x3f, 0x00, 0x00, 0x60, 0x9b, 0x44,
    0x33, 0x33, 0xb3, 0xbf, 0x1f, 0x85, 0x3b, 0x40, 0x00, 0x00, 0x20, 0xe2,
    0x44, 0xcd, 0xcc, 0xcc, 0x3e, 0xec, 0x51, 0x38, 0x40, 0x00, 0x00, 0x00,
    0x24, 0x42, 0x9a, 0x99, 0x99, 0xbe, 0x3d, 0x0a, 0xf7, 0x3f, 0x66, 0x66,
    0x26, 0xc0, 0x01, 0x00, 0x00, 0xd2, 0x42, 0x00, 0x00, 0x20, 0x40, 0x33,
    0x33, 0x33, 0x3f, 0x00, 0x00, 0x00, 0x2a, 0x43, 0x66, 0x66, 0x46, 0xc0,
    0x66, 0x66, 0x26, 0x3f, 0x00, 0x00, 0x40, 0x1c, 0x46, 0x9a, 0x99, 0x39,
    0x40, 0x8f, 0xc2, 0x75, 0x3e, 0x00, 0x00, 0xc0, 0x3f, 0x44, 0x00, 0x00,
    0x20, 0x40, 0xae, 0x47, 0xa1, 0x3f, 0x00, 0x00, 0x70, 0x32, 0x45, 0xcd,
    0xcc, 0xbc, 0xc0, 0x0a, 0xd7, 0x53, 0x40, 0x02, 0x00, 0x40, 0x1c, 0x46,
    0x33, 0x33, 0xf3, 0xbf, 0x33, 0x33, 0x33, 0x3f, 0x00, 0x00, 0xe0, 0x8f,
    0x45, 0x66, 0x66, 0x66, 0x3f, 0xae, 0x47, 0x51, 0x40, 0x00, 0x00, 0xf0,
    0xc4, 0x45, 0xcd, 0xcc, 0x8c, 0xbf, 0x1f, 0x85, 0x93, 0x40, 0x00, 0x00,
    0x80, 0xba, 0x44, 0xcd, 0xcc, 0x4c, 0xbe, 0xd7, 0xa3, 0x30, 0x40, 0x00,
    0x00, 0x00, 0x70, 0x42, 0xcd, 0xcc, 0xcc, 0x3d, 0x7b, 0x14, 0xee, 0x3f,
    0x9a, 0x99, 0x99, 0xbf, 0x01, 0x00, 0x00, 0xd2, 0x42, 0xcd, 0xcc, 0x4c,
    0x3e, 0x33, 0x33, 0x33, 0x3f, 0x00, 0x00, 0x40, 0xfc, 0x44, 0x9a, 0x99,
    0xd9, 0xbf, 0xae, 0x47, 0x81, 0x3f, 0x00, 0x00, 0x90, 0x7f, 0x45, 0xcd,
    0xcc, 0xcc, 0x3f, 0x0a, 0xd7, 0x13, 0x40, 0x00, 0x00, 0x00, 0x60, 0x44,
    0xcd, 0xcc, 0xcc, 0x3f, 0x48, 0xe1, 0x3a, 0x3f, 0x00, 0x00, 0x80, 0x9c,
    0x44, 0xcd, 0xcc, 0x8c, 0xbf, 0xec, 0x51, 0xd8, 0x3f, 0x02, 0x00, 0x40,
    0x1c, 0x46, 0x9a, 0x99, 0x19, 0xc0, 0x33, 0x33, 0x33, 0x3f, 0x00, 0x00,
    0x00, 0x42, 0x43, 0x66, 0x66, 0x66, 0x3f, 0x8f, 0xc2, 0x05, 0x40, 0x00,
    0x00, 0x00, 0xde, 0x42, 0x9a, 0x99, 0x19, 0xbf, 0x52, 0xb8, 0xfe, 0x3f,
    0x00, 0x00, 0x00, 0xc9, 0x43, 0xcd, 0xcc, 0xcc, 0xbe, 0x52, 0xb8, 0xfe,
    0x3f, 0x00, 0x00, 0x00, 0x2c, 0x43, 0xcd, 0xcc, 0x4c, 0x3e, 0xe1, 0x7a,
    0xd4, 0x3f, 0x33, 0x33, 0x93, 0xc0, 0x01, 0x00, 0x00, 0xd2, 0x42, 0x9a,
    0x99, 0x19, 0x3f, 0x33, 0x33, 0x33, 0x3f, 0x00, 0x00, 0xb0, 0xe7, 0x45,
    0x00, 0x00, 0xa0, 0x40, 0x7b, 0x14, 0xae, 0x3f, 0x00, 0x00, 0x00, 0x2d,
    0x43, 0x00, 0x00, 0x20, 0xc0, 0xe1, 0x7a, 0x54, 0x3f, 0x00, 0x00, 0xa0,
    0xbd, 0x44, 0x33, 0x33, 0xf3, 0xbf, 0x1f, 0x85, 0x6b, 0x3f, 0x00, 0x00,
    0x80, 0x46, 0x44, 0x33, 0x33, 0xf3, 0x3f, 0x71, 0x3d, 0x8a, 0x3f, 0x02,
    0x00, 0x40, 0x1c, 0x46, 0x9a, 0x99, 0x19, 0xc0, 0x33, 0x33, 0x33, 0x3f,
    0x00, 0x00, 0x00, 0x78, 0x42, 0xcd, 0xcc, 0x4c, 0x3e, 0x9a, 0x99, 0xd9,
    0x3f, 0x00, 0x00, 0x80, 0xbf, 0x45, 0x66, 0x66, 0x66, 0x3f, 0x3d, 0x0a,
    0xbf, 0x40, 0x00, 0x00, 0xd0, 0x95, 0x45, 0x00, 0x00, 0x00, 0xbf, 0x00,
    0x00, 0xa0, 0x40, 0x00, 0x00, 0x00, 0x04, 0x42, 0xcd, 0xcc, 0x4c, 0xbe,
    0x7b, 0x14, 0xce, 0x3f, 0xcd, 0xcc, 0xcc, 0xbf, 0x01, 0x00, 0x00, 0xd2,
    0x42, 0xcd, 0xcc, 0x2c, 0xc0, 0x33, 0x33, 0x33, 0x3f, 0x00, 0x00, 0xb0,
    0xc7, 0x45, 0x00, 0x00, 0x40, 0x40, 0x66, 0x66, 0x26, 0x3f, 0x00, 0x00,
    0x80, 0xb6, 0x43, 0x33, 0x33, 0xb3, 0x3f, 0x3d, 0x0a, 0x17, 0x3f, 0x00,
    0x00, 0xa0, 0x3d, 0x45, 0x9a, 0x99, 0x19, 0xc0, 0x29, 0x5c, 0x0f, 0x3f,
    0x00, 0x00, 0x00, 0x10, 0x43, 0xcd, 0xcc, 0xcc, 0xbf, 0x33, 0x33, 0x13,
    0x40, 0x02, 0x00, 0x40, 0x1c, 0x46, 0xcd, 0xcc, 0x0c, 0xc0, 0x33, 0x33,
    0x33, 0x3f, 0x00, 0x00, 0x00, 0x04, 0x45, 0x00, 0x00, 0x80, 0x3f, 0x66,
    0x66, 0x56, 0x40, 0x00, 0x00, 0x40, 0xa5, 0x44, 0x00, 0x00, 0x00, 0xbf,
    0x3d, 0x0a, 0x17, 0x40, 0x00, 0x00, 0x70, 0x3c, 0x45, 0xcd, 0xcc, 0x4c,
    0xbf, 0x8f, 0xc2, 0x85, 0x40, 0x00, 0x00, 0x00, 0x84, 0x42, 0x9a, 0x99,
    0x99, 0x3e, 0xae, 0x47, 0x01, 0x40, 0x00, 0x00, 0xc0, 0xbf, 0x01, 0x00,
    0x00, 0xd2, 0x42, 0x9a, 0x99, 0x19, 0xbf, 0x33, 0x33, 0x33, 0x3f, 0x00,
    0x00, 0x00, 0x6c, 0x43, 0x33, 0x33, 0xb3, 0x3f, 0xec, 0x51, 0x38, 0x3e,
    0x00, 0x00, 0x00, 0x25, 0x43, 0x9a, 0x99, 0x19, 0xc0, 0xd7, 0xa3, 0x70,
    0x3f, 0x00, 0x00, 0x60, 0x9a, 0x44, 0x66, 0x66, 0xe6, 0xbf, 0xec, 0x51,
    0x28, 0x40, 0x00, 0x00, 0x00, 0x93, 0x45, 0x00, 0x00, 0xc0, 0x3f, 0x1f,
    0x85, 0x6b, 0x40, 0x02, 0x00, 0x40, 0x1c, 0x46, 0x9a, 0x99, 0x39, 0xc0,
    0x33, 0x33, 0x33, 0x3f, 0x00, 0x00, 0xa0, 0x0f, 0x45, 0xcd, 0xcc, 0x4c,
    0x3f, 0x85, 0xeb, 0x51, 0x40, 0x00, 0x00, 0x00, 0x70, 0x42, 0xcd, 0xcc,
    0x4c, 0x3e, 0x71, 0x3d, 0xea, 0x3f, 0x00, 0x00, 0xb0, 0x42, 0x45, 0x33,
    0x33, 0x33, 0xbf, 0x48, 0xe1, 0x8a, 0x40, 0x00, 0x00, 0x08, 0xd0, 0x45,
    0xcd, 0xcc, 0x8c, 0x3f, 0x00, 0x00, 0xc0, 0x40, 0xcd, 0xcc, 0xcc, 0xc0,
    0x01, 0x00, 0x00, 0xd2, 0x42, 0xcd, 0xcc, 0xcc, 0x40, 0x33, 0x33, 0x33,
    0x3f, 0x00, 0x00, 0xf8, 0x92, 0x45, 0x9a, 0x99, 0x99, 0x40, 0x85, 0xeb,
    0x11, 0x40, 0x00, 0x00, 0x30, 0x12, 0x45, 0x66, 0x66, 0x96, 0xc0, 0x48,
    0xe1, 0xfa, 0x3e, 0x00, 0x00, 0x48, 0x05, 0x46, 0x33, 0x33, 0x93, 0x40,
    0xd7, 0xa3, 0x70, 0x3f, 0x00, 0x00, 0xc0, 0x49, 0x44, 0x00, 0x00, 0x20,
    0x40, 0x8f, 0xc2, 0x95, 0x3f, 0x02, 0x00, 0x40, 0x1c, 0x46, 0xcd, 0xcc,
    0x4c, 0xbf, 0x33, 0x33, 0x33, 0x3f, 0x00, 0x00, 0x00, 0x9c, 0x42, 0x66,
    0x66, 0x66, 0x3f, 0xa4, 0x70, 0x1d, 0x40, 0x00, 0x00, 0x00, 0x30, 0x43,
    0xcd, 0xcc, 0xcc, 0xbe, 0xae, 0x47, 0xc1, 0x3f, 0x00, 0x00, 0xd0, 0x41,
    0x45, 0x9a, 0x99, 0x19, 0x3f, 0x9a, 0x99, 0xa1, 0x40, 0x00, 0x00, 0x90,
    0x15, 0x45, 0x00, 0x00, 0x00, 0xbf, 0x71, 0x3d, 0x82, 0x40, 0x9a, 0x99,
    0xb9, 0xc0, 0x01, 0x00, 0x00, 0xd2, 0x42, 0x66, 0x66, 0x06, 0x40, 0x33,
    0x33, 0x33, 0x3f, 0x00, 0x00, 0x00, 0x2a, 0x43, 0xcd, 0xcc, 0x8c, 0xc0,
    0x5c, 0x8f, 0xc2, 0x3e, 0x00, 0x00, 0x10, 0x5f, 0x45, 0xcd, 0xcc, 0xbc,
    0x40, 0x5c, 0x8f, 0x22, 0x40, 0x00, 0x00, 0xa0, 0xb9, 0x44, 0x66, 0x66,
    0x06, 0xc0, 0xe1, 0x7a, 0xf4, 0x3f, 0x00, 0x00, 0xc0, 0x2d, 0x44, 0xcd,
    0xcc, 0x2c, 0x40, 0x3d, 0x0a, 0x97, 0x3f, 0x02, 0x00, 0x40, 0x1c, 0x46,
    0x00, 0x00, 0xc0, 0x3f, 0x33, 0x33, 0x33, 0x3f, 0x00, 0x00, 0xb8, 0xa9,
    0x45, 0x00, 0x00, 0x60, 0xc0, 0x00, 0x00, 0xc0, 0x40, 0x00, 0x00, 0x18,
    0xd3, 0x45, 0x9a, 0x99, 0x79, 0x40, 0xb8, 0x1e, 0x9d, 0x40, 0x00, 0x00,
    0xb0, 0x2e, 0x45, 0x66, 0x66, 0x66, 0x3f, 0x00, 0x00, 0xc0, 0x40, 0x00,
    0x00, 0xe0, 0xa1, 0x45, 0x33, 0x33, 0x33, 0xbf, 0x66, 0x66, 0xa6, 0x40,
    0x33, 0x33, 0x73, 0xc0, 0x01, 0x00, 0x00, 0xd2, 0x42, 0xcd, 0xcc, 0xac,
    0xc0, 0x33, 0x33, 0x33, 0x3f, 0x00, 0x00, 0xc0, 0x47, 0x44, 0x00, 0x00,
    0x80, 0x40, 0x33, 0x33, 0x33, 0x3f, 0x00, 0x00, 0x60, 0x64, 0x45, 0xcd,
    0xcc, 0x8c, 0xc0, 0x33, 0x33, 0x93, 0x3f, 0x00, 0x00, 0x00, 0x3e, 0x43,
    0x33, 0x33, 0x13, 0xc0, 0xae, 0x47, 0xe1, 0x3f, 0x00, 0x00, 0xa0, 0xa7,
    0x45, 0x00, 0x00, 0x90, 0x40, 0x85, 0xeb, 0x61, 0x40, 0x02, 0x00, 0x40,
    0x1c, 0x46, 0x33, 0x33, 0x33, 0xc0, 0x33, 0x33, 0x33, 0x3f, 0x00, 0x00,
    0x00, 0x8c, 0x42, 0xcd, 0xcc, 0x0c, 0x40, 0xf6, 0x28, 0x0c, 0x40, 0x00,
    0x00, 0x84, 0x15, 0x46, 0x33, 0x33, 0x13, 0x40, 0x66, 0x66, 0x26, 0x40,
    0x00, 0x00, 0x00, 0x04, 0x43, 0xcd, 0xcc, 0x4c, 0xbf, 0x5c, 0x8f, 0x12,
    0x40, 0x00, 0x00, 0x10, 0x1b, 0x45, 0x00, 0x00, 0x00, 0xbf, 0x00, 0x00,
    0x90, 0x40, 0x66, 0x66, 0xc6, 0xc0, 0x01, 0x00, 0x00, 0xd2, 0x42, 0x9a,
    0x99, 0x89, 0x40, 0x33, 0x33, 0x33, 0x3f, 0x00, 0x00, 0x00, 0x97, 0x43,
    0x33, 0x33, 0x83, 0xc0, 0xcd, 0xcc, 0xcc, 0x3e, 0x00, 0x00, 0x80, 0x39,
    0x45, 0x00, 0x00, 0x00, 0x41, 0xc3, 0xf5, 0xa8, 0x3e, 0x00, 0x00, 0xa0,
    0xc7, 0x44, 0x66, 0x66, 0x0e, 0xc1, 0x66, 0x66, 0x66, 0x3f, 0x00, 0x00,
    0x24, 0x18, 0x46, 0xcd, 0xcc, 0x4c, 0x40, 0x66, 0x66, 0xa6, 0x40, 0x02,
    0x00, 0x40, 0x1c, 0x46, 0x9a, 0x99, 0x79, 0x40, 0x33, 0x33, 0x33, 0x3f,
    0x00, 0x00, 0xf8, 0xa7, 0x45, 0x33, 0x33, 0x13, 0xc0, 0x00, 0x00, 0xc0,
    0x40, 0x00, 0x00, 0x60, 0x61, 0x45, 0xcd, 0xcc, 0x8c, 0x3f, 0xa4, 0x70,
    0x0d, 0x40, 0x00, 0x00, 0x50, 0x2d, 0x45, 0xcd, 0xcc, 0x8c, 0xbf, 0x52,
    0xb8, 0x86, 0x40, 0x00, 0x00, 0x18, 0x15, 0x46, 0x9a, 0x99, 0x19, 0xc0,
    0x85, 0xeb, 0xb9, 0x40, 0x33, 0x33, 0xa3, 0xc0, 0x01, 0x00, 0x00, 0xd2,
    0x42, 0xcd, 0xcc, 0x9c, 0x40, 0x33, 0x33, 0x33, 0x3f, 0x00, 0x00, 0x20,
    0x02, 0x45, 0x9a, 0x99, 0x79, 0x40, 0x1f, 0x85, 0x0b, 0x40, 0x00, 0x00,
    0x00, 0xc8, 0x42, 0xcd, 0xcc, 0xbc, 0xc0, 0x1f, 0x85, 0x6b, 0x3e, 0x00,
    0x00, 0x00, 0x52, 0x44, 0x9a, 0x99, 0x99, 0x40, 0x8f, 0xc2, 0x35, 0x3f,
    0x00, 0x00, 0xb0, 0xb2, 0x45, 0xcd, 0xcc, 0xac, 0xc0, 0x3d, 0x0a, 0x67,
    0x40, 0x02, 0x00, 0x40, 0x1c, 0x46, 0x66, 0x66, 0xa6, 0xbf, 0x33, 0x33,
    0x33, 0x3f, 0x00, 0x00, 0xd0, 0x59, 0x45, 0x9a, 0x99, 0xd9, 0xbf, 0xb8,
    0x1e, 0x65, 0x40, 0x00, 0x00, 0x58, 0xe3, 0x45, 0x00, 0x00, 0xc0, 0x3f,
    0x0a, 0xd7, 0xb3, 0x40, 0x00, 0x00, 0xd0, 0x24, 0x45, 0x00, 0x00, 0x80,
    0x3f, 0xc3, 0xf5, 0x90, 0x40, 0x00, 0x00, 0x00, 0x6e, 0x43, 0xcd, 0xcc,
    0xcc, 0xbe, 0x0a, 0xd7, 0x73, 0x40, 0x33, 0x33, 0x33, 0xc0, 0x01, 0x00,
    0x00, 0xd2, 0x42, 0x9a, 0x99, 0x99, 0xbe, 0x33, 0x33, 0x33, 0x3f, 0x00,
    0x00, 0x10, 0x08, 0x45, 0x9a, 0x99, 0x39, 0x40, 0x3d, 0x0a, 0x17, 0x3f,
    0x00, 0x00, 0x98, 0xbb, 0x45, 0xcd, 0xcc, 0xbc, 0xc0, 0x48, 0xe1, 0xfa,
    0x3f, 0x00, 0x00, 0x00, 0x3f, 0x43, 0x00, 0x00, 0x90, 0xc0, 0x8f, 0xc2,
    0xf5, 0x3e, 0x00, 0x00, 0x00, 0x61, 0x43, 0x9a, 0x99, 0xc9, 0x40, 0x52,
    0xb8, 0x9e, 0x3f, 0x02, 0x00, 0x40, 0x1c, 0x46, 0x00, 0x00, 0x20, 0xc0,
    0x33, 0x33, 0x33, 0x3f, 0x00, 0x00, 0x68, 0x89, 0x45, 0x33, 0x33, 0x33,
    0x3f, 0xb8, 0x1e, 0x9d, 0x40, 0x00, 0x00, 0x70, 0x49, 0x45, 0x9a, 0x99,
    0x19, 0xbf, 0x66, 0x66, 0x86, 0x40, 0x00, 0x00, 0x40, 0x54, 0x44, 0xcd,
    0xcc, 0xcc, 0x3d, 0x71, 0x3d, 0x0a, 0x40, 0x00, 0x00, 0x50, 0x16, 0x45,
    0xcd, 0xcc, 0xcc, 0x3e, 0x5c, 0x8f, 0x8a, 0x40, 0x66, 0x66, 0xb6, 0xc0,
    0x01, 0x00, 0x00, 0xd2, 0x42, 0xcd, 0xcc, 0xcc, 0xbf, 0x33, 0x33, 0x33,
    0x3f, 0x00, 0x00, 0x80, 0x8b, 0x43, 0xcd, 0xcc, 0xac, 0xc0, 0x00, 0x00,
    0x40, 0x3f, 0x00, 0x00, 0x10, 0x04, 0x45, 0xcd, 0xcc, 0xbc, 0x40, 0x9a,
    0x99, 0x59, 0x3f, 0x00, 0x00, 0x00, 0xf8, 0x42, 0xcd, 0xcc, 0x2c, 0x40,
    0xec, 0x51, 0x18, 0x40, 0x00, 0x00, 0x00, 0xf6, 0x43, 0xcd, 0xcc, 0x8c,
    0xbf, 0xb8, 0x1e, 0xe5, 0x3f, 0x02, 0x00, 0x40, 0x1c, 0x46, 0x00, 0x00,
    0x20, 0x40, 0x33, 0x33, 0x33, 0x3f, 0x00, 0x00, 0xe8, 0xd5, 0x45, 0x33,
    0x33, 0xb3, 0xbf, 0x48, 0xe1, 0xba, 0x40, 0x00, 0x00, 0x48, 0x83, 0x45,
    0x00, 0x00, 0x80, 0x3f, 0xa4, 0x70, 0x7d, 0x40, 0x00, 0x00, 0x20, 0x48,
    0x45, 0xcd, 0xcc, 0x4c, 0xbf, 0xe1, 0x7a, 0x84, 0x40, 0x00, 0x00, 0x00,
    0x8c, 0x42, 0xcd, 0xcc, 0x4c, 0xbe, 0x29, 0x5c, 0xef, 0x3f, 0x00, 0x00,
    0xf0, 0xc0, 0x01, 0x00, 0x00, 0xd2, 0x42, 0xcd, 0xcc, 0xdc, 0x40, 0x33,
    0x33, 0x33, 0x3f, 0x00, 0x00, 0x00, 0x8a, 0x42, 0xcd, 0xcc, 0xac, 0xc0,
    0x5c, 0x8f, 0x42, 0x3e, 0x00, 0x00, 0x24, 0x0b, 0x46, 0x66, 0x66, 0xc6,
    0x40, 0x5c, 0x8f, 0xe2, 0x3f, 0x00, 0x00, 0x00, 0xfe, 0x42, 0x33, 0x33,
    0x83, 0xc0, 0x1f, 0x85, 0x6b, 0x3e, 0x00, 0x00, 0x00, 0x8d, 0x44, 0x33,
    0x33, 0xa3, 0x40, 0x85, 0xeb, 0xd1, 0x3e, 0x02, 0x00, 0x40, 0x1c, 0x46,
    0x33, 0x33, 0x33, 0x40, 0x33, 0x33, 0x33, 0x3f, 0x00, 0x00, 0x30, 0xa9,
    0x45, 0xcd, 0xcc, 0x6c, 0xc0, 0x7b, 0x14, 0xb6, 0x40, 0x00, 0x00, 0xd0,
    0x70, 0x45, 0x00, 0x00, 0x00, 0x40, 0x1f, 0x85, 0x4b, 0x40, 0x00, 0x00,
    0x00, 0x15, 0x45, 0x66, 0x66, 0x66, 0xbf, 0x52, 0xb8, 0x2e, 0x40, 0x00,
    0x00, 0xb0, 0xc9, 0x45, 0x00, 0x00, 0x80, 0x3f, 0x00, 0x00, 0xc0, 0x40,
    0x9a, 0x99, 0xb9, 0xc0, 0x01, 0x00, 0x00, 0xd2, 0x42, 0x66, 0x66, 0x66,
    0xc0, 0x33, 0x33, 0x33, 0x3f, 0x00, 0x00, 0x00, 0x33, 0x43, 0xcd, 0xcc,
    0x6c, 0xc0, 0xcd, 0xcc, 0x4c, 0x3f, 0x00, 0x00, 0xa0, 0x7a, 0x45, 0x00,
    0x00, 0xb0, 0x40, 0x29, 0x5c, 0x2f, 0x40, 0x00, 0x00, 0x00, 0x44, 0x44,
    0x00, 0x00, 0x40, 0x40, 0xb8, 0x1e, 0xc5, 0x3f, 0x00, 0x00, 0x00, 0x15,
    0x46, 0x33, 0x33, 0x53, 0x40, 0x1f, 0x85, 0x5b, 0x40, 0x02, 0x00, 0x40,
    0x1c, 0x46, 0x9a, 0x99, 0xd9, 0xbf, 0x33, 0x33, 0x33, 0x3f, 0x00, 0x00,
    0x58, 0xc1, 0x45, 0x00, 0x00, 0xb0, 0xc0, 0x00, 0x00, 0xc0, 0x40, 0x00,
    0x00, 0xf0, 0x9b, 0x45, 0x00, 0x00, 0x00, 0x40, 0x66, 0x66, 0xa6, 0x40,
    0x00, 0x00, 0x00, 0x80, 0x42, 0x9a, 0x99, 0x19, 0x3f, 0x48, 0xe1, 0x0a,
    0x40, 0x00, 0x00, 0x00, 0xec, 0x45, 0x66, 0x66, 0xe6, 0x3f, 0x00, 0x00,
    0x80, 0x40, 0x66, 0x66, 0xe6, 0xc0, 0x01, 0x00, 0x00, 0xd2, 0x42, 0x66,
    0x66, 0xb6, 0xc0, 0x33, 0x33, 0x33, 0x3f, 0x00, 0x00, 0x24, 0x09, 0x46,
    0x66, 0x66, 0xc6, 0x40, 0x71, 0x3d, 0xaa, 0x3f, 0x00, 0x00, 0x00, 0x33,
    0x43, 0x33, 0x33, 0x93, 0xc0, 0x7b, 0x14, 0x6e, 0x3f, 0x00, 0x00, 0x00,
    0x55, 0x44, 0x9a, 0x99, 0x39, 0x40, 0x5c, 0x8f, 0x42, 0x3f, 0x00, 0x00,
    0xe0, 0x07, 0x45, 0x33, 0x33, 0x33, 0xc0, 0xe1, 0x7a, 0x14, 0x40, 0x02,
    0x00, 0x40, 0x1c, 0x46, 0x33, 0x33, 0x33, 0x40, 0x33, 0x33, 0x33, 0x3f,
    0x00, 0x00, 0xa0, 0x6d, 0x45, 0x66, 0x66, 0x26, 0x40, 0x0a, 0xd7, 0x63,
    0x40, 0x00, 0x00, 0xb0, 0xa8, 0x45, 0x00, 0x00, 0x90, 0xc0, 0xcd, 0xcc,
    0x9c, 0x40, 0x00, 0x00, 0x00, 0x78, 0x42, 0x33, 0x33, 0x33, 0x3f, 0x33,
    0x33, 0x13, 0x40, 0x00, 0x00, 0xb0, 0xca, 0x45, 0x66, 0x66, 0x06, 0x40,
    0x00, 0x00, 0xc0, 0x40, 0xcd, 0xcc, 0x2c, 0xc0, 0x01, 0x00, 0x00, 0xd2,
    0x42, 0x66, 0x66, 0x26, 0xc0, 0x33, 0x33, 0x33, 0x3f, 0x00, 0x00, 0x80,
    0x2c, 0x44, 0xcd, 0xcc, 0x2c, 0x40, 0x0a, 0xd7, 0x83, 0x3f, 0x00, 0x00,
    0x00, 0x3f, 0x43, 0xcd, 0xcc, 0x0c, 0xc0, 0x00, 0x00, 0x80, 0x3f, 0x00,
    0x00, 0xc0, 0x57, 0x45, 0x66, 0x66, 0x46, 0x40, 0xae, 0x47, 0x41, 0x40,
    0x00, 0x00, 0xd0, 0x09, 0x45, 0x66, 0x66, 0x26, 0xc0, 0x8f, 0xc2, 0x15,
    0x40, 0x02, 0x00, 0x40, 0x1c, 0x46, 0xcd, 0xcc, 0x2c, 0x40, 0x33, 0x33,
    0x33, 0x3f, 0x00, 0x00, 0x10, 0xa3, 0x45, 0x66, 0x66, 0x46, 0xc0, 0x14,
    0xae, 0xb7, 0x40, 0x00, 0x00, 0x00, 0x8a, 0x42, 0xcd, 0xcc, 0x4c, 0x3f,
    0xf6, 0x28, 0xdc, 0x3f, 0x00, 0x00, 0x00, 0xf2, 0x42, 0x9a, 0x99, 0x19,
    0xbf, 0x1f, 0x85, 0x1b, 0x40, 0x00, 0x00, 0x58, 0xc3, 0x45, 0x33, 0x33,
    0xb3, 0x3f, 0x00, 0x00, 0xc0, 0x40, 0x9a, 0x99, 0xc9, 0xc0, 0x01, 0x00,
    0x00, 0xd2, 0x42, 0x66, 0x66, 0xd6, 0x40, 0x33, 0x33, 0x33, 0x3f, 0x00,
    0x00, 0x64, 0x11, 0x46, 0xcd, 0xcc, 0xcc, 0x40, 0x85, 0xeb, 0x41, 0x40,
    0x00, 0x00, 0x00, 0x44, 0x44, 0x00, 0x00, 0x40, 0x40, 0xc3, 0xf5, 0x28,
    0x3f, 0x00, 0x00, 0x00, 0xf4, 0x42, 0x33, 0x33, 0x33, 0xc0, 0x7b, 0x14,
    0xae, 0x3e, 0x00, 0x00, 0x10, 0x31, 0x45, 0x33, 0x33, 0xb3, 0xc0, 0x66,
    0x66, 0x36, 0x40, 0x02, 0x00, 0x40, 0x1c, 0x46, 0x33, 0x33, 0xc3, 0x40,
    0x33, 0x33, 0x33, 0x3f, 0x00, 0x00, 0x78, 0xa2, 0x45, 0x9a, 0x99, 0x89,
    0xc0, 0x1f, 0x85, 0xab, 0x40, 0x00, 0x00, 0x8c, 0x10, 0x46, 0x33, 0x33,
    0x53, 0xc0, 0xec, 0x51, 0xb0, 0x40, 0x00, 0x00, 0xf8, 0x80, 0x45, 0x9a,
    0x99, 0x99, 0x3f, 0xd7, 0xa3, 0x88, 0x40, 0x00, 0x00, 0x78, 0xc0, 0x45,
    0xcd, 0xcc, 0x4c, 0x3f, 0x00, 0x00, 0xc0, 0x40, 0xcd, 0xcc, 0x4c, 0xc0,
    0x01, 0x00, 0x00, 0xd2, 0x42, 0xcd, 0xcc, 0x2c, 0xc0, 0x33, 0x33, 0x33,
    0x3f, 0x00, 0x00, 0x00, 0x42, 0x43, 0xcd, 0xcc, 0x0c, 0xc0, 0x5c, 0x8f,
    0xa2, 0x3f, 0x00, 0x00, 0x20, 0x1e, 0x45, 0x00, 0x00, 0x20, 0x40, 0x33,
    0x33, 0x23, 0x40, 0x00, 0x00, 0x80, 0x31, 0x44, 0x33, 0x33, 0xb3, 0x3f,
    0xcd, 0xcc, 0xec, 0x3f, 0x00, 0x00, 0x40, 0x1c, 0x46, 0x33, 0x33, 0x13,
    0x40, 0x85, 0xeb, 0x51, 0x3f, 0x02, 0x00, 0x40, 0x1c, 0x46, 0xcd, 0xcc,
    0x4c, 0xc0, 0x33, 0x33, 0x33, 0x3f, 0x00, 0x00, 0x00, 0x84, 0x42, 0xcd,
    0xcc, 0x8c, 0x3f, 0xf6, 0x28, 0x2c, 0x40, 0x00, 0x00, 0xa8, 0x1b, 0x46,
    0xcd, 0xcc, 0xcc, 0x3f, 0xc3, 0xf5, 0x38, 0x40, 0x00, 0x00, 0x38, 0xb7,
    0x45, 0x00, 0x00, 0x20, 0x40, 0x3d, 0x0a, 0xa7, 0x40, 0x00, 0x00, 0xe8,
    0x88, 0x45, 0x66, 0x66, 0xe6, 0xbf, 0x66, 0x66, 0x86, 0x40, 0x9a, 0x99,
    0xc9, 0xc0, 0x01, 0x00, 0x00, 0xd2, 0x42, 0x9a, 0x99, 0x79, 0xc0, 0x33,
    0x33, 0x33, 0x3f, 0x00, 0x00, 0x00, 0x3e, 0x43, 0x33, 0x33, 0xc3, 0xc0,
    0x52, 0xb8, 0x1e, 0x3f, 0x00, 0x00, 0xc8, 0xe0, 0x45, 0xcd, 0xcc, 0xdc,
    0x40, 0xec, 0x51, 0x38, 0x3f, 0x00, 0x00, 0x40, 0x5f, 0x44, 0x66, 0x66,
    0x46, 0x40, 0xec, 0x51, 0x78, 0x3f, 0x00, 0x00, 0x88, 0x8b, 0x45, 0x9a,
    0x99, 0x99, 0xc0, 0xcd, 0xcc, 0x4c, 0x40, 0x02, 0x00, 0x40, 0x1c, 0x46,
    0x33, 0x33, 0x73, 0x40, 0x33, 0x33, 0x33, 0x3f, 0x00, 0x00, 0x78, 0xfe,
    0x45, 0xcd, 0xcc, 0xcc, 0xbf, 0x14, 0xae, 0x37, 0x40, 0x00, 0x00, 0x00,
    0x86, 0x42, 0x00, 0x00, 0x00, 0x3f, 0xd7, 0xa3, 0xf0, 0x3f, 0x00, 0x00,
    0x00, 0xf6, 0x42, 0x9a, 0x99, 0x19, 0xbf, 0x52, 0xb8, 0x0e, 0x40, 0x00,
    0x00, 0x00, 0x40, 0x43, 0xcd, 0xcc, 0x4c, 0x3f, 0xcd, 0xcc, 0xac, 0x40,
    0xcd, 0xcc, 0x6c, 0xc0, 0x01, 0x00, 0x00, 0xd2, 0x42, 0xcd, 0xcc, 0xcc,
    0x3d, 0x33, 0x33, 0x33, 0x3f, 0x00, 0x00, 0x00, 0x26, 0x43, 0xcd, 0xcc,
    0x0c, 0xc0, 0x48, 0xe1, 0x7a, 0x3f, 0x00, 0x00, 0xc0, 0x30, 0x44, 0x9a,
    0x99, 0x19, 0x40, 0x71, 0x3d, 0x4a, 0x3f, 0x00, 0x00, 0x70, 0x00, 0x45,
    0x66, 0x66, 0x86, 0xc0, 0x33, 0x33, 0x93, 0x3f, 0x00, 0x00, 0x20, 0x59,
    0x45, 0x33, 0x33, 0xa3, 0x40, 0x48, 0xe1, 0xda, 0x3f, 0x02, 0x00, 0x40,
    0x1c, 0x46, 0x33, 0x33, 0xb3, 0xc0, 0x33, 0x33, 0x33, 0x3f, 0x00, 0x00,
    0xa0, 0x0f, 0x46, 0x00, 0x00, 0x00, 0x40, 0xec, 0x51, 0x38, 0x40, 0x00,
    0x00, 0x00, 0x82, 0x42, 0xcd, 0xcc, 0x4c, 0x3e, 0x85, 0xeb, 0xf1, 0x3f,
    0x00, 0x00, 0xf8, 0xc2, 0x45, 0x00, 0x00, 0xc0, 0x3f, 0x3d, 0x0a, 0xbf,
    0x40, 0x00, 0x00, 0xb8, 0xb9, 0x45, 0x00, 0x00, 0x00, 0xbf, 0x00, 0x00,
    0xc0, 0x40, 0x33, 0x33, 0xb3, 0xc0, 0x01, 0x00, 0x00, 0xd2, 0x42, 0x00,
    0x00, 0x90, 0x40, 0x33, 0x33, 0x33, 0x3f, 0x00, 0x00, 0x80, 0x28, 0x44,
    0x9a, 0x99, 0xb9, 0x40, 0xae, 0x47, 0x61, 0x3f, 0x00, 0x00, 0x48, 0xbb,
    0x45, 0x33, 0x33, 0x13, 0xc1, 0x52, 0xb8, 0x3e, 0x40, 0x00, 0x00, 0x00,
    0x5c, 0x43, 0x66, 0x66, 0xe6, 0xbf, 0xb8, 0x1e, 0x05, 0x40, 0x00, 0x00,
    0x00, 0xda, 0x42, 0x9a, 0x99, 0x59, 0xc0, 0xc3, 0xf5, 0x28, 0x3f, 0x02,
    0x00, 0x40, 0x1c, 0x46, 0x9a, 0x99, 0x79, 0xc0, 0x33, 0x33, 0x33, 0x3f,
    0x00, 0x00, 0x80, 0x85, 0x45, 0x66, 0x66, 0xe6, 0x3f, 0x66, 0x66, 0x76,
    0x40, 0x00, 0x00, 0x60, 0x3d, 0x45, 0x66, 0x66, 0xe6, 0xbf, 0x66, 0x66,
    0x86, 0x40, 0x00, 0x00, 0x80, 0x81, 0x44, 0x00, 0x00, 0x00, 0x3f, 0xae,
    0x47, 0x41, 0x40, 0x00, 0x00, 0xe0, 0xcd, 0x44, 0x33, 0x33, 0x33, 0xbf,
    0x5c, 0x8f, 0x72, 0x40, 0x9a, 0x99, 0x59, 0xc0, 0x01, 0x00, 0x00, 0xd2,
    0x42, 0x33, 0x33, 0x33, 0x40, 0x33, 0x33, 0x33, 0x3f, 0x00, 0x00, 0x00,
    0xe8, 0x42, 0x66, 0x66, 0x86, 0xc0, 0xcd, 0xcc, 0x4c, 0x3e, 0x00, 0x00,
    0x00, 0x3e, 0x44, 0xcd, 0xcc, 0x9c, 0x40, 0xcd, 0xcc, 0x0c, 0x3f, 0x00,
    0x00, 0x00, 0x1d, 0x43, 0xcd, 0xcc, 0x8c, 0xbf, 0x00, 0x00, 0x80, 0x3f,
    0x00, 0x00, 0x50, 0x32, 0x45, 0x33, 0x33, 0xf3, 0xbf, 0x8f, 0xc2, 0x65,
    0x40, 0x02, 0x00, 0x40, 0x1c, 0x46, 0x9a, 0x99, 0xf9, 0xc0, 0x33, 0x33,
    0x33, 0x3f, 0x00, 0x00, 0xe0, 0xce, 0x45, 0x00, 0x00, 0x40, 0x40, 0x0a,
    0xd7, 0x9b, 0x40, 0x00, 0x00, 0x98, 0x8c, 0x45, 0x33, 0x33, 0xf3, 0x3f,
    0x29, 0x5c, 0x97, 0x40, 0x00, 0x00, 0x70, 0x64, 0x45, 0x00, 0x00, 0x00,
    0xbf, 0x9a, 0x99, 0x19, 0x40, 0x00, 0x00, 0xc4, 0x08, 0x46, 0x9a, 0x99,
    0xd9, 0x3f, 0xae, 0x47, 0x91, 0x40, 0x66, 0x66, 0xd6, 0xc0, 0x01, 0x00,
    0x00, 0xd2, 0x42, 0x33, 0x33, 0xf3, 0x40, 0x33, 0x33, 0x33, 0x3f, 0x00,
    0x00, 0x00, 0x94, 0x42, 0x33, 0x33, 0xb3, 0xc0, 0x1f, 0x85, 0x2b, 0x3f,
    0x00, 0x00, 0x80, 0xbd, 0x44, 0x33, 0x33, 0xb3, 0xc0, 0xa4, 0x70, 0xdd,
    0x3f, 0x00, 0x00, 0x90, 0x35, 0x45, 0x9a, 0x99, 0xa9, 0x40, 0xc3, 0xf5,
    0x08, 0x40, 0x00, 0x00, 0x68, 0xe0, 0x45, 0x9a, 0x99, 0x59, 0x40, 0xec,
    0x51, 0xd8, 0x3f, 0x02, 0x00, 0x40, 0x1c, 0x46, 0x33, 0x33, 0x83, 0xc0,
    0x33, 0x33, 0x33, 0x3f, 0x00, 0x00, 0x7c, 0x15, 0x46, 0x66, 0x66, 0x06,
    0x40, 0xc3, 0xf5, 0xe8, 0x3f, 0x00, 0x00, 0x80, 0x34, 0x44, 0x00, 0x00,
    0x20, 0x40, 0x14, 0xae, 0x57, 0x40, 0x00, 0x00, 0x40, 0x83, 0x44, 0x33,
    0x33, 0xb3, 0xbf, 0x8f, 0xc2, 0x65, 0x40, 0x00, 0x00, 0x08, 0x94, 0x45,
    0xcd, 0xcc, 0xcc, 0xbf, 0x00, 0x00, 0xc0, 0x40, 0x33, 0x33, 0xb3, 0xc0,
    0x01, 0x00, 0x00, 0xd2, 0x42, 0xcd, 0xcc, 0x0c, 0x40, 0x33, 0x33, 0x33,
    0x3f, 0x00, 0x00, 0x00, 0x2d, 0x43, 0x00, 0x00, 0x80, 0xbf, 0xec, 0x51,
    0x38, 0x3e, 0x00, 0x00, 0x48, 0x81, 0x45, 0xcd, 0xcc, 0x0c, 0x40, 0x5c,
    0x8f, 0x42, 0x40, 0x00, 0x00, 0x00, 0x30, 0x45, 0x66, 0x66, 0xe6, 0xbf,
    0x3d, 0x0a, 0x17, 0x40, 0x00, 0x00, 0x40, 0x39, 0x44, 0x00, 0x00, 0xc0,
    0x3f, 0xc3, 0xf5, 0xe8, 0x3f, 0x02, 0x00, 0x40, 0x1c, 0x46, 0x33, 0x33,
    0xb3, 0x40, 0x33, 0x33, 0x33, 0x3f, 0x00, 0x00, 0xc0, 0x17, 0x46, 0x00,
    0x00, 0x20, 0xc0, 0x7b, 0x14, 0xae, 0x40, 0x00, 0x00, 0x00, 0x30, 0x42,
    0x00, 0x00, 0x00, 0xbf, 0xae, 0x47, 0x01, 0x40, 0x00, 0x00, 0x60, 0xca,
    0x45, 0x00, 0x00, 0x20, 0xc0, 0xf6, 0x28, 0xbc, 0x40, 0x00, 0x00, 0xd0,
    0xf0, 0x45, 0x9a, 0x99, 0x99, 0x3f, 0x7b, 0x14, 0xb6, 0x40, 0x9a, 0x99,
    0x39, 0xc0, 0x01, 0x00, 0x00, 0xd2, 0x42, 0xcd, 0xcc, 0xcc, 0x3e, 0x33,
    0x33, 0x33, 0x3f, 0x00, 0x00, 0xc0, 0xaa, 0x44, 0x33, 0x33, 0x33, 0x40,
    0xec, 0x51, 0x78, 0x3f, 0x00, 0x00, 0x00, 0x2b, 0x43, 0x9a, 0x99, 0x39,
    0xc0, 0x66, 0x66, 0x26, 0x3f, 0x00, 0x00, 0xc0, 0x43, 0x44, 0xcd, 0xcc,
    0x8c, 0x3f, 0x9a, 0x99, 0x09, 0x40, 0x00, 0x00, 0x20, 0x50, 0x45, 0xcd,
    0xcc, 0x4c, 0x3f, 0xb8, 0x1e, 0x65, 0x40, 0x02, 0x00, 0x40, 0x1c, 0x46,
    0x00, 0x00, 0xb0, 0xc0, 0x33, 0x33, 0x33, 0x3f, 0x00, 0x00, 0x40, 0x1c,
    0x46, 0xcd, 0xcc, 0xcc, 0xbd, 0x52, 0xb8, 0x96, 0x40, 0x00, 0x00, 0x90,
    0xfc, 0x45, 0x9a, 0x99, 0x19, 0xbf, 0x71, 0x3d, 0x5a, 0x40, 0x00, 0x00,
    0xc0, 0x9d, 0x45, 0x00, 0x00, 0x00, 0xbf, 0x0a, 0xd7, 0xa3, 0x40, 0x00,
    0x00, 0x00, 0x18, 0x42, 0xcd, 0xcc, 0xcc, 0xbd, 0xe1, 0x7a, 0x04, 0x40,
    0x33, 0x33, 0x93, 0xc0, 0x01, 0x00, 0x00, 0xd2, 0x42, 0x9a, 0x99, 0xd9,
    0x3f, 0x33, 0x33, 0x33, 0x3f, 0x00, 0x00, 0x18, 0x94, 0x45, 0x9a, 0x99,
    0x99, 0x40, 0x5c, 0x8f, 0xa2, 0x3f, 0x00, 0x00, 0x00, 0xb0, 0x42, 0x33,
    0x33, 0xf3, 0xbf, 0xb8, 0x1e, 0x85, 0x3e, 0x00, 0x00, 0xb8, 0xd8, 0x45,
    0x33, 0x33, 0x73, 0xc0, 0x8f, 0xc2, 0x85, 0x40, 0x00, 0x00, 0xc0, 0x4e,
    0x44, 0x66, 0x66, 0x66, 0x3f, 0xe1, 0x7a, 0x24, 0x40, 0x02, 0x00, 0x40,
    0x1c, 0x46, 0x66, 0x66, 0x46, 0x40, 0x33, 0x33, 0x33, 0x3f, 0x00, 0x00,
    0x80, 0xb9, 0x44, 0x00, 0x00, 0x80, 0xbf, 0xc3, 0xf5, 0x28, 0x40, 0x00,
    0x00, 0xd0, 0xf7, 0x45, 0x66, 0x66, 0xa6, 0xbf, 0x71, 0x3d, 0xba, 0x40,
    0x00, 0x00, 0x40, 0x80, 0x44, 0x00, 0x00, 0x00, 0x3f, 0xc3, 0xf5, 0x80,
    0x40, 0x00, 0x00, 0x00, 0x24, 0x42, 0xcd, 0xcc, 0x4c, 0xbe, 0xec, 0x51,
    0xf8, 0x3f, 0x33, 0x33, 0x13, 0xc0, 0x01, 0x00, 0x00, 0xd2, 0x42, 0x33,
    0x33, 0x13, 0xc0, 0x33, 0x33, 0x33, 0x3f, 0x00, 0x00, 0x30, 0xeb, 0x45,
    0xcd, 0xcc, 0x0c, 0x40, 0x85, 0xeb, 0x31, 0x40, 0x00, 0x00, 0x00, 0x85,
    0x43, 0xcd, 0xcc, 0x4c, 0xbf, 0xcd, 0xcc, 0xac, 0x3f, 0x00, 0x00, 0x20,
    0x56, 0x45, 0x33, 0x33, 0x13, 0xc0, 0xcd, 0xcc, 0x6c, 0x40, 0x00, 0x00,
    0x00, 0x80, 0x42, 0xcd, 0xcc, 0x0c, 0x40, 0x3d, 0x0a, 0x97, 0x3f, 0x02,
    0x00, 0x40, 0x1c, 0x46, 0x33, 0x33, 0x73, 0xc0, 0x33, 0x33, 0x33, 0x3f,
    0x00, 0x00, 0xc4, 0x09, 0x46, 0xcd, 0xcc, 0xcc, 0x3f, 0x85, 0xeb, 0x11,
    0x40, 0x00, 0x00, 0xb0, 0x0e, 0x45, 0x9a, 0x99, 0x99, 0x3f, 0x00, 0x00,
    0x70, 0x40, 0x00, 0x00, 0xd8, 0x9a, 0x45, 0x9a, 0x99, 0x99, 0xbf, 0x1f,
    0x85, 0xa3, 0x40, 0x00, 0x00, 0x40, 0x74, 0x44, 0x00, 0x00, 0x80, 0x3f,
    0x8f, 0xc2, 0xa5, 0x40, 0x66, 0x66, 0xc6, 0xc0, 0x01, 0x00, 0x00, 0xd2,
    0x42, 0x66, 0x66, 0x06, 0x40, 0x33, 0x33, 0x33, 0x3f, 0x00, 0x00, 0x30,
    0x7d, 0x45, 0x33, 0x33, 0x0b, 0x41, 0x71, 0x3d, 0x4a, 0x3f, 0x00, 0x00,
    0x00, 0xf8, 0x42, 0x33, 0x33, 0x73, 0xc0, 0xec, 0x51, 0x38, 0x3e, 0x00,
    0x00, 0x90, 0xd7, 0x45, 0x33, 0x33, 0xf3, 0xc0, 0xcd, 0xcc, 0x8c, 0x3f,
    0x00, 0x00, 0x40, 0x15, 0x44, 0x33, 0x33, 0x33, 0x40, 0xae, 0x47, 0x81,
    0x3f, 0x02, 0x00, 0x40, 0x1c, 0x46, 0x33, 0x33, 0xa3, 0xc0, 0x33, 0x33,
    0x33, 0x3f, 0x00, 0x00, 0xd4, 0x02, 0x46, 0x00, 0x00, 0x20, 0x40, 0xe1,
    0x7a, 0x74, 0x40, 0x00, 0x00, 0x00, 0x84, 0x42, 0xcd, 0xcc, 0xcc, 0x3e,
    0x9a, 0x99, 0xd9, 0x3f, 0x00, 0x00, 0x00, 0xfc, 0x42, 0x00, 0x00, 0x00,
    0xbf, 0x3d, 0x0a, 0xf7, 0x3f, 0x00, 0x00, 0x20, 0xb2, 0x44, 0x00, 0x00,
    0x00, 0xbf, 0x8f, 0xc2, 0x35, 0x40, 0x9a, 0x99, 0xa9, 0xc0, 0x01, 0x00,
    0x00, 0xd2, 0x42, 0x66, 0x66, 0x06, 0xc0, 0x33, 0x33, 0x33, 0x3f, 0x00,
    0x00, 0x20, 0x72, 0x45, 0x00, 0x00, 0xe0, 0x40, 0xc3, 0xf5, 0x28, 0x3f,
    0x00, 0x00, 0xe8, 0xdd, 0x45, 0x66, 0x66, 0x26, 0xc1, 0xb8, 0x1e, 0x45,
    0x3f, 0x00, 0x00, 0x00, 0x27, 0x43, 0x9a, 0x99, 0x59, 0xc0, 0x33, 0x33,
    0x93, 0x3f, 0x00, 0x00, 0xd0, 0x9a, 0x45, 0xcd, 0xcc, 0x9c, 0x40, 0xec,
    0x51, 0xb8, 0x3f, 0x02, 0x00, 0x40, 0x1c, 0x46, 0x9a, 0x99, 0x99, 0x3e,
    0x33, 0x33, 0x33, 0x3f, 0x00, 0x00, 0x00, 0x38, 0x44, 0x00, 0x00, 0xc0,
    0x3f, 0x71, 0x3d, 0xaa, 0x3f, 0x00, 0x00, 0x80, 0xb0, 0x44, 0xcd, 0xcc,
    0x8c, 0xbf, 0xcd, 0xcc, 0x0c, 0x40, 0x00, 0x00, 0x00, 0x5c, 0x42, 0xcd,
    0xcc, 0xcc, 0x3e, 0xd7, 0xa3, 0xd0, 0x3f, 0x00, 0x00, 0x00, 0x9d, 0x43,
    0x00, 0x00, 0x80, 0xbf, 0x71, 0x3d, 0x5a, 0x40, 0x66, 0x66, 0x96, 0xc0,
    0x01, 0x00, 0x00, 0xd2, 0x42, 0x66, 0x66, 0x46, 0xc0, 0x33, 0x33, 0x33,
    0x3f, 0x00, 0x00, 0x00, 0x33, 0x43, 0x33, 0x33, 0xb3, 0xc0, 0x71, 0x3d,
    0x4a, 0x3f, 0x00, 0x00, 0x90, 0x34, 0x45, 0x9a, 0x99, 0x99, 0x40, 0xec,
    0x51, 0x38, 0x3f, 0x00, 0x00, 0x00, 0x86, 0x42, 0xcd, 0xcc, 0x4c, 0x3f,
    0x9a, 0x99, 0x59, 0x3f, 0x00, 0x00, 0xf8, 0x17, 0x46, 0x66, 0x66, 0xa6,
    0x3f, 0xe1, 0x7a, 0xf4, 0x3f, 0x02, 0x00, 0x40, 0x1c, 0x46, 0xcd, 0xcc,
    0x4c, 0xbe, 0x33, 0x33, 0x33, 0x3f, 0x00, 0x00, 0x80, 0x46, 0x44, 0x33,
    0x33, 0xb3, 0x3f, 0xe1, 0x7a, 0xd4, 0x3f, 0x00, 0x00, 0xe0, 0xbb, 0x44,
    0xcd, 0xcc, 0x4c, 0xbf, 0xae, 0x47, 0x01, 0x40, 0x00, 0x00, 0x80, 0x99,
    0x43, 0xcd, 0xcc, 0x4c, 0xbf, 0x3d, 0x0a, 0xd7, 0x3f, 0x00, 0x00, 0x00,
    0x53, 0x43, 0x9a, 0x99, 0x19, 0x3f, 0xec, 0x51, 0x38, 0x40, 0x9a, 0x99,
    0x89, 0xc0, 0x01, 0x00, 0x00, 0xd2, 0x42, 0x9a, 0x99, 0x99, 0x3e, 0x33,
    0x33, 0x33, 0x3f, 0x00, 0x00, 0x38, 0x81, 0x45, 0x9a, 0x99, 0x89, 0x40,
    0x71, 0x3d, 0xea, 0x3f, 0x00, 0x00, 0x00, 0xbe, 0x44, 0x33, 0x33, 0xf3,
    0xbf, 0x52, 0xb8, 0xfe, 0x3f, 0x00, 0x00, 0x00, 0x34, 0x43, 0x9a, 0x99,
    0x99, 0xbf, 0x85, 0xeb, 0x91, 0x3f, 0x00, 0x00, 0x00, 0x86, 0x42, 0x00,
    0x00, 0x80, 0x3f, 0x1f, 0x85, 0xab, 0x3f, 0x02, 0x00, 0x40, 0x1c, 0x46,
    0x33, 0x33, 0xc3, 0xc0, 0x33, 0x33, 0x33, 0x3f, 0x00, 0x00, 0xc0, 0x35,
    0x44, 0xcd, 0xcc, 0x4c, 0x3f, 0xb8, 0x1e, 0xe5, 0x3f, 0x00, 0x00, 0x40,
    0xab, 0x45, 0x9a, 0x99, 0x99, 0x3f, 0xa4, 0x70, 0x7d, 0x40, 0x00, 0x00,
    0x40, 0x90, 0x44, 0x9a, 0x99, 0x19, 0xbf, 0xf6, 0x28, 0x5c, 0x40, 0x00,
    0x00, 0x20, 0x3a, 0x45, 0xcd, 0xcc, 0xcc, 0x3e, 0xa4, 0x70, 0x7d, 0x40,
    0x66, 0x66, 0xa6, 0xc0, 0x01, 0x00, 0x00, 0xd2, 0x42, 0x33, 0x33, 0x53,
    0xc0, 0x33, 0x33, 0x33, 0x3f, 0x00, 0x00, 0x20, 0xae, 0x44, 0x00, 0x00,
    0xd0, 0x40, 0x14, 0xae, 0xc7, 0x3e, 0x00, 0x00, 0x00, 0x8d, 0x45, 0xcd,
    0xcc, 0x54, 0xc1, 0xec, 0x51, 0x78, 0x3f, 0x00, 0x00, 0x84, 0x06, 0x46,
    0xcd, 0xcc, 0xcc, 0x40, 0x9a, 0x99, 0x99, 0x3f, 0x00, 0x00, 0x00, 0x48,
    0x43, 0x33, 0x33, 0x13, 0xc0, 0x85, 0xeb, 0x91, 0x3f, 0x02, 0x00, 0x40,
    0x1c, 0x46, 0x00, 0x00, 0x80, 0xbf, 0x33, 0x33, 0x33, 0x3f, 0x00, 0x00,
    0x40, 0x11, 0x45, 0x9a, 0x99, 0x19, 0x40, 0xc3, 0xf5, 0x48, 0x40, 0x00,
    0x00, 0xb0, 0x49, 0x45, 0x66, 0x66, 0x86, 0xc0, 0xe1, 0x7a, 0x8c, 0x40,
    0x00, 0x00, 0x00, 0x80, 0x42, 0x66, 0x66, 0x66, 0x3f, 0x48, 0xe1, 0x0a,
    0x40, 0x00, 0x00, 0x58, 0x80, 0x45, 0xcd, 0xcc, 0x2c, 0x40, 0x00, 0x00,
    0xc0, 0x40, 0x33, 0x33, 0xb3, 0xc0, 0x01, 0x00, 0x00, 0xd2, 0x42, 0x33,
    0x33, 0xb3, 0x40, 0x33, 0x33, 0x33, 0x3f, 0x00, 0x00, 0x50, 0x3b, 0x45,
    0x66, 0x66, 0xb6, 0x40, 0xa4, 0x70, 0xbd, 0x3f, 0x00, 0x00, 0x00, 0x96,
    0x42, 0x33, 0x33, 0x83, 0xc0, 0x5c, 0x8f, 0xc2, 0x3e, 0x00, 0x00, 0x60,
    0x9e, 0x44, 0xcd, 0xcc, 0x4c, 0xbf, 0x8f, 0xc2, 0x05, 0x40, 0x00, 0x00,
    0x80, 0x82, 0x43, 0xcd, 0xcc, 0x8c, 0xbf, 0x9a, 0x99, 0xd9, 0x3f, 0x02,
    0x00, 0x40, 0x1c, 0x46, 0xcd, 0xcc, 0x6c, 0xc0, 0x33, 0x33, 0x33, 0x3f,
    0x00, 0x00, 0xec, 0x18, 0x46, 0x33, 0x33, 0x53, 0xc0, 0x48, 0xe1, 0xda,
    0x3f, 0x00, 0x00, 0xa8, 0x87, 0x45, 0xcd, 0xcc, 0x8c, 0x3f, 0xae, 0x47,
    0x71, 0x40, 0x00, 0x00, 0xa0, 0xcf, 0x45, 0x66, 0x66, 0x06, 0x40, 0x3d,
    0x0a, 0xbf, 0x40, 0x00, 0x00, 0xb0, 0xf8, 0x45, 0x9a, 0x99, 0x99, 0xbf,
    0xb8, 0x1e, 0xad, 0x40, 0x66, 0x66, 0xd6, 0xc0, 0x01, 0x00, 0x00, 0xd2,
    0x42, 0x66, 0x66, 0x46, 0xc0, 0x33, 0x33, 0x33, 0x3f, 0x00, 0x00, 0x00,
    0x45, 0x43, 0x33, 0x33, 0xa3, 0xc0, 0xe1, 0x7a, 0x14, 0x3f, 0x00, 0x00,
    0x60, 0x3c, 0x45, 0x66, 0x66, 0xd6, 0x40, 0x0a, 0xd7, 0x83, 0x3f, 0x00,
    0x00, 0x00, 0x8a, 0x42, 0x66, 0x66, 0xa6, 0x3f, 0x14, 0xae, 0xa7, 0x3f,
    0x00, 0x00, 0x40, 0x4c, 0x44, 0xcd, 0xcc, 0xcc, 0x3f, 0x33, 0x33, 0xd3,
    0x3f, 0x02, 0x00, 0x40, 0x1c, 0x46, 0x9a, 0x99, 0x19, 0xbf, 0x33, 0x33,
    0x33, 0x3f, 0x00, 0x00, 0x8c, 0x13, 0x46, 0x66, 0x66, 0x46, 0xc0, 0x29,
    0x5c, 0xef, 0x3f, 0x00, 0x00, 0x50, 0xbb, 0x45, 0xcd, 0xcc, 0x4c, 0x40,
    0x52, 0xb8, 0xbe, 0x40, 0x00, 0x00, 0xa8, 0x82, 0x45, 0x9a, 0x99, 0x99,
    0x3f, 0x00, 0x00, 0xa8, 0x40, 0x00, 0x00, 0x18, 0xa1, 0x45, 0x00, 0x00,
    0xc0, 0xbf, 0x14, 0xae, 0xbf, 0x40, 0x9a, 0x99, 0xa9, 0xc0, 0x01, 0x00,
    0x00, 0xd2, 0x42, 0xcd, 0xcc, 0x2c, 0xc0, 0x33, 0x33, 0x33, 0x3f, 0x00,
    0x00, 0xb0, 0x88, 0x45, 0x00, 0x00, 0xa0, 0x40, 0x0a, 0xd7, 0xa3, 0x3f,
    0x00, 0x00, 0x00, 0x44, 0x43, 0x33, 0x33, 0xf3, 0xbf, 0x00, 0x00, 0xc0,
    0x3f, 0x00, 0x00, 0xe0, 0xd7, 0x44, 0x33, 0x33, 0x33, 0xc0, 0xe1, 0x7a,
    0x94, 0x3f, 0x00, 0x00, 0x80, 0x47, 0x44, 0x00, 0x00, 0xc0, 0x3f, 0x9a,
    0x99, 0xb9, 0x3f, 0x02, 0x00, 0x40, 0x1c, 0x46, 0x33, 0x33, 0xf3, 0xc0,
    0x33, 0x33, 0x33, 0x3f, 0x00, 0x00, 0x00, 0x90, 0x42, 0x33, 0x33, 0xb3,
    0x3f, 0x3d, 0x0a, 0xf7, 0x3f, 0x00, 0x00, 0x08, 0xb7, 0x45, 0x33, 0x33,
    0x53, 0x40, 0x9a, 0x99, 0xb9, 0x40, 0x00, 0x00, 0x00, 0x0f, 0x43, 0x33,
    0x33, 0x33, 0xbf, 0x1f, 0x85, 0x4b, 0x40, 0x00, 0x00, 0xe0, 0x95, 0x45,
    0x9a, 0x99, 0x19, 0xbf, 0x0a, 0xd7, 0x83, 0x40, 0x33, 0x33, 0xb3, 0xc0,
    0x01, 0x00, 0x00, 0xd2, 0x42, 0x9a, 0x99, 0x79, 0xc0, 0x33, 0x33, 0x33,
    0x3f, 0x00, 0x00, 0x00, 0x28, 0x43, 0x33, 0x33, 0xd3, 0xc0, 0xcd, 0xcc,
    0x4c, 0x3f, 0x00, 0x00, 0xb0, 0x92, 0x45, 0x9a, 0x99, 0xd9, 0x40, 0xec,
    0x51, 0x38, 0x3e, 0x00, 0x00, 0x00, 0xa2, 0x43, 0x33, 0x33, 0xf3, 0xbf,
    0x33, 0x33, 0xb3, 0x3f, 0x00, 0x00, 0x80, 0x94, 0x45, 0x33, 0x33, 0x23,
    0xc1, 0x48, 0xe1, 0xda, 0x3f, 0x02, 0x00, 0x40, 0x1c, 0x46, 0x00, 0x00,
    0xc0, 0x3f, 0x33, 0x33, 0x33, 0x3f, 0x00, 0x00, 0x80, 0x7f, 0x45, 0x00,
    0x00, 0xc0, 0xbf, 0xe1, 0x7a, 0x14, 0x3f, 0x00, 0x00, 0x80, 0x76, 0x44,
    0x9a, 0x99, 0x99, 0x3f, 0x66, 0x66, 0xe6, 0x3f, 0x00, 0x00, 0xe0, 0x81,
    0x45, 0xcd, 0xcc, 0x2c, 0x40, 0x1f, 0x85, 0x9b, 0x40, 0x00, 0x00, 0x30,
    0xc9, 0x45, 0x66, 0x66, 0x46, 0x40, 0x8f, 0xc2, 0xbd, 0x40, 0x33, 0x33,
    0xd3, 0xc0, 0x01, 0x00, 0x00, 0xd2, 0x42, 0x9a, 0x99, 0x59, 0xc0, 0x33,
    0x33, 0x33, 0x3f, 0x00, 0x00, 0x90, 0x77, 0x45, 0x00, 0x00, 0xc0, 0x40,
    0x1f, 0x85, 0xeb, 0x3f, 0x00, 0x00, 0x00, 0x34, 0x43, 0x9a, 0x99, 0x99,
    0xc0, 0xae, 0x47, 0x21, 0x3f, 0x00, 0x00, 0x50, 0x1c, 0x45, 0x00, 0x00,
    0xa0, 0x40, 0xb8, 0x1e, 0x25, 0x40, 0x00, 0x00, 0x00, 0x8e, 0x42, 0x33,
    0x33, 0xb3, 0x3f, 0x48, 0xe1, 0x7a, 0x3f, 0x02, 0x00, 0x40, 0x1c, 0x46,
    0x66, 0x66, 0x16, 0xc1, 0x33, 0x33, 0x33, 0x3f, 0x00, 0x00, 0x60, 0x9d,
    0x44, 0x9a, 0x99, 0x99, 0xbf, 0xf6, 0x28, 0x1c, 0x40, 0x00, 0x00, 0xe8,
    0xc6, 0x45, 0x33, 0x33, 0x53, 0x40, 0x8f, 0xc2, 0xb5, 0x40, 0x00, 0x00,
    0x40, 0x1c, 0x46, 0x33, 0x33, 0xb3, 0xbf, 0xae, 0x47, 0xb9, 0x40, 0x00,
    0x00, 0x60, 0xf9, 0x44, 0xcd, 0xcc, 0x4c, 0x3f, 0xb8, 0x1e, 0x75, 0x40,
    0x00, 0x00, 0xd0, 0xc0, 0x01, 0x00, 0x00, 0xd2, 0x42, 0x9a, 0x99, 0x19,
    0xbf, 0x33, 0x33, 0x33, 0x3f, 0x00, 0x00, 0x00, 0x3a, 0x43, 0xcd, 0xcc,
    0x8c, 0xc0, 0x3d, 0x0a, 0x17, 0x3f, 0x00, 0x00, 0x80, 0x2c, 0x45, 0x66,
    0x66, 0xc6, 0x40, 0x9a, 0x99, 0x99, 0x3f, 0x00, 0x00, 0xa0, 0xbd, 0x44,
    0x00, 0x00, 0x60, 0xc0, 0x48, 0xe1, 0xba, 0x3f, 0x00, 0x00, 0xc8, 0x81,
    0x45, 0xcd, 0xcc, 0x6c, 0x40, 0x29, 0x5c, 0x2f, 0x40, 0x02, 0x00, 0x40,
    0x1c, 0x46, 0x9a, 0x99, 0xa9, 0xc0, 0x33, 0x33, 0x33, 0x3f, 0x00, 0x00,
    0xac, 0x0a, 0x46, 0x66, 0x66, 0x66, 0x40, 0x3d, 0x0a, 0xd7, 0x3f, 0x00,
    0x00, 0x60, 0xaf, 0x45, 0xcd, 0xcc, 0x4c, 0xc0, 0x00, 0x00, 0xc0, 0x40,
    0x00, 0x00, 0x30, 0xd2, 0x45, 0x66, 0x66, 0xe6, 0x3f, 0xa4, 0x70, 0xbd,
    0x40, 0x00, 0x00, 0x40, 0x38, 0x44, 0xcd, 0xcc, 0x4c, 0x3e, 0x14, 0xae,
    0x27, 0x40, 0x9a, 0x99, 0xc9, 0xc0, 0x01, 0x00, 0x00, 0xd2, 0x42, 0x33,
    0x33, 0x13, 0xc0, 0x33, 0x33, 0x33, 0x3f, 0x00, 0x00, 0x10, 0x7f, 0x45,
    0x00, 0x00, 0xa0, 0x40, 0x3d, 0x0a, 0x37, 0x40, 0x00, 0x00, 0x00, 0x4c,
    0x43, 0x66, 0x66, 0x26, 0xc0, 0xd7, 0xa3, 0x90, 0x3f, 0x00, 0x00, 0x00,
    0xb8, 0x44, 0xcd, 0xcc, 0x2c, 0xc0, 0xb8, 0x1e, 0x15, 0x40, 0x00, 0x00,
    0xc0, 0x38, 0x45, 0x66, 0x66, 0xa6, 0x40, 0x48, 0xe1, 0x1a, 0x40, 0x02,
    0x00, 0x40, 0x1c, 0x46, 0xcd, 0xcc, 0x8c, 0xc0, 0x33, 0x33, 0x33, 0x3f,
    0x00, 0x00, 0x00, 0x86, 0x42, 0x9a, 0x99, 0x19, 0x3f, 0xae, 0x47, 0xe1,
    0x3f, 0x00, 0x00, 0x00, 0xd0, 0x41, 0x66, 0x66, 0x66, 0xbf, 0xf6, 0x28,
    0x4c, 0x40, 0x00, 0x00, 0x40, 0x36, 0x44, 0xcd, 0xcc, 0xcc, 0x3e, 0x5c,
    0x8f, 0x22, 0x40, 0x00, 0x00, 0x00, 0xbc, 0x43, 0xcd, 0xcc, 0xcc, 0xbe,
    0xf6, 0x28, 0x2c, 0x40, 0x00, 0x00, 0xd0, 0xc0, 0x01, 0x00, 0x00, 0xd2,
    0x42, 0xcd, 0xcc, 0xcc, 0xbd, 0x33, 0x33, 0x33, 0x3f, 0x00, 0x00, 0x28,
    0xaf, 0x45, 0x9a, 0x99, 0xb9, 0x40, 0xe1, 0x7a, 0x34, 0x40, 0x00, 0x00,
    0x00, 0xf6, 0x42, 0x33, 0x33, 0x33, 0xc0, 0x1f, 0x85, 0x6b, 0x3e, 0x00,
    0x00, 0x90, 0x78, 0x45, 0x9a, 0x99, 0x79, 0x40, 0xae, 0x47, 0x11, 0x40,
    0x00, 0x00, 0x00, 0x8c, 0x42, 0x66, 0x66, 0x06, 0x40, 0xec, 0x51, 0x78,
    0x3f, 0x02, 0x00, 0x40, 0x1c, 0x46, 0x66, 0x66, 0xa6, 0xc0, 0x33, 0x33,
    0x33, 0x3f, 0x00, 0x00, 0xe0, 0xbc, 0x44, 0x66, 0x66, 0xa6, 0xbf, 0xa4,
    0x70, 0xdd, 0x3f, 0x00, 0x00, 0x40, 0x5b, 0x44, 0xcd, 0xcc, 0x4c, 0x3f,
    0xa4, 0x70, 0x1d, 0x40, 0x00, 0x00, 0x08, 0xf5, 0x45, 0x66, 0x66, 0x06,
    0x40, 0x48, 0xe1, 0xb2, 0x40, 0x00, 0x00, 0xa0, 0x3b, 0x45, 0x33, 0x33,
    0x33, 0x3f, 0x9a, 0x99, 0x69, 0x40, 0xcd, 0xcc, 0xcc, 0xc0, 0x01, 0x00,
    0x00, 0xd2, 0x42, 0x00, 0x00, 0x20, 0xc0, 0x33, 0x33, 0x33, 0x3f, 0x00,
    0x00, 0x80, 0xcf, 0x44, 0xcd, 0xcc, 0xac, 0x40, 0x7b, 0x14, 0xae, 0x3e,
    0x00, 0x00, 0x00, 0x51, 0x43, 0x00, 0x00, 0xf0, 0xc0, 0xcd, 0xcc, 0x0c,
    0x3f, 0x00, 0x00, 0x30, 0xd2, 0x45, 0x9a, 0x99, 0x11, 0xc1, 0xe1, 0x7a,
    0x54, 0x3f, 0x00, 0x00, 0x00, 0x94, 0x45, 0x66, 0x66, 0x0e, 0x41, 0xec,
    0x51, 0x98, 0x3f, 0x02, 0x00, 0x40, 0x1c, 0x46, 0x00, 0x00, 0x00, 0x80,
    0x33, 0x33, 0x33, 0x3f, 0x00, 0x00, 0x00, 0x78, 0x42, 0x33, 0x33, 0x33,
    0x3f, 0xe1, 0x7a, 0xd4, 0x3f, 0x00, 0x00, 0x00, 0x03, 0x43, 0x9a, 0x99,
    0x19, 0xbf, 0x33, 0x33, 0x03, 0x40, 0x00, 0x00, 0x00, 0xe0, 0x41, 0x9a,
    0x99, 0x19, 0xbf, 0xcd, 0xcc, 0x1c, 0x40, 0x00, 0x00, 0x00, 0x5e, 0x43,
    0x00, 0x00, 0x00, 0x3f, 0xae, 0x47, 0x41, 0x40, 0x33, 0x33, 0xe3, 0xc0,
    0x01, 0x00, 0x00, 0xd2, 0x42, 0xcd, 0xcc, 0x8c, 0xbf, 0x33, 0x33, 0x33,
    0x3f, 0x00, 0x00, 0xd0, 0x95, 0x45, 0x33, 0x33, 0xb3, 0x40, 0x48, 0xe1,
    0x4a, 0x40, 0x00, 0x00, 0x00, 0x3b, 0x43, 0x00, 0x00, 0xa0, 0xc0, 0xd7,
    0xa3, 0x30, 0x3f, 0x00, 0x00, 0x90, 0x36, 0x45, 0x00, 0x00, 0xd0, 0x40,
    0xa4, 0x70, 0xdd, 0x3f, 0x00, 0x00, 0x40, 0xc0, 0x44, 0x66, 0x66, 0x66,
    0xbf, 0xe1, 0x7a, 0x14, 0x40, 0x02, 0x00, 0x40, 0x1c, 0x46, 0xcd, 0xcc,
    0xac, 0xc0, 0x33, 0x33, 0x33, 0x3f, 0x00, 0x00, 0xd0, 0xb0, 0x45, 0x33,
    0x33, 0x13, 0x40, 0x00, 0x00, 0xc0, 0x40, 0x00, 0x00, 0x00, 0x30, 0x44,
    0x9a, 0x99, 0x19, 0x3f, 0x7b, 0x14, 0x0e, 0x40, 0x00, 0x00, 0xe8, 0xdc,
    0x45, 0x66, 0x66, 0x46, 0xc0, 0x14, 0xae, 0xb7, 0x40, 0x00, 0x00, 0x80,
    0xb0, 0x43, 0xcd, 0xcc, 0xcc, 0xbe, 0x14, 0xae, 0x17, 0x40, 0x00, 0x00,
    0xe0, 0xc0, 0x01, 0x00, 0x00, 0xd2, 0x42, 0xcd, 0xcc, 0xcc, 0x40, 0x33,
    0x33, 0x33, 0x3f, 0x00, 0x00, 0x00, 0xaa, 0x42, 0xcd, 0xcc, 0xdc, 0xc0,
    0xb8, 0x1e, 0x85, 0x3e, 0x00, 0x00, 0x20, 0x48, 0x45, 0x00, 0x00, 0xd0,
    0x40, 0x00, 0x00, 0xa0, 0x3f, 0x00, 0x00, 0xc0, 0xcc, 0x44, 0xcd, 0xcc,
    0xcc, 0xbf, 0xcd, 0xcc, 0x2c, 0x40, 0x00, 0x00, 0xe0, 0xa6, 0x45, 0xcd,
    0xcc, 0x9c, 0x40, 0x1f, 0x85, 0x7b, 0x40, 0x02, 0x00, 0x40, 0x1c, 0x46,
    0x33, 0x33, 0x53, 0xc0, 0x33, 0x33, 0x33, 0x3f, 0x00, 0x00, 0x00, 0x38,
    0x44, 0x00, 0x00, 0x80, 0x3f, 0x8f, 0xc2, 0xf5, 0x3f, 0x00, 0x00, 0x00,
    0xa7, 0x43, 0x9a, 0x99, 0x19, 0xbf, 0xcd, 0xcc, 0x1c, 0x40, 0x00, 0x00,
    0x10, 0x88, 0x45, 0x00, 0x00, 0x80, 0x3f, 0x66, 0x66, 0x9e, 0x40, 0x00,
    0x00, 0x00, 0x47, 0x43, 0x00, 0x00, 0x00, 0xbf, 0x1f, 0x85, 0x4b, 0x40,
    0x9a, 0x99, 0xa9, 0xc0, 0x01, 0x00, 0x00, 0xd2, 0x42, 0x66, 0x66, 0x26,
    0xc0, 0x33, 0x33, 0x33, 0x3f, 0x00, 0x00, 0x38, 0x84, 0x45, 0xcd, 0xcc,
    0xbc, 0x40, 0x85, 0xeb, 0xb1, 0x3f, 0x00, 0x00, 0x00, 0x51, 0x43, 0xcd,
    0xcc, 0x0c, 0xc0, 0x14, 0xae, 0x47, 0x3f, 0x00, 0x00, 0x20, 0xb3, 0x44,
    0x66, 0x66, 0x26, 0xc0, 0x52, 0xb8, 0xfe, 0x3f, 0x00, 0x00, 0x00, 0x8a,
    0x42, 0x00, 0x00, 0xc0, 0x3f, 0xcd, 0xcc, 0xac, 0x3f, 0x02, 0x00, 0x40,
    0x1c, 0x46, 0xcd, 0xcc, 0xac, 0xc0, 0x33, 0x33, 0x33, 0x3f, 0x00, 0x00,
    0xa0, 0xad, 0x45, 0x9a, 0x99, 0xd9, 0x3f, 0xae, 0x47, 0xa9, 0x40, 0x00,
    0x00, 0xc0, 0x3d, 0x44, 0x00, 0x00, 0x00, 0x3f, 0x3d, 0x0a, 0x17, 0x40,
    0x00, 0x00, 0x80, 0xa7, 0x43, 0xcd, 0xcc, 0xcc, 0xbe, 0x71, 0x3d, 0x4a,
    0x40, 0x00, 0x00, 0x30, 0x84, 0x45, 0x9a, 0x99, 0x19, 0xbf, 0x33, 0x33,
    0xa3, 0x40, 0x33, 0x33, 0xd3, 0xc0, 0x01, 0x00, 0x00, 0xd2, 0x42, 0x33,
    0x33, 0x83, 0x40, 0x33, 0x33, 0x33, 0x3f, 0x00, 0x00, 0x00, 0x1c, 0x43,
    0x33, 0x33, 0x83, 0xc0, 0x66, 0x66, 0xe6, 0x3e, 0x00, 0x00, 0xc0, 0x4e,
    0x44, 0x33, 0x33, 0x53, 0x40, 0x71, 0x3d, 0x0a, 0x3f, 0x00, 0x00, 0xd8,
    0x9c, 0x45, 0x33, 0x33, 0xa3, 0xc0, 0x00, 0x00, 0xc0, 0x40, 0x00, 0x00,
    0x80, 0x94, 0x43, 0x66, 0x66, 0xa6, 0xbf, 0xc3, 0xf5, 0x88, 0x3f, 0x02,
    0x00, 0x40, 0x1c, 0x46, 0x33, 0x33, 0xd3, 0x40, 0x33, 0x33, 0x33, 0x3f,
    0x00, 0x00, 0xc8, 0xcd, 0x45, 0x9a, 0x99, 0x89, 0x40, 0x5c, 0x8f, 0x8a,
    0x40, 0x00, 0x00, 0xb0, 0x2c, 0x45, 0x33, 0x33, 0xb3, 0xbf, 0x1f, 0x85,
    0x7b, 0x40, 0x00, 0x00, 0x18, 0xa9, 0x45, 0xcd, 0xcc, 0x2c, 0xc0, 0xcd,
    0xcc, 0xbc, 0x40, 0x00, 0x00, 0x80, 0x65, 0x45, 0x66, 0x66, 0x66, 0x3f,
    0x71, 0x3d, 0x8a, 0x40, 0x00, 0x00, 0x20, 0xc0, 0x01, 0x00, 0x00, 0xd2,
    0x42, 0xcd, 0xcc, 0xcc, 0x3e, 0x33, 0x33, 0x33, 0x3f, 0x00, 0x00, 0x00,
    0x42, 0x44, 0x9a, 0x99, 0x39, 0x40, 0x5c, 0x8f, 0x42, 0x3f, 0x00, 0x00,
    0x00, 0x22, 0x43, 0x33, 0x33, 0x13, 0xc0, 0x0a, 0xd7, 0x63, 0x3f, 0x00,
    0x00, 0x10, 0x03, 0x45, 0x9a, 0x99, 0x59, 0xc0, 0x66, 0x66, 0x66, 0x3f,
    0x00, 0x00, 0xa0, 0x66, 0x45, 0x33, 0x33, 0x73, 0x40, 0xec, 0x51, 0xb8,
    0x3f, 0x02, 0x00, 0x40, 0x1c, 0x46, 0x66, 0x66, 0x66, 0xc0, 0x33, 0x33,
    0x33, 0x3f, 0x00, 0x00, 0x50, 0xbf, 0x45, 0xcd, 0xcc, 0xcc, 0x3f, 0x52,
    0xb8, 0xb6, 0x40, 0x00, 0x00, 0xf0, 0xe1, 0x45, 0x33, 0x33, 0x33, 0xbf,
    0x00, 0x00, 0xc0, 0x40, 0x00, 0x00, 0x00, 0x14, 0x42, 0x9a, 0x99, 0x99,
    0xbe, 0x66, 0x66, 0x16, 0x40, 0x00, 0x00, 0x00, 0x82, 0x42, 0xcd, 0xcc,
    0x4c, 0x3e, 0xec, 0x51, 0x08, 0x40, 0x33, 0x33, 0x93, 0xc0, 0x01, 0x00,
    0x00, 0xd2, 0x42, 0xcd, 0xcc, 0x4c, 0x3e, 0x33, 0x33, 0x33, 0x3f, 0x00,
    0x00, 0x20, 0x5d, 0x45, 0x00, 0x00, 0xa0, 0x40, 0xf6, 0x28, 0x0c, 0x40,
    0x00, 0x00, 0x00, 0x23, 0x43, 0x00, 0x00, 0x20, 0xc0, 0x71, 0x3d, 0x4a,
    0x3f, 0x00, 0x00, 0xc0, 0x29, 0x44, 0x66, 0x66, 0x06, 0x40, 0x66, 0x66,
    0x66, 0x3f, 0x00, 0x00, 0xe0, 0xd3, 0x44, 0xcd, 0xcc, 0x0c, 0xc0, 0xd7,
    0xa3, 0x10, 0x40, 0x02, 0x00, 0x40, 0x1c, 0x46, 0xcd, 0xcc, 0xec, 0xc0,
    0x33, 0x33, 0x33, 0x3f, 0x00, 0x00, 0x28, 0xe8, 0x45, 0xcd, 0xcc, 0xcc,
    0xbf, 0x29, 0x5c, 0x8f, 0x40, 0x00, 0x00, 0x70, 0x92, 0x45, 0x66, 0x66,
    0x66, 0x3f, 0xd7, 0xa3, 0x50, 0x40, 0x00, 0x00, 0xa0, 0x61, 0x45, 0x00,
    0x00, 0x00, 0xbf, 0x00, 0x00, 0xc0, 0x40, 0x00, 0x00, 0x40, 0x80, 0x45,
    0x00, 0x00, 0x00, 0x3f, 0x8f, 0xc2, 0x9d, 0x40, 0x33, 0x33, 0xc3, 0xc0,
    0x01, 0x00, 0x00, 0xd2, 0x42, 0x00, 0x00, 0x80, 0xbf, 0x33, 0x33, 0x33,
    0x3f, 0x00, 0x00, 0xa8, 0xb6, 0x45, 0x00, 0x00, 0x08, 0x41, 0xc3, 0xf5,
    0xa8, 0x3f, 0x00, 0x00, 0xb0, 0x65, 0x45, 0x66, 0x66, 0x06, 0xc1, 0x00,
    0x00, 0xc0, 0x3f, 0x00, 0x00, 0x00, 0x26, 0x43, 0x66, 0x66, 0x46, 0xc0,
    0xec, 0x51, 0x38, 0x3f, 0x00, 0x00, 0xc0, 0x50, 0x44, 0x66, 0x66, 0x46,
    0x40, 0xb8, 0x1e, 0x45, 0x3f, 0x02, 0x00, 0x40, 0x1c, 0x46, 0x9a, 0x99,
    0x39, 0xc0, 0x33, 0x33, 0x33, 0x3f, 0x00, 0x00, 0xa8, 0x06, 0x46, 0x9a,
    0x99, 0xd9, 0x3f, 0x14, 0xae, 0x9f, 0x40, 0x00, 0x00, 0x00, 0x1c, 0x42,
    0x9a, 0x99, 0x99, 0xbe, 0x14, 0xae, 0x07, 0x40, 0x00, 0x00, 0x80, 0xf7,
    0x44, 0x9a, 0x99, 0x19, 0x3f, 0x52, 0xb8, 0x5e, 0x40, 0x00, 0x00, 0xe0,
    0xa9, 0x44, 0x00, 0x00, 0x00, 0xbf, 0x7b, 0x14, 0x7e, 0x40, 0x9a, 0x99,
    0xd9, 0xc0, 0x01, 0x00, 0x00, 0xd2, 0x42, 0x33, 0x33, 0xb3, 0x3f, 0x33,
    0x33, 0x33, 0x3f, 0x00, 0x00, 0x00, 0x46, 0x45, 0x66, 0x66, 0xe6, 0x40,
    0x52, 0xb8, 0xbe, 0x3f, 0x00, 0x00, 0xa0, 0xdc, 0x44, 0x33, 0x33, 0xe3,
    0xc0, 0xae, 0x47, 0x01, 0x40, 0x00, 0x00, 0x00, 0x1f, 0x43, 0x33, 0x33,
    0x53, 0xc0, 0x0a, 0xd7, 0x63, 0x3f, 0x00, 0x00, 0xb8, 0xa2, 0x45, 0x00,
    0x00, 0xa0, 0x40, 0x9a, 0x99, 0x49, 0x40, 0x02, 0x00, 0x40, 0x1c, 0x46,
    0x9a, 0x99, 0x99, 0xc0, 0x33, 0x33, 0x33, 0x3f, 0x00, 0x00, 0xc0, 0x4a,
    0x44, 0x33, 0x33, 0xb3, 0x3f, 0xe1, 0x7a, 0xb4, 0x3f, 0x00, 0x00, 0x60,
    0xa0, 0x44, 0x33, 0x33, 0xb3, 0xbf, 0x33, 0x33, 0x53, 0x40, 0x00, 0x00,
    0xd0, 0xe6, 0x45, 0x66, 0x66, 0xe6, 0xbf, 0x5c, 0x8f, 0xaa, 0x40, 0x00,
    0x00, 0xd0, 0xbd, 0x45, 0x33, 0x33, 0xf3, 0x3f, 0x14, 0xae, 0xbf, 0x40,
    0x33, 0x33, 0xc3, 0xc0, 0x01, 0x00, 0x00, 0xd2, 0x42, 0x66, 0x66, 0x66,
    0x3f, 0x33, 0x33, 0x33, 0x3f, 0x00, 0x00, 0xc0, 0x57, 0x45, 0x33, 0x33,
    0x7b, 0x41, 0x71, 0x3d, 0x8a, 0x3e, 0x00, 0x00, 0x18, 0x08, 0x46, 0x9a,
    0x99, 0x59, 0xc1, 0x14, 0xae, 0xa7, 0x3f, 0x00, 0x00, 0x00, 0x2a, 0x43,
    0x00, 0x00, 0x40, 0xc0, 0x7b, 0x14, 0x2e, 0x3f, 0x00, 0x00, 0xa0, 0xe9,
    0x44, 0x00, 0x00, 0x84, 0xc1, 0x8f, 0xc2, 0x35, 0x3f, 0x02, 0x00, 0x40,
    0x1c, 0x46, 0x9a, 0x99, 0xb9, 0xc0, 0x33, 0x33, 0x33, 0x3f, 0x00, 0x00,
    0x70, 0x0d, 0x46, 0x9a, 0x99, 0x39, 0x40, 0x52, 0xb8, 0x9e, 0x40, 0x00,
    0x00, 0xb0, 0xbd, 0x45, 0x33, 0x33, 0xb3, 0x3f, 0x85, 0xeb, 0x81, 0x40,
    0x00, 0x00, 0x30, 0x85, 0x45, 0xcd, 0xcc, 0x4c, 0xbf, 0xec, 0x51, 0x80,
    0x40, 0x00, 0x00, 0x60, 0x4b, 0x45, 0x33, 0x33, 0x33, 0x3f, 0xe1, 0x7a,
    0x8c, 0x40, 0x33, 0x33, 0xd3, 0xc0, 0x01, 0x00, 0x00, 0xd2, 0x42, 0xcd,
    0xcc, 0xcc, 0x3d, 0x33, 0x33, 0x33, 0x3f, 0x00, 0x00, 0x00, 0x36, 0x43,
    0xcd, 0xcc, 0xbc, 0xc0, 0x7b, 0x14, 0x2e, 0x3f, 0x00, 0x00, 0x10, 0xd4,
    0x45, 0x33, 0x33, 0xe3, 0x40, 0x52, 0xb8, 0x1e, 0x3f, 0x00, 0x00, 0x00,
    0xd0, 0x41, 0xcd, 0xcc, 0x4c, 0xbe, 0xd7, 0xa3, 0xd0, 0x3f, 0x00, 0x00,
    0xe0, 0x8e, 0x45, 0x33, 0x33, 0x23, 0xc1, 0x71, 0x3d, 0xaa, 0x40, 0x02,
    0x00, 0x40, 0x1c, 0x46, 0x9a, 0x99, 0x99, 0x40, 0x33, 0x33, 0x33, 0x3f,
    0x00, 0x00, 0x80, 0x52, 0x44, 0x33, 0x33, 0xb3, 0x3f, 0x3d, 0x0a, 0xf7,
    0x3f, 0x00, 0x00, 0x80, 0x03, 0x45, 0x33, 0x33, 0xf3, 0xbf, 0xa4, 0x70,
    0xfd, 0x3f, 0x00, 0x00, 0xe0, 0x40, 0x45, 0x66, 0x66, 0xe6, 0x3f, 0x29,
    0x5c, 0x4f, 0x40, 0x00, 0x00, 0xd8, 0x00, 0x46, 0x66, 0x66, 0xe6, 0xbf,
    0x29, 0x5c, 0x0f, 0x40, 0x66, 0x66, 0xb6, 0xc0, 0x01, 0x00, 0x00, 0xd2,
    0x42, 0x9a, 0x99, 0x99, 0x3e, 0x33, 0x33, 0x33, 0x3f, 0x00, 0x00, 0x00,
    0x2e, 0x43, 0x33, 0x33, 0x93, 0xc0, 0x7b, 0x14, 0x2e, 0x3f, 0x00, 0x00,
    0xc0, 0x4a, 0x44, 0x66, 0x66, 0x46, 0x40, 0x8f, 0xc2, 0xb5, 0x3f, 0x00,
    0x00, 0x60, 0x56, 0x45, 0x33, 0x33, 0x73, 0x40, 0x0a, 0xd7, 0x8b, 0x40,
    0x00, 0x00, 0xf8, 0xd8, 0x45, 0xcd, 0xcc, 0xac, 0x40, 0xd7, 0xa3, 0x30,
    0x40, 0x02, 0x00, 0x40, 0x1c, 0x46, 0x33, 0x33, 0x73, 0x40, 0x33, 0x33,
    0x33, 0x3f, 0x00, 0x00, 0xe8, 0xb2, 0x45, 0x9a, 0x99, 0x01, 0x41, 0xd7,
    0xa3, 0x90, 0x3f, 0x00, 0x00, 0x00, 0x9e, 0x45, 0x66, 0x66, 0x2e, 0xc1,
    0x1f, 0x85, 0x3b, 0x40, 0x00, 0x00, 0x28, 0xe3, 0x45, 0x9a, 0x99, 0xc9,
    0xc0, 0x7b, 0x14, 0x5e, 0x40, 0x00, 0x00, 0x60, 0x0e, 0x45, 0x66, 0x66,
    0x06, 0xc0, 0xf6, 0x28, 0x3c, 0x40, 0x33, 0x33, 0xd3, 0xc0, 0x01, 0x00,
    0x00, 0xd2, 0x42, 0x9a, 0x99, 0xb9, 0x40, 0x33, 0x33, 0x33, 0x3f, 0x00,
    0x00, 0x00, 0x8a, 0x43, 0x00, 0x00, 0x40, 0xc0, 0xec, 0x51, 0x38, 0x3e,
    0x00, 0x00, 0x40, 0xa8, 0x45, 0x33, 0x33, 0xd3, 0x40, 0x3d, 0x0a, 0x57,
    0x3f, 0x00, 0x00, 0x70, 0x17, 0x46, 0x33, 0x33, 0x33, 0x3f, 0x52, 0xb8,
    0xbe, 0x40, 0x00, 0x00, 0x00, 0xc0, 0x41, 0x33, 0x33, 0x33, 0xbf, 0x3d,
    0x0a, 0x37, 0x40, 0x02, 0x00, 0x40, 0x1c, 0x46, 0x00, 0x00, 0xb0, 0x40,
    0x33, 0x33, 0x33, 0x3f, 0x00, 0x00, 0x80, 0x12, 0x46, 0x9a, 0x99, 0x39,
    0xc0, 0x71, 0x3d, 0x82, 0x40, 0x00, 0x00, 0x80, 0x36, 0x44, 0x33, 0x33,
    0x33, 0x3f, 0x00, 0x00, 0xc0, 0x3f, 0x00, 0x00, 0x00, 0x5f, 0x43, 0x9a,
    0x99, 0x99, 0xbe, 0xec, 0x51, 0x98, 0x3f, 0x00, 0x00, 0xe0, 0x98, 0x44,
    0x33, 0x33, 0x33, 0xbf, 0xf6, 0x28, 0x1c, 0x40, 0x66, 0x66, 0xc6, 0xc0,
    0x01, 0x00, 0x00, 0xd2, 0x42, 0xcd, 0xcc, 0x4c, 0x3f, 0x33, 0x33, 0x33,
    0x3f, 0x00, 0x00, 0x00, 0x2c, 0x43, 0x66, 0x66, 0xe6, 0xbf, 0x00, 0x00,
    0x40, 0x3f, 0x00, 0x00, 0x70, 0xbe, 0x45, 0x33, 0x33, 0x73, 0x40, 0x71,
    0x3d, 0xca, 0x3f, 0x00, 0x00, 0x40, 0x3b, 0x45, 0xcd, 0xcc, 0x4c, 0x40,
    0xa4, 0x70, 0x4d, 0x40, 0x00, 0x00, 0x60, 0xc7, 0x44, 0x9a, 0x99, 0x99,
    0xbf, 0x8f, 0xc2, 0x95, 0x3f, 0x02, 0x00, 0x40, 0x1c, 0x46, 0x66, 0x66,
    0xc6, 0x40, 0x33, 0x33, 0x33, 0x3f, 0x00, 0x00, 0xd8, 0xdf, 0x45, 0x33,
    0x33, 0x13, 0xc0, 0xe1, 0x7a, 0xbc, 0x40, 0x00, 0x00, 0x78, 0x0b, 0x46,
    0xcd, 0xcc, 0x8c, 0xbf, 0x52, 0xb8, 0xbe, 0x40, 0x00, 0x00, 0xc0, 0xe6,
    0x44, 0xcd, 0xcc, 0xcc, 0xbd, 0x14, 0xae, 0x97, 0x40, 0x00, 0x00, 0xc0,
    0x59, 0x44, 0x9a, 0x99, 0x99, 0x3e, 0xae, 0x47, 0x51, 0x40, 0x33, 0x33,
    0xd3, 0xc0, 0x01, 0x00, 0x00, 0xd2, 0x42, 0x9a, 0x99, 0x19, 0x3f, 0x33,
    0x33, 0x33, 0x3f, 0x00, 0x00, 0x00, 0x3d, 0x43, 0x66, 0x66, 0xe6, 0xbf,
    0xec, 0x51, 0x38, 0x3f, 0x00, 0x00, 0x24, 0x0f, 0x46, 0x9a, 0x99, 0x79,
    0x40, 0x52, 0xb8, 0x9e, 0x3e, 0x00, 0x00, 0x10, 0x36, 0x45, 0x66, 0x66,
    0x46, 0x40, 0x00, 0x00, 0x30, 0x40, 0x00, 0x00, 0x80, 0x01, 0x45, 0x66,
    0x66, 0xe6, 0xbf, 0x29, 0x5c, 0x0f, 0x3f, 0x02, 0x00, 0x40, 0x1c, 0x46,
    0x33, 0x33, 0x73, 0x40, 0x33, 0x33, 0x33, 0x3f, 0x00, 0x00, 0xc8, 0xdd,
    0x45, 0x66, 0x66, 0x46, 0xc0, 0x71, 0x3d, 0x3a, 0x40, 0x00, 0x00, 0x50,
    0xb7, 0x45, 0x33, 0x33, 0x33, 0x40, 0x7b, 0x14, 0x86, 0x40, 0x00, 0x00,
    0xd0, 0x85, 0x45, 0x9a, 0x99, 0x99, 0xbf, 0x14, 0xae, 0xbf, 0x40, 0x00,
    0x00, 0x00, 0x58, 0x44, 0x00, 0x00, 0x00, 0x3f, 0xf6, 0x28, 0x6c, 0x40,
    0x00, 0x00, 0x40, 0xc0, 0x01, 0x00, 0x00, 0xd2, 0x42, 0x00, 0x00, 0xc0,
    0x3f, 0x33, 0x33, 0x33, 0x3f, 0x00, 0x00, 0x00, 0x22, 0x43, 0x9a, 0x99,
    0xd9, 0xbf, 0x1f, 0x85, 0x2b, 0x3f, 0x00, 0x00, 0xe8, 0xe9, 0x45, 0x66,
    0x66, 0x46, 0x40, 0x00, 0x00, 0xe0, 0x3f, 0x00, 0x00, 0x80, 0x1e, 0x44,
    0x9a, 0x99, 0x99, 0x3f, 0x00, 0x00, 0xc0, 0x3f, 0x00, 0x00, 0x58, 0xa6,
    0x45, 0x33, 0x33, 0xf3, 0xbf, 0x5c, 0x8f, 0xa2, 0x40, 0x02, 0x00, 0x40,
    0x1c, 0x46, 0x66, 0x66, 0xa6, 0xc0, 0x33, 0x33, 0x33, 0x3f, 0x00, 0x00,
    0x9c, 0x11, 0x46, 0x9a, 0x99, 0x19, 0x40, 0x9a, 0x99, 0x09, 0x40, 0x00,
    0x00, 0xe0, 0xa9, 0x44, 0x33, 0x33, 0x33, 0xbf, 0xa4, 0x70, 0xfd, 0x3f,
    0x00, 0x00, 0x00, 0x5e, 0x45, 0xcd, 0xcc, 0xcc, 0xbe, 0x9a, 0x99, 0x09,
    0x40, 0x00, 0x00, 0x40, 0x5b, 0x44, 0x00, 0x00, 0x00, 0x3f, 0x00, 0x00,
    0x50, 0x40, 0x00, 0x00, 0xc0, 0xc0, 0x01, 0x00, 0x00, 0xd2, 0x42, 0x9a,
    0x99, 0x19, 0x3f, 0x33, 0x33, 0x33, 0x3f, 0x00, 0x00, 0x00, 0x3c, 0x43,
    0x00, 0x00, 0x80, 0xc0, 0xf6, 0x28, 0x1c, 0x3f, 0x00, 0x00, 0x00, 0xc6,
    0x45, 0x33, 0x33, 0xc3, 0x40, 0x71, 0x3d, 0xca, 0x3f, 0x00, 0x00, 0x20,
    0x34, 0x45, 0x9a, 0x99, 0x19, 0x40, 0xa4, 0x70, 0x4d, 0x40, 0x00, 0x00,
    0x00, 0xa0, 0x41, 0xcd, 0xcc, 0xcc, 0x3e, 0x52, 0xb8, 0x1e, 0x40, 0x02,
    0x00, 0x40, 0x1c, 0x46, 0x33, 0x33, 0xb3, 0xbf, 0x33, 0x33, 0x33, 0x3f,
    0x00, 0x00, 0x80, 0x54, 0x44, 0x33, 0x33, 0x33, 0x3f, 0x3d, 0x0a, 0x17,
    0x40, 0x00, 0x00, 0xc0, 0xa1, 0x44, 0x33, 0x33, 0x33, 0xbf, 0xd7, 0xa3,
    0x20, 0x40, 0x00, 0x00, 0xd8, 0x84, 0x45, 0x66, 0x66, 0xa6, 0x3f, 0x00,
    0x00, 0xc0, 0x40, 0x00, 0x00, 0x88, 0x97, 0x45, 0xcd, 0xcc, 0x4c, 0xbf,
    0x00, 0x00, 0xc0, 0x40, 0xcd, 0xcc, 0xbc, 0xc0, 0x01, 0x00, 0x00, 0xd2,
    0x42, 0x9a, 0x99, 0x19, 0x3f, 0x33, 0x33, 0x33, 0x3f, 0x00, 0x00, 0x00,
    0x32, 0x43, 0x66, 0x66, 0x66, 0xc0, 0x9a, 0x99, 0x19, 0x3f, 0x00, 0x00,
    0x48, 0xbb, 0x45, 0x66, 0x66, 0xb6, 0x40, 0x66, 0x66, 0x46, 0x40, 0x00,
    0x00, 0xb0, 0x1f, 0x45, 0x00, 0x00, 0x80, 0x40, 0xd7, 0xa3, 0x40, 0x40,
    0x00, 0x00, 0xc0, 0x45, 0x44, 0x9a, 0x99, 0x99, 0x3f, 0xc3, 0xf5, 0xc8,
    0x3f, 0x02, 0x00, 0x40, 0x1c, 0x46, 0x9a, 0x99, 0xc9, 0xc0, 0x33, 0x33,
    0x33, 0x3f, 0x00, 0x00, 0xb8, 0xf0, 0x45, 0x33, 0x33, 0xb3, 0x3f, 0xae,
    0x47, 0xe1, 0x3f, 0x00, 0x00, 0xf0, 0x59, 0x45, 0x33, 0x33, 0xf3, 0xbf,
    0x00, 0x00, 0xc0, 0x40, 0x00, 0x00, 0xd0, 0x74, 0x45, 0x66, 0x66, 0xa6,
    0x3f, 0x29, 0x5c, 0xbf, 0x40, 0x00, 0x00, 0xc0, 0xe8, 0x44, 0x9a, 0x99,
    0x99, 0x3e, 0x7b, 0x14, 0x4e, 0x40, 0xcd, 0xcc, 0xbc, 0xc0, 0x01, 0x00,
    0x00, 0xd2, 0x42, 0xcd, 0xcc, 0x8c, 0x3f, 0x33, 0x33, 0x33, 0x3f, 0x00,
    0x00, 0x00, 0x0d, 0x43, 0x00, 0x00, 0x40, 0xc0, 0x14, 0xae, 0x07, 0x3f,
    0x00, 0x00, 0x60, 0x24, 0x45, 0x33, 0x33, 0xc3, 0x40, 0x48, 0xe1, 0x4a,
    0x40, 0x00, 0x00, 0x00, 0x12, 0x44, 0x9a, 0x99, 0x99, 0x3f, 0x8f, 0xc2,
    0x35, 0x3f, 0x00, 0x00, 0xe0, 0xb4, 0x44, 0x33, 0x33, 0xf3, 0xbf, 0xa4,
    0x70, 0x0d, 0x40, 0x02, 0x00, 0x40, 0x1c, 0x46, 0x00, 0x00, 0x20, 0xc0,
    0x33, 0x33, 0x33, 0x3f, 0x00, 0x00, 0xbc, 0x18, 0x46, 0x9a, 0x99, 0xd9,
    0x3f, 0xe1, 0x7a, 0x94, 0x3f, 0x00, 0x00, 0x80, 0x67, 0x45, 0x66, 0x66,
    0xe6, 0xbf, 0x14, 0xae, 0x9f, 0x40, 0x00, 0x00, 0xa8, 0x9f, 0x45, 0xcd,
    0xcc, 0x2c, 0x40, 0x8f, 0xc2, 0xbd, 0x40, 0x00, 0x00, 0x78, 0xbb, 0x45,
    0xcd, 0xcc, 0x0c, 0xc0, 0x00, 0x00, 0xc0, 0x40, 0x00, 0x00, 0xd0, 0xc0,
    0x01, 0x00, 0x00, 0xd2, 0x42, 0x9a, 0x99, 0xc9, 0x40, 0x33, 0x33, 0x33,
    0x3f, 0x00, 0x00, 0x00, 0x51, 0x43, 0x9a, 0x99, 0x59, 0xc0, 0xa4, 0x70,
    0xbd, 0x3e, 0x00, 0x00, 0x00, 0x41, 0x45, 0x9a, 0x99, 0x19, 0x41, 0x71,
    0x3d, 0x0a, 0x3f, 0x00, 0x00, 0x30, 0xa6, 0x45, 0xcd, 0xcc, 0xfc, 0xc0,
    0xa4, 0x70, 0x1d, 0x40, 0x00, 0x00, 0x60, 0xe5, 0x44, 0x00, 0x00, 0x00,
    0xc1, 0x00, 0x00, 0xa0, 0x3f, 0x02, 0x00, 0x40, 0x1c, 0x46, 0xcd, 0xcc,
    0xcc, 0x40, 0x33, 0x33, 0x33, 0x3f, 0x00, 0x00, 0xe0, 0xf0, 0x45, 0xcd,
    0xcc, 0x6c, 0xc0, 0x00, 0x00, 0x30, 0x40, 0x00, 0x00, 0x00, 0x13, 0x43,
    0xcd, 0xcc, 0x4c, 0x3e, 0xe1, 0x7a, 0x34, 0x40, 0x00, 0x00, 0x80, 0xbd,
    0x43, 0xcd, 0xcc, 0x4c, 0xbe, 0x8f, 0xc2, 0xf5, 0x3f, 0x00, 0x00, 0xf0,
    0xcd, 0x45, 0x66, 0x66, 0x06, 0x40, 0x00, 0x00, 0xc0, 0x40, 0x00, 0x00,
    0x80, 0xc0, 0x01, 0x00, 0x00, 0xd2, 0x42, 0x00, 0x00, 0x80, 0xc0, 0x33,
    0x33, 0x33, 0x3f, 0x00, 0x00, 0x00, 0x15, 0x43, 0xcd, 0xcc, 0x8c, 0xc0,
    0x14, 0xae, 0x87, 0x3f, 0x00, 0x00, 0xe0, 0x8c, 0x44, 0x9a, 0x99, 0x39,
    0x40, 0x71, 0x3d, 0x0a, 0x3f, 0x00, 0x00, 0xf0, 0xff, 0x45, 0x33, 0x33,
    0x73, 0x40, 0xc3, 0xf5, 0xa8, 0x3f, 0x00, 0x00, 0x80, 0x8d, 0x43, 0xcd,
    0xcc, 0x2c, 0xc0, 0xc3, 0xf5, 0xc8, 0x3f, 0x02, 0x00, 0x40, 0x1c, 0x46,
    0xcd, 0xcc, 0x4c, 0x3e, 0x33, 0x33, 0x33, 0x3f, 0x00, 0x00, 0xa8, 0x90,
    0x45, 0x9a, 0x99, 0x99, 0xbf, 0xf6, 0x28, 0x2c, 0x40, 0x00, 0x00, 0x40,
    0xef, 0x44, 0x33, 0x33, 0x33, 0x3f, 0xf6, 0x28, 0xfc, 0x3f, 0x00, 0x00,
    0x40, 0x9c, 0x44, 0x9a, 0x99, 0x19, 0xbf, 0x52, 0xb8, 0x1e, 0x40, 0x00,
    0x00, 0xb0, 0xc4, 0x45, 0x00, 0x00, 0xc0, 0x3f, 0xb8, 0x1e, 0xb5, 0x40,
    0x66, 0x66, 0x86, 0xc0, 0x01, 0x00, 0x00, 0xd2, 0x42, 0x9a, 0x99, 0xd9,
    0xbf, 0x33, 0x33, 0x33, 0x3f, 0x00, 0x00, 0x00, 0x56, 0x43, 0x33, 0x33,
    0x53, 0xc0, 0x33, 0x33, 0x33, 0x3f, 0x00, 0x00, 0xb4, 0x10, 0x46, 0xcd,
    0xcc, 0x8c, 0x40, 0x71, 0x3d, 0x8a, 0x3f, 0x00, 0x00, 0x00, 0x2e, 0x44,
    0x00, 0x00, 0x40, 0x40, 0x9a, 0x99, 0x59, 0x3f, 0x00, 0x00, 0x00, 0xee,
    0x42, 0x33, 0x33, 0xb3, 0xbf, 0xa4, 0x70, 0xdd, 0x3f, 0x02, 0x00, 0x40,
    0x1c, 0x46, 0xcd, 0xcc, 0xcc, 0xbe, 0x33, 0x33, 0x33, 0x3f, 0x00, 0x00,
    0x20, 0x51, 0x45, 0xcd, 0xcc, 0x8c, 0xbf, 0xae, 0x47, 0x01, 0x40, 0x00,
    0x00, 0xe0, 0x08, 0x45, 0xcd, 0xcc, 0x8c, 0x3f, 0x3d, 0x0a, 0x37, 0x40,
    0x00, 0x00, 0xe0, 0xbc, 0x45, 0x66, 0x66, 0xa6, 0x3f, 0x7b, 0x14, 0xae,
    0x40, 0x00, 0x00, 0x80, 0x99, 0x44, 0xcd, 0xcc, 0xcc, 0xbe, 0x71, 0x3d,
    0x7a, 0x40, 0x9a, 0x99, 0xb9, 0xc0, 0x01, 0x00, 0x00, 0xd2, 0x42, 0xcd,
    0xcc, 0xcc, 0x3e, 0x33, 0x33, 0x33, 0x3f, 0x00, 0x00, 0x00, 0x40, 0x43,
    0x9a, 0x99, 0xf9, 0xc0, 0x85, 0xeb, 0xd1, 0x3e, 0x00, 0x00, 0x90, 0x3f,
    0x45, 0x66, 0x66, 0xc6, 0x40, 0x85, 0xeb, 0x51, 0x3f, 0x00, 0x00, 0x40,
    0x0b, 0x44, 0xcd, 0xcc, 0x0c, 0x41, 0x33, 0x33, 0x73, 0x3f, 0x00, 0x00,
    0xe0, 0x99, 0x44, 0x66, 0x66, 0xb6, 0xc0, 0x0a, 0xd7, 0xa3, 0x3f, 0x02,
    0x00, 0x40, 0x1c, 0x46, 0x33, 0x33, 0xa3, 0x40, 0x33, 0x33, 0x33, 0x3f,
    0x00, 0x00, 0x90, 0xa3, 0x45, 0x66, 0x66, 0x66, 0xc0, 0xf6, 0x28, 0xbc,
    0x40, 0x00, 0x00, 0x28, 0xc3, 0x45, 0x9a, 0x99, 0x99, 0x3f, 0xd7, 0xa3,
    0xb0, 0x40, 0x00, 0x00, 0x00, 0x18, 0x42, 0x9a, 0x99, 0x99, 0xbe, 0x5c,
    0x8f, 0x02, 0x40, 0x00, 0x00, 0xf0, 0x82, 0x45, 0xcd, 0xcc, 0x4c, 0x3f,
    0x14, 0xae, 0x9f, 0x40, 0x9a, 0x99, 0xb9, 0xc0, 0x01, 0x00, 0x00, 0xd2,
    0x42, 0x00, 0x00, 0x00, 0x80, 0x33, 0x33, 0x33, 0x3f, 0x00, 0x00, 0x00,
    0x07, 0x43, 0x9a, 0x99, 0xa9, 0xc0, 0x0a, 0xd7, 0x83, 0x3f, 0x00, 0x00,
    0x30, 0x93, 0x45, 0xcd, 0xcc, 0xcc, 0x40, 0x00, 0x00, 0xa0, 0x3f, 0x00,
    0x00, 0x40, 0xde, 0x44, 0x9a, 0x99, 0x99, 0x3f, 0x1f, 0x85, 0x93, 0x40,
    0x00, 0x00, 0xd8, 0xb5, 0x45, 0x66, 0x66, 0xd6, 0xc0, 0xe1, 0x7a, 0xbc,
    0x40, 0x02, 0x00, 0x40, 0x1c, 0x46, 0x66, 0x66, 0xa6, 0x40, 0x33, 0x33,
    0x33, 0x3f, 0x00, 0x00, 0x40, 0x24, 0x45, 0x9a, 0x99, 0xd9, 0xbf, 0x00,
    0x00, 0x90, 0x40, 0x00, 0x00, 0x00, 0xb1, 0x43, 0x00, 0x00, 0x00, 0x3f,
    0x8f, 0xc2, 0x05, 0x40, 0x00, 0x00, 0xe0, 0x00, 0x45, 0x9a, 0x99, 0x19,
    0x3f, 0x9a, 0x99, 0x79, 0x40, 0x00, 0x00, 0x48, 0xf9, 0x45, 0x33, 0x33,
    0xf3, 0xbf, 0x0a, 0xd7, 0xb3, 0x40, 0x33, 0x33, 0xa3, 0xc0, 0x01, 0x00,
    0x00, 0xd2, 0x42, 0x66, 0x66, 0x66, 0xc0, 0x33, 0x33, 0x33, 0x3f, 0x00,
    0x00, 0x00, 0x32, 0x43, 0x00, 0x00, 0x80, 0xc0, 0x52, 0xb8, 0x5e, 0x3f,
    0x00, 0x00, 0x00, 0xb8, 0x45, 0x33, 0x33, 0xa3, 0x40, 0xe1, 0x7a, 0xf4,
    0x3f, 0x00, 0x00, 0x40, 0x09, 0x45, 0x00, 0x00, 0x40, 0x40, 0x71, 0x3d,
    0xea, 0x3f, 0x00, 0x00, 0x00, 0x64, 0x42, 0x00, 0x00, 0x80, 0x3f, 0xa4,
    0x70, 0x9d, 0x3f, 0x02, 0x00, 0x40, 0x1c, 0x46, 0x33, 0x33, 0xa3, 0xc0,
    0x33, 0x33, 0x33, 0x3f, 0x00, 0x00, 0x80, 0x3d, 0x44, 0x00, 0x00, 0xc0,
    0x3f, 0x14, 0xae, 0xc7, 0x3f, 0x00, 0x00, 0x80, 0x09, 0x46, 0x66, 0x66,
    0x26, 0x40, 0x7b, 0x14, 0x2e, 0x40, 0x00, 0x00, 0x80, 0x98, 0x43, 0xcd,
    0xcc, 0x4c, 0xbf, 0x33, 0x33, 0x13, 0x40, 0x00, 0x00, 0xb0, 0x5e, 0x45,
    0x00, 0x00, 0xc0, 0xbf, 0x66, 0x66, 0x96, 0x40, 0x66, 0x66, 0x06, 0xc0,
    0x01, 0x00, 0x00, 0xd2, 0x42, 0x00, 0x00, 0x60, 0xc0, 0x33, 0x33, 0x33,
    0x3f, 0x00, 0x00, 0x80, 0x35, 0x44, 0xcd, 0xcc, 0x0c, 0x40, 0xf6, 0x28,
    0x5c, 0x3f, 0x00, 0x00, 0x50, 0x4d, 0x45, 0xcd, 0xcc, 0x4c, 0xc0, 0x85,
    0xeb, 0x11, 0x40, 0x00, 0x00, 0x00, 0x3f, 0x43, 0x00, 0x00, 0xc0, 0xbf,
    0x48, 0xe1, 0xda, 0x3f, 0x00, 0x00, 0x90, 0xc8, 0x45, 0xcd, 0xcc, 0x0c,
    0x40, 0x29, 0x5c, 0xef, 0x3f, 0x02, 0x00, 0x40, 0x1c, 0x46, 0x33, 0x33,
    0x33, 0xc0, 0x33, 0x33, 0x33, 0x3f, 0x00, 0x00, 0x00, 0x8a, 0x42, 0xcd,
    0xcc, 0xcc, 0x3f, 0x3d, 0x0a, 0x07, 0x40, 0x00, 0x00, 0xe8, 0x15, 0x46,
    0x00, 0x00, 0xc0, 0x3f, 0x7b, 0x14, 0x0e, 0x40, 0x00, 0x00, 0x00, 0x07,
    0x43, 0x9a, 0x99, 0x19, 0xbf, 0x71, 0x3d, 0x1a, 0x40, 0x00, 0x00, 0x90,
    0x02, 0x45, 0x9a, 0x99, 0x19, 0x3f, 0x5c, 0x8f, 0x8a, 0x40, 0x33, 0x33,
    0x13, 0xc0, 0x01, 0x00, 0x00, 0xd2, 0x42, 0x9a, 0x99, 0x79, 0xc0, 0x33,
    0x33, 0x33, 0x3f, 0x00, 0x00, 0x80, 0x3c, 0x44, 0x33, 0x33, 0x13, 0x40,
    0x33, 0x33, 0x93, 0x3f, 0x00, 0x00, 0x00, 0x46, 0x43, 0x9a, 0x99, 0xd9,
    0xbf, 0xf6, 0x28, 0xdc, 0x3f, 0x00, 0x00, 0x58, 0xc6, 0x45, 0x9a, 0x99,
    0x19, 0x40, 0xcd, 0xcc, 0xcc, 0x3f, 0x00, 0x00, 0x00, 0x51, 0x45, 0xcd,
    0xcc, 0x2c, 0xc0, 0x9a, 0x99, 0x19, 0x40, 0x02, 0x00, 0x40, 0x1c, 0x46,
    0x66, 0x66, 0xe6, 0xbf, 0x33, 0x33, 0x33, 0x3f, 0x00, 0x00, 0x00, 0x8e,
    0x42, 0x66, 0x66, 0xe6, 0x3f, 0x00, 0x00, 0x00, 0x40, 0x00, 0x00, 0x00,
    0x09, 0x43, 0x9a, 0x99, 0x19, 0xbf, 0x71, 0x3d, 0x1a, 0x40, 0x00, 0x00,
    0xa0, 0x03, 0x45, 0x33, 0x33, 0x33, 0x3f, 0xd7, 0xa3, 0x70, 0x40, 0x00,
    0x00, 0x00, 0xaf, 0x44, 0x00, 0x00, 0x00, 0xbf, 0x3d, 0x0a, 0x47, 0x40,
    0xcd, 0xcc, 0xdc, 0xc0, 0x01, 0x00, 0x00, 0xd2, 0x42, 0x66, 0x66, 0x26,
    0xc0, 0x33, 0x33, 0x33, 0x3f, 0x00, 0x00, 0x40, 0x14, 0x44, 0x66, 0x66,
    0xa6, 0x3f, 0xe1, 0x7a, 0x14, 0x40, 0x00, 0x00, 0x00, 0x23, 0x43, 0x00,
    0x00, 0xc0, 0xbf, 0x66, 0x66, 0x16, 0x40, 0x00, 0x00, 0x00, 0xb8, 0x45,
    0x66, 0x66, 0x96, 0xc0, 0x1f, 0x85, 0xbb, 0x40, 0x00, 0x00, 0x98, 0xee,
    0x45, 0x00, 0x00, 0x20, 0x40, 0x71, 0x3d, 0x5a, 0x40, 0x02, 0x00, 0x40,
    0x1c, 0x46, 0xcd, 0xcc, 0xdc, 0x40, 0x33, 0x33, 0x33, 0x3f, 0x00, 0x00,
    0x24, 0x15, 0x46, 0x33, 0x33, 0x33, 0xc0, 0x29, 0x5c, 0xcf, 0x3f, 0x00,
    0x00, 0x00, 0x92, 0x42, 0x33, 0x33, 0x33, 0x3f, 0x9a, 0x99, 0x09, 0x40,
    0x00, 0x00, 0x20, 0x93, 0x44, 0x66, 0x66, 0x66, 0xbf, 0x48, 0xe1, 0x6a,
    0x40, 0x00, 0x00, 0x20, 0x17, 0x45, 0x66, 0x66, 0x66, 0x3f, 0x7b, 0x14,
    0x5e, 0x40, 0x9a, 0x99, 0x89, 0xc0, 0x01, 0x00, 0x00, 0xd2, 0x42, 0x9a,
    0x99, 0x99, 0x3e, 0x33, 0x33, 0x33, 0x3f, 0x00, 0x00, 0x00, 0x0c, 0x43,
    0x33, 0x33, 0x33, 0xc0, 0x85, 0xeb, 0xb1, 0x3f, 0x00, 0x00, 0xb8, 0xdb,
    0x45, 0xcd, 0xcc, 0x6c, 0x40, 0x33, 0x33, 0xf3, 0x3f, 0x00, 0x00, 0x00,
    0xdd, 0x43, 0xcd, 0xcc, 0xcc, 0xbf, 0x1f, 0x85, 0xab, 0x3f, 0x00, 0x00,
    0x20, 0xf7, 0x44, 0x66, 0x66, 0xe6, 0x3f, 0x8f, 0xc2, 0xb5, 0x3f, 0x02,
    0x00, 0x40, 0x1c, 0x46, 0x9a, 0x99, 0x79, 0x40, 0x33, 0x33, 0x33, 0x3f,
    0x00, 0x00, 0x10, 0x6f, 0x45, 0x9a, 0x99, 0xd9, 0x3f, 0xcd, 0xcc, 0x6c,
    0x40, 0x00, 0x00, 0x80, 0x9f, 0x45, 0xcd, 0xcc, 0x0c, 0xc0, 0x3d, 0x0a,
    0xaf, 0x40, 0x00, 0x00, 0x00, 0x54, 0x42, 0x9a, 0x99, 0x99, 0x3e, 0x0a,
    0xd7, 0xe3, 0x3f, 0x00, 0x00, 0x90, 0x26, 0x45, 0xcd, 0xcc, 0x4c, 0xbf,
    0x29, 0x5c, 0x97, 0x40, 0x9a, 0x99, 0x79, 0xc0, 0x01, 0x00, 0x00, 0xd2,
    0x42, 0x66, 0x66, 0x86, 0x40, 0x33, 0x33, 0x33, 0x3f, 0x00, 0x00, 0x00,
    0xf2, 0x42, 0x66, 0x66, 0x66, 0xc0, 0xcd, 0xcc, 0x0c, 0x3f, 0x00, 0x00,
    0xf8, 0x81, 0x45, 0xcd, 0xcc, 0x0c, 0x40, 0xa4, 0x70, 0x0d, 0x40, 0x00,
    0x00, 0xc8, 0xe0, 0x45, 0x00, 0x00, 0x20, 0x40, 0x00, 0x00, 0x70, 0x40,
    0x00, 0x00, 0x40, 0x67, 0x44, 0x33, 0x33, 0xb3, 0x3f, 0xc3, 0xf5, 0x18,
    0x40, 0x02, 0x00, 0x40, 0x1c, 0x46, 0x33, 0x33, 0x93, 0xc0, 0x33, 0x33,
    0x33, 0x3f, 0x00, 0x00, 0x5c, 0x0c, 0x46, 0x00, 0x00, 0x00, 0x40, 0x48,
    0xe1, 0x2a, 0x40, 0x00, 0x00, 0xa0, 0xf2, 0x44, 0x9a, 0x99, 0x99, 0x3f,
    0x29, 0x5c, 0x3f, 0x40, 0x00, 0x00, 0xa0, 0x22, 0x45, 0xcd, 0xcc, 0x4c,
    0xbf, 0x29, 0x5c, 0x8f, 0x40, 0x00, 0x00, 0xc0, 0x77, 0x44, 0x9a, 0x99,
    0x99, 0xbe, 0x66, 0x66, 0x56, 0x40, 0x00, 0x00, 0xf0, 0xc0, 0x01, 0x00,
    0x00, 0xd2, 0x42, 0x9a, 0x99, 0x19, 0xbf, 0x33, 0x33, 0x33, 0x3f, 0x00,
    0x00, 0x00, 0x30, 0x43, 0x66, 0x66, 0x86, 0xc0, 0x9a, 0x99, 0x19, 0x3f,
    0x00, 0x00, 0xd4, 0x1b, 0x46, 0xcd, 0xcc, 0x6c, 0x40, 0xae, 0x47, 0x81,
    0x3f, 0x00, 0x00, 0x60, 0xc5, 0x45, 0xcd, 0xcc, 0x8c, 0x40, 0xc3, 0xf5,
    0x68, 0x3f, 0x00, 0x00, 0x00, 0xf9, 0x43, 0x33, 0x33, 0xb3, 0xbf, 0x48,
    0xe1, 0xba, 0x3f, 0x02, 0x00, 0x40, 0x1c, 0x46, 0xcd, 0xcc, 0x6c, 0x40,
    0x33, 0x33, 0x33, 0x3f, 0x00, 0x00, 0x80, 0xd8, 0x44, 0x9a, 0x99, 0x99,
    0x3f, 0x85, 0xeb, 0x11, 0x40, 0x00, 0x00, 0x60, 0x76, 0x45, 0xcd, 0xcc,
    0x4c, 0xbf, 0x66, 0x66, 0x46, 0x40, 0x00, 0x00, 0x80, 0x74, 0x44, 0x9a,
    0x99, 0x99, 0xbe, 0x52, 0xb8, 0xbe, 0x3f, 0x00, 0x00, 0x00, 0x18, 0x42,
    0xcd, 0xcc, 0x4c, 0xbe, 0xae, 0x47, 0x01, 0x40, 0x66, 0x66, 0x26, 0xc0,
    0x01, 0x00, 0x00, 0xd2, 0x42, 0xcd, 0xcc, 0xac, 0x40, 0x33, 0x33, 0x33,
    0x3f, 0x00, 0x00, 0x00, 0x88, 0x42, 0x9a, 0x99, 0x99, 0xc0, 0x71, 0x3d,
    0x8a, 0x3e, 0x00, 0x00, 0x20, 0xac, 0x44, 0x66, 0x66, 0x26, 0x40, 0x52,
    0xb8, 0x9e, 0x3e, 0x00, 0x00, 0xc0, 0xe1, 0x44, 0x00, 0x00, 0x60, 0xc0,
    0xe1, 0x7a, 0x94, 0x3f, 0x00, 0x00, 0xd8, 0xd6, 0x45, 0x66, 0x66, 0xe6,
    0x3f, 0x29, 0x5c, 0x5f, 0x40, 0x02, 0x00, 0x40, 0x1c, 0x46, 0x33, 0x33,
    0x13, 0x40, 0x33, 0x33, 0x33, 0x3f, 0x00, 0x00, 0xd0, 0x6a, 0x45, 0x9a,
    0x99, 0x99, 0x3e, 0x0a, 0xd7, 0x23, 0x40, 0x00, 0x00, 0x08, 0x9e, 0x45,
    0x33, 0x33, 0x33, 0xbf, 0x66, 0x66, 0xb6, 0x40, 0x00, 0x00, 0x80, 0xe0,
    0x43, 0x9a, 0x99, 0x99, 0x3e, 0xcd, 0xcc, 0x84, 0x40, 0x00, 0x00, 0x40,
    0x29, 0x44, 0xcd, 0xcc, 0x4c, 0xbe, 0x00, 0x00, 0x30, 0x40, 0x33, 0x33,
    0x93, 0xc0, 0x01, 0x00, 0x00, 0xd2, 0x42, 0x9a, 0x99, 0x99, 0xc0, 0x33,
    0x33, 0x33, 0x3f, 0x00, 0x00, 0x30, 0x2f, 0x45, 0x9a, 0x99, 0xa9, 0xc0,
    0x5c, 0x8f, 0x12, 0x40, 0x00, 0x00, 0x60, 0x9d, 0x45, 0x33, 0x33, 0xa3,
    0x40, 0x7b, 0x14, 0x1e, 0x40, 0x00, 0x00, 0x00, 0x9a, 0x42, 0x66, 0x66,
    0x66, 0x40, 0x7b, 0x14, 0x2e, 0x3f, 0x00, 0x00, 0x40, 0xf2, 0x44, 0x66,
    0x66, 0x66, 0xbf, 0xcd, 0xcc, 0xcc, 0x3f, 0x02, 0x00, 0x40, 0x1c, 0x46,
    0x66, 0x66, 0xe6, 0xbf, 0x33, 0x33, 0x33, 0x3f, 0x00, 0x00, 0x40, 0x4a,
    0x44, 0x66, 0x66, 0x06, 0x40, 0xd7, 0xa3, 0x00, 0x40, 0x00, 0x00, 0x20,
    0xa0, 0x44, 0x00, 0x00, 0x80, 0xbf, 0x3d, 0x0a, 0x17, 0x40, 0x00, 0x00,
    0xe8, 0xdc, 0x45, 0xcd, 0xcc, 0xcc, 0xbf, 0x3d, 0x0a, 0xbf, 0x40, 0x00,
    0x00, 0xd8, 0xbb, 0x45, 0x33, 0x33, 0xb3, 0x3f, 0x00, 0x00, 0xc0, 0x40,
    0xcd, 0xcc, 0xcc, 0xc0, 0x01, 0x00, 0x00, 0xd2, 0x42, 0x00, 0x00, 0xd0,
    0xc0, 0x33, 0x33, 0x33, 0x3f, 0x00, 0x00, 0x00, 0x38, 0x43, 0x9a, 0x99,
    0xd9, 0xbf, 0x85, 0xeb, 0x51, 0x3f, 0x00, 0x00, 0x28, 0xde, 0x45, 0x00,
    0x00, 0xc0, 0x40, 0x29, 0x5c, 0x4f, 0x40, 0x00, 0x00, 0x00, 0x04, 0x42,
    0x33, 0x33, 0xb3, 0xbf, 0x7b, 0x14, 0x8e, 0x3f, 0x00, 0x00, 0x00, 0xb4,
    0x42, 0xcd, 0xcc, 0xcc, 0x3f, 0x9a, 0x99, 0xb9, 0x3f, 0x02, 0x00, 0x40,
    0x1c, 0x46, 0x9a, 0x99, 0x59, 0x40, 0x33, 0x33, 0x33, 0x3f, 0x00, 0x00,
    0x20, 0x33, 0x45, 0x9a, 0x99, 0x39, 0xc0, 0xe1, 0x7a, 0x64, 0x40, 0x00,
    0x00, 0x00, 0xf4, 0x44, 0x66, 0x66, 0x66, 0x3f, 0x71, 0x3d, 0x1a, 0x40,
    0x00, 0x00, 0x40, 0x4c, 0x44, 0x33, 0x33, 0x33, 0x3f, 0x66, 0x66, 0x16,
    0x40, 0x00, 0x00, 0x80, 0xa2, 0x45, 0x66, 0x66, 0xe6, 0xbf, 0x00, 0x00,
    0xc0, 0x40, 0x66, 0x66, 0xa6, 0xc0, 0x01, 0x00, 0x00, 0xd2, 0x42, 0xcd,
    0xcc, 0x8c, 0xbf, 0x33, 0x33, 0x33, 0x3f, 0x00, 0x00, 0x00, 0x27, 0x43,
    0x9a, 0x99, 0x89, 0xc0, 0x66, 0x66, 0x66, 0x3f, 0x00, 0x00, 0xe0, 0xc4,
    0x44, 0x9a, 0x99, 0xa9, 0x40, 0x33, 0x33, 0x73, 0x3f, 0x00, 0x00, 0x00,
    0xa4, 0x42, 0xcd, 0xcc, 0x4c, 0x3f, 0x52, 0xb8, 0x5e, 0x3f, 0x00, 0x00,
    0x00, 0x9e, 0x43, 0x66, 0x66, 0xa6, 0xbf, 0xe1, 0x7a, 0xd4, 0x3f, 0x02,
    0x00, 0x40, 0x1c, 0x46, 0x9a, 0x99, 0xd9, 0xbf, 0x33, 0x33, 0x33, 0x3f,
    0x00, 0x00, 0xec, 0x0d, 0x46, 0xcd, 0xcc, 0x2c, 0xc0, 0x66, 0x66, 0xe6,
    0x3f, 0x00, 0x00, 0x48, 0x8e, 0x45, 0x33, 0x33, 0xf3, 0x3f, 0x00, 0x00,
    0xc0, 0x40, 0x00, 0x00, 0x80, 0x49, 0x44, 0xcd, 0xcc, 0x8c, 0x3f, 0xec,
    0x51, 0x80, 0x40, 0x00, 0x00, 0x00, 0x7e, 0x44, 0x9a, 0x99, 0x19, 0xbf,
    0xc3, 0xf5, 0x58, 0x40, 0x33, 0x33, 0xd3, 0xc0, 0x01, 0x00, 0x00, 0xd2,
    0x42, 0xcd, 0xcc, 0x2c, 0x40, 0x33, 0x33, 0x33, 0x3f, 0x00, 0x00, 0x00,
    0x17, 0x43, 0x00, 0x00, 0x60, 0xc0, 0xc3, 0xf5, 0x28, 0x3f, 0x00, 0x00,
    0xa0, 0x23, 0x45, 0x33, 0x33, 0xd3, 0x40, 0xc3, 0xf5, 0x38, 0x40, 0x00,
    0x00, 0x00, 0x16, 0x44, 0xcd, 0xcc, 0xcc, 0x3f, 0x66, 0x66, 0xc6, 0x3f,
    0x00, 0x00, 0x58, 0x97, 0x45, 0x33, 0x33, 0x73, 0xc0, 0xae, 0x47, 0xa1,
    0x40, 0x02, 0x00, 0x40, 0x1c, 0x46, 0x9a, 0x99, 0x59, 0xc0, 0x33, 0x33,
    0x33, 0x3f, 0x00, 0x00, 0xe0, 0xcb, 0x45, 0xcd, 0xcc, 0x4c, 0x40, 0x00,
    0x00, 0xc0, 0x40, 0x00, 0x00, 0x20, 0xaa, 0x44, 0x00, 0x00, 0x80, 0xbf,
    0xec, 0x51, 0xf8, 0x3f, 0x00, 0x00, 0x00, 0x61, 0x44, 0xcd, 0xcc, 0xcc,
    0x3e, 0xd7, 0xa3, 0x10, 0x40, 0x00, 0x00, 0x10, 0x35, 0x45, 0xcd, 0xcc,
    0xcc, 0x3e, 0x3d, 0x0a, 0xbf, 0x40, 0x00, 0x00, 0x90, 0xc0, 0x01, 0x00,
    0x00, 0xd2, 0x42, 0x33, 0x33, 0x13, 0xc0, 0x33, 0x33, 0x33, 0x3f, 0x00,
    0x00, 0x00, 0x2d, 0x43, 0x66, 0x66, 0xa6, 0xc0, 0x14, 0xae, 0x47, 0x3f,
    0x00, 0x00, 0xc0, 0x3f, 0x44, 0x9a, 0x99, 0x39, 0x40, 0xd7, 0xa3, 0x90,
    0x3f, 0x00, 0x00, 0xd0, 0x3f, 0x45, 0x66, 0x66, 0x86, 0x40, 0xec, 0x51,
    0x38, 0x40, 0x00, 0x00, 0xd0, 0xb8, 0x45, 0x33, 0x33, 0x83, 0x40, 0x7b,
    0x14, 0x3e, 0x40, 0x02, 0x00, 0x40, 0x1c, 0x46, 0xcd, 0xcc, 0x8c, 0xbf,
    0x33, 0x33, 0x33, 0x3f, 0x00, 0x00, 0x08, 0x09, 0x46, 0x33, 0x33, 0xb3,
    0x3f, 0xb8, 0x1e, 0x95, 0x40, 0x00, 0x00, 0x00, 0x18, 0x42, 0xcd, 0xcc,
    0x4c, 0xbe, 0x85, 0xeb, 0xf1, 0x3f, 0x00, 0x00, 0xa0, 0xf7, 0x44, 0xcd,
    0xcc, 0xcc, 0xbe, 0x9a, 0x99, 0x81, 0x40, 0x00, 0x00, 0x00, 0x07, 0x43,
    0x9a, 0x99, 0x99, 0xbe, 0xcd, 0xcc, 0xac, 0x40, 0x33, 0x33, 0x73, 0xc0,
    0x01, 0x00, 0x00, 0xd2, 0x42, 0x66, 0x66, 0xe6, 0xbf, 0x33, 0x33, 0x33,
    0x3f, 0x00, 0x00, 0x00, 0x2c, 0x43, 0x00, 0x00, 0x60, 0xc0, 0xb8, 0x1e,
    0x85, 0x3f, 0x00, 0x00, 0x88, 0xb4, 0x45, 0x00, 0x00, 0x60, 0x40, 0x5c,
    0x8f, 0x62, 0x40, 0x00, 0x00, 0xd0, 0x3e, 0x45, 0x9a, 0x99, 0x59, 0x40,
    0x71, 0x3d, 0x0a, 0x40, 0x00, 0x00, 0xc0, 0x25, 0x44, 0x33, 0x33, 0xb3,
    0x3f, 0x1f, 0x85, 0xeb, 0x3f, 0x02, 0x00, 0x40, 0x1c, 0x46, 0x33, 0x33,
    0xf3, 0xbf, 0x33, 0x33, 0x33, 0x3f, 0x00, 0x00, 0xc0, 0xa6, 0x44, 0x66,
    0x66, 0x66, 0xbf, 0x7b, 0x14, 0x6e, 0x40, 0x00, 0x00, 0x68, 0x88, 0x45,
    0x00, 0x00, 0xc0, 0x3f, 0x14, 0xae, 0xbf, 0x40, 0x00, 0x00, 0xa0, 0x72,
    0x45, 0x00, 0x00, 0x80, 0xbf, 0x00, 0x00, 0xc0, 0x40, 0x00, 0x00, 0x00,
    0xcb, 0x44, 0x66, 0x66, 0x66, 0x3f, 0x00, 0x00, 0xc0, 0x40, 0x66, 0x66,
    0xc6, 0xc0, 0x01, 0x00, 0x00, 0xd2, 0x42, 0x66, 0x66, 0xa6, 0x3f, 0x33,
    0x33, 0x33, 0x3f, 0x00, 0x00, 0xf0, 0x53, 0x45, 0x00, 0x00, 0xc0, 0x40,
    0xe1, 0x7a, 0x94, 0x3f, 0x00, 0x00, 0x00, 0x3b, 0x43, 0xcd, 0xcc, 0x2c,
    0xc0, 0x9a, 0x99, 0x19, 0x3f, 0x00, 0x00, 0x80, 0xaf, 0x44, 0x66, 0x66,
    0x26, 0xc0, 0xd7, 0xa3, 0xb0, 0x3f, 0x00, 0x00, 0x90, 0x1e, 0x45, 0xcd,
    0xcc, 0xcc, 0x3f, 0xa4, 0x70, 0x2d, 0x40, 0x02, 0x00, 0x40, 0x1c, 0x46,
    0xcd, 0xcc, 0xcc, 0x3e, 0x33, 0x33, 0x33, 0x3f, 0x00, 0x00, 0x90, 0x12,
    0x46, 0xcd, 0xcc, 0x4c, 0x3f, 0x8f, 0xc2, 0x05, 0x40, 0x00, 0x00, 0x88,
    0xdb, 0x45, 0x66, 0x66, 0x66, 0xbf, 0x48, 0xe1, 0x92, 0x40, 0x00, 0x00,
    0x00, 0x8e, 0x42, 0xcd, 0xcc, 0x4c, 0x3e, 0x14, 0xae, 0x07, 0x40, 0x00,
    0x00, 0x00, 0xe8, 0x42, 0xcd, 0xcc, 0x4c, 0xbe, 0xb8, 0x1e, 0x15, 0x40,
    0x9a, 0x99, 0xc9, 0xc0, 0x01, 0x00, 0x00, 0xd2, 0x42, 0x66, 0x66, 0x46,
    0x40, 0x33, 0x33, 0x33, 0x3f, 0x00, 0x00, 0x00, 0x17, 0x43, 0x00, 0x00,
    0xd0, 0xc0, 0x66, 0x66, 0xe6, 0x3e, 0x00, 0x00, 0x10, 0x74, 0x45, 0xcd,
    0xcc, 0x6c, 0x40, 0x9a, 0x99, 0x29, 0x40, 0x00, 0x00, 0x80, 0xde, 0x44,
    0x33, 0x33, 0x0b, 0xc1, 0x85, 0xeb, 0x01, 0x40, 0x00, 0x00, 0x88, 0xee,
    0x45, 0x9a, 0x99, 0xc9, 0x40, 0x9a, 0x99, 0x19, 0x3f, 0x02, 0x00, 0x40,
    0x1c, 0x46, 0xcd, 0xcc, 0xcc, 0xbf, 0x33, 0x33, 0x33, 0x3f, 0x00, 0x00,
    0x00, 0x58, 0x44, 0x9a, 0x99, 0xd9, 0x3f, 0x00, 0x00, 0xe0, 0x3f, 0x00,
    0x00, 0x80, 0x98, 0x43, 0xcd, 0xcc, 0x4c, 0xbf, 0x1f, 0x85, 0xab, 0x3f,
    0x00, 0x00, 0x80, 0xaa, 0x44, 0x66, 0x66, 0x66, 0xbf, 0x33, 0x33, 0x23,
    0x40, 0x00, 0x00, 0x00, 0xfe, 0x42, 0x9a, 0x99, 0x99, 0x3e, 0xa4, 0x70,
    0x9d, 0x3f, 0x9a, 0x99, 0xc9, 0xc0, 0x01, 0x00, 0x00, 0xd2, 0x42, 0x9a,
    0x99, 0xc9, 0x40, 0x33, 0x33, 0x33, 0x3f, 0x00, 0x00, 0x80, 0x7d, 0x44,
    0x9a, 0x99, 0x09, 0xc1, 0x14, 0xae, 0x07, 0x3f, 0x00, 0x00, 0x98, 0xa4,
    0x45, 0x9a, 0x99, 0xb9, 0x40, 0xa4, 0x70, 0xbd, 0x3e, 0x00, 0x00, 0x20,
    0x81, 0x44, 0x66, 0x66, 0x16, 0x41, 0xe1, 0x7a, 0x04, 0x40, 0x00, 0x00,
    0x00, 0x28, 0x43, 0x9a, 0x99, 0xd9, 0xbf, 0x9a, 0x99, 0x59, 0x3f, 0x02,
    0x00, 0x40, 0x1c, 0x46, 0xcd, 0xcc, 0xfc, 0xc0, 0x33, 0x33, 0x33, 0x3f,
    0x00, 0x00, 0x30, 0x8a, 0x45, 0x66, 0x66, 0xa6, 0xc0, 0x0a, 0xd7, 0xbb,
    0x40, 0x00, 0x00, 0xe0, 0x47, 0x45, 0xcd, 0xcc, 0xcc, 0x3f, 0x52, 0xb8,
    0x2e, 0x40, 0x00, 0x00, 0x60, 0x01, 0x46, 0xcd, 0xcc, 0x6c, 0x40, 0xf6,
    0x28, 0x84, 0x40, 0x00, 0x00, 0x88, 0xaf, 0x45, 0x66, 0x66, 0x06, 0x40,
    0xec, 0x51, 0x48, 0x40, 0x00, 0x00, 0xc0, 0xc0, 0x01, 0x00, 0x00, 0xd2,
    0x42, 0x9a, 0x99, 0xc9, 0x40, 0x33, 0x33, 0x33, 0x3f, 0x00, 0x00, 0x80,
    0xc7, 0x43, 0x33, 0x33, 0x53, 0xc0, 0xec, 0x51, 0x38, 0x3e, 0x00, 0x00,
    0xe0, 0x82, 0x44, 0x66, 0x66, 0xe6, 0x40, 0xec, 0x51, 0xf8, 0x3f, 0x00,
    0x00, 0x00, 0x6d, 0x45, 0x33, 0x33, 0xc3, 0x40, 0x9a, 0x99, 0xf9, 0x3f,
    0x00, 0x00, 0x68, 0xa3, 0x45, 0x33, 0x33, 0xf3, 0xc0, 0x85, 0xeb, 0xa9,
    0x40, 0x02, 0x00, 0x40, 0x1c, 0x46, 0x66, 0x66, 0xe6, 0xc0, 0x33, 0x33,
    0x33, 0x3f, 0x00, 0x00, 0xd8, 0x08, 0x46, 0xcd, 0xcc, 0xac, 0x40, 0x66,
    0x66, 0xe6, 0x3f, 0x00, 0x00, 0x30, 0xb8, 0x45, 0x00, 0x00, 0x00, 0xc0,
    0xd7, 0xa3, 0xb8, 0x40, 0x00, 0x00, 0xc0, 0xdc, 0x44, 0x9a, 0x99, 0x99,
    0xbf, 0x00, 0x00, 0xc0, 0x40, 0x00, 0x00, 0x80, 0x01, 0x44, 0xcd, 0xcc,
    0xcc, 0x3e, 0x52, 0xb8, 0x0e, 0x40, 0x9a, 0x99, 0x59, 0xc0, 0x01, 0x00,
    0x00, 0xd2, 0x42, 0x9a, 0x99, 0x59, 0xc0, 0x33, 0x33, 0x33, 0x3f, 0x00,
    0x00, 0x80, 0x3b, 0x44, 0x00, 0x00, 0x40, 0x40, 0x0a, 0xd7, 0x63, 0x3f,
    0x00, 0x00, 0x00, 0x32, 0x43, 0x33, 0x33, 0x13, 0xc0, 0x00, 0x00, 0xc0,
    0x3f, 0x00, 0x00, 0x80, 0xdf, 0x44, 0x00, 0x00, 0x00, 0xc0, 0x85, 0xeb,
    0xb1, 0x3f, 0x00, 0x00, 0x40, 0x3c, 0x45, 0x00, 0x00, 0x20, 0x40, 0x8f,
    0xc2, 0x45, 0x40, 0x02, 0x00, 0x40, 0x1c, 0x46, 0x9a, 0x99, 0x59, 0x40,
    0x33, 0x33, 0x33, 0x3f, 0x00, 0x00, 0x40, 0x8f, 0x45, 0x9a, 0x99, 0x79,
    0xc0, 0x14, 0xae, 0xa7, 0x40, 0x00, 0x00, 0xb0, 0xb8, 0x45, 0x00, 0x00,
    0x60, 0x40, 0x33, 0x33, 0xa3, 0x40, 0x00, 0x00, 0x00, 0x8c, 0x42, 0x00,
    0x00, 0x80, 0x3f, 0x00, 0x00, 0xe0, 0x3f, 0x00, 0x00, 0x00, 0xf8, 0x42,
    0x33, 0x33, 0x33, 0xbf, 0x7b, 0x14, 0x3e, 0x40, 0x00, 0x00, 0x00, 0xc0,
    0x01, 0x00, 0x00, 0xd2, 0x42, 0xcd, 0xcc, 0xac, 0xc0, 0x33, 0x33, 0x33,
    0x3f, 0x00, 0x00, 0x00, 0x96, 0x42, 0x00, 0x00, 0x80, 0x40, 0xec, 0x51,
    0x38, 0x3f, 0x00, 0x00, 0xb8, 0xfe, 0x45, 0x9a, 0x99, 0x19, 0xc0, 0xd7,
    0xa3, 0x00, 0x40, 0x00, 0x00, 0x00, 0xb1, 0x44, 0x33, 0x33, 0xb3, 0xbf,
    0x71, 0x3d, 0xea, 0x3f, 0x00, 0x00, 0xc0, 0x40, 0x44, 0x00, 0x00, 0x80,
    0x3f, 0x33, 0x33, 0xb3, 0x3f, 0x02, 0x00, 0x40, 0x1c, 0x46, 0x66, 0x66,
    0x66, 0xbf, 0x33, 0x33, 0x33, 0x3f, 0x00, 0x00, 0x70, 0x4e, 0x45, 0x66,
    0x66, 0xe6, 0x3f, 0x7b, 0x14, 0x3e, 0x40, 0x00, 0x00, 0x88, 0x94, 0x45,
    0x00, 0x00, 0x20, 0x40, 0x29, 0x5c, 0xb7, 0x40, 0x00, 0x00, 0x88, 0xac,
    0x45, 0x33, 0x33, 0x13, 0xc0, 0x00, 0x00, 0xc0, 0x40, 0x00, 0x00, 0xe0,
    0x03, 0x45, 0x00, 0x00, 0x00, 0xbf, 0x52, 0xb8, 0x1e, 0x40, 0x00, 0x00,
    0xe0, 0xc0, 0x01, 0x00, 0x00, 0xd2, 0x42, 0x66, 0x66, 0xf6, 0x40, 0x33,
    0x33, 0x33, 0x3f, 0x00, 0x00, 0x00, 0xe6, 0x42, 0x00, 0x00, 0xa0, 0xc0,
    0xe1, 0x7a, 0x94, 0x3e, 0x00, 0x00, 0xe8, 0xf5, 0x45, 0x00, 0x00, 0xd0,
    0x40, 0x66, 0x66, 0x66, 0x3f, 0x00, 0x00, 0x60, 0xad, 0x44, 0x00, 0x00,
    0x20, 0xc0, 0xec, 0x51, 0xd8, 0x3f, 0x00, 0x00, 0x10, 0x2a, 0x45, 0x00,
    0x00, 0x40, 0x40, 0xc3, 0xf5, 0x08, 0x40, 0x02, 0x00, 0x40, 0x1c, 0x46,
    0x66, 0x66, 0x06, 0xc1, 0x33, 0x33, 0x33, 0x3f, 0x00, 0x00, 0xf0, 0xbf,
    0x45, 0xcd, 0xcc, 0x2c, 0x40, 0x14, 0xae, 0xaf, 0x40, 0x00, 0x00, 0xf8,
    0x8b, 0x45, 0x66, 0x66, 0x66, 0xbf, 0x71, 0x3d, 0xaa, 0x40, 0x00, 0x00,
    0x00, 0x5c, 0x42, 0x9a, 0x99, 0x99, 0xbe, 0x52, 0xb8, 0xbe, 0x3f, 0x00,
    0x00, 0x00, 0xe8, 0x41, 0x9a, 0x99, 0x19, 0x3f, 0xd7, 0xa3, 0x60, 0x40,
    0x33, 0x33, 0xc3, 0xc0, 0x01, 0x00, 0x00, 0xd2, 0x42, 0x9a, 0x99, 0xc9,
    0x40, 0x33, 0x33, 0x33, 0x3f, 0x00, 0x00, 0x00, 0x5a, 0x43, 0x9a, 0x99,
    0x59, 0xc0, 0x33, 0x33, 0xb3, 0x3e, 0x00, 0x00, 0x00, 0xfa, 0x44, 0x00,
    0x00, 0x80, 0x40, 0x66, 0x66, 0x26, 0x3f, 0x00, 0x00, 0xa0, 0x9a, 0x44,
    0x9a, 0x99, 0xd9, 0xbf, 0xb8, 0x1e, 0xe5, 0x3f, 0x00, 0x00, 0x00, 0x18,
    0x42, 0x00, 0x00, 0x00, 0x3f, 0xd7, 0xa3, 0x60, 0x40, 0x02, 0x00, 0x40,
    0x1c, 0x46, 0x33, 0x33, 0x13, 0xc0, 0x33, 0x33, 0x33, 0x3f, 0x00, 0x00,
    0x50, 0xbf, 0x45, 0x66, 0x66, 0x46, 0x40, 0xae, 0x47, 0x01, 0x40, 0x00,
    0x00, 0x18, 0xa1, 0x45, 0xcd, 0xcc, 0x8c, 0xc0, 0xb8, 0x1e, 0xb5, 0x40,
    0x00, 0x00, 0xd0, 0x0b, 0x45, 0x9a, 0x99, 0x19, 0x3f, 0x33, 0x33, 0x8b,
    0x40, 0x00, 0x00, 0x70, 0x37, 0x45, 0xcd, 0xcc, 0x8c, 0xbf, 0xae, 0x47,
    0xa9, 0x40, 0x33, 0x33, 0xc3, 0xc0, 0x01, 0x00, 0x00, 0xd2, 0x42, 0x33,
    0x33, 0xc3, 0x40, 0x33, 0x33, 0x33, 0x3f, 0x00, 0x00, 0x00, 0x54, 0x43,
    0x00, 0x00, 0x40, 0xc0, 0x8f, 0xc2, 0xf5, 0x3e, 0x00, 0x00, 0xe0, 0x6c,
    0x45, 0x9a, 0x99, 0x59, 0x40, 0x33, 0x33, 0x13, 0x40, 0x00, 0x00, 0x60,
    0xf7, 0x44, 0x33, 0x33, 0x33, 0x40, 0x52, 0xb8, 0xde, 0x3f, 0x00, 0x00,
    0x00, 0x20, 0x42, 0x9a, 0x99, 0x19, 0x3f, 0xb8, 0x1e, 0x45, 0x40, 0x02,
    0x00, 0x40, 0x1c, 0x46, 0x00, 0x00, 0xc0, 0xbf, 0x33, 0x33, 0x33, 0x3f,
    0x00, 0x00, 0x58, 0x10, 0x46, 0xcd, 0xcc, 0x6c, 0xc0, 0x00, 0x00, 0x10,
    0x40, 0x00, 0x00, 0xd0, 0xc4, 0x45, 0x00, 0x00, 0x90, 0x40, 0x3d, 0x0a,
    0x87, 0x40, 0x00, 0x00, 0xb8, 0xa1, 0x45, 0x66, 0x66, 0xe6, 0xbf, 0x00,
    0x00, 0xc0, 0x40, 0x00, 0x00, 0x40, 0x42, 0x44, 0xcd, 0xcc, 0xcc, 0x3e,
    0xec, 0x51, 0x78, 0x40, 0x00, 0x00, 0x90, 0xc0, 0x01, 0x00, 0x00, 0xd2,
    0x42, 0x33, 0x33, 0xd3, 0xc0, 0x33, 0x33, 0x33, 0x3f, 0x00, 0x00, 0x00,
    0x2b, 0x43, 0xcd, 0xcc, 0x9c, 0xc0, 0xae, 0x47, 0x21, 0x3f, 0x00, 0x00,
    0x90, 0x25, 0x45, 0x33, 0x33, 0x83, 0x40, 0x5c, 0x8f, 0x02, 0x3f, 0x00,
    0x00, 0x00, 0x86, 0x42, 0x00, 0x00, 0x40, 0x40, 0x66, 0x66, 0x26, 0x3f,
    0x00, 0x00, 0x30, 0x37, 0x45, 0x00, 0x00, 0x00, 0xc0, 0x8f, 0xc2, 0x65,
    0x40, 0x02, 0x00, 0x40, 0x1c, 0x46, 0x9a, 0x99, 0x19, 0xbf, 0x33, 0x33,
    0x33, 0x3f, 0x00, 0x00, 0x88, 0xc5, 0x45, 0x66, 0x66, 0x46, 0x40, 0xf6,
    0x28, 0xbc, 0x40, 0x00, 0x00, 0x60, 0xa0, 0x45, 0x9a, 0x99, 0x39, 0xc0,
    0x29, 0x5c, 0xbf, 0x40, 0x00, 0x00, 0x80, 0x1f, 0x44, 0x9a, 0x99, 0x99,
    0x3e, 0x48, 0xe1, 0x0a, 0x40, 0x00, 0x00, 0x60, 0x01, 0x45, 0x00, 0x00,
    0x00, 0x3f, 0x29, 0x5c, 0x7f, 0x40, 0x33, 0x33, 0x73, 0xc0, 0x01, 0x00,
    0x00, 0xd2, 0x42, 0x66, 0x66, 0x66, 0x40, 0x33, 0x33, 0x33, 0x3f, 0x00,
    0x00, 0x00, 0x25, 0x43, 0x00, 0x00, 0x40, 0xc0, 0xcd, 0xcc, 0x0c, 0x3f,
    0x00, 0x00, 0xb0, 0x45, 0x45, 0x00, 0x00, 0x80, 0x40, 0xf6, 0x28, 0xbc,
    0x3f, 0x00, 0x00, 0x80, 0x39, 0x44, 0xcd, 0xcc, 0x0c, 0x40, 0xd7, 0xa3,
    0x90, 0x3f, 0x00, 0x00, 0xe0, 0xb7, 0x44, 0x33, 0x33, 0x33, 0xc0, 0x00,
    0x00, 0x00, 0x40, 0x02, 0x00, 0x40, 0x1c, 0x46, 0x33, 0x33, 0x33, 0xbf,
    0x33, 0x33, 0x33, 0x3f, 0x00, 0x00, 0x08, 0xc4, 0x45, 0x66, 0x66, 0xe6,
    0x3f, 0x00, 0x00, 0xc0, 0x40, 0x00, 0x00, 0x00, 0x1c, 0x42, 0xcd, 0xcc,
    0xcc, 0xbd, 0x9a, 0x99, 0xd9, 0x3f, 0x00, 0x00, 0xd8, 0xa9, 0x45, 0x33,
    0x33, 0x33, 0xbf, 0x00, 0x00, 0xc0, 0x40, 0x00, 0x00, 0x00, 0x2c, 0x44,
    0xcd, 0xcc, 0x4c, 0xbe, 0x7b, 0x14, 0x4e, 0x40, 0x66, 0x66, 0xc6, 0xc0,
    0x01, 0x00, 0x00, 0xd2, 0x42, 0x33, 0x33, 0xe3, 0x40, 0x33, 0x33, 0x33,
    0x3f, 0x00, 0x00, 0x00, 0x11, 0x43, 0x66, 0x66, 0x86, 0xc0, 0xb8, 0x1e,
    0x85, 0x3e, 0x00, 0x00, 0x30, 0x62, 0x45, 0x33, 0x33, 0xc3, 0x40, 0xe1,
    0x7a, 0xf4, 0x3f, 0x00, 0x00, 0x80, 0x50, 0x44, 0x9a, 0x99, 0x19, 0x40,
    0x48, 0xe1, 0x9a, 0x3f, 0x00, 0x00, 0x00, 0xe0, 0x41, 0x9a, 0x99, 0x19,
    0x3f, 0xe1, 0x7a, 0xa4, 0x40, 0x02, 0x00, 0x40, 0x1c, 0x46, 0xcd, 0xcc,
    0x2c, 0x40, 0x33, 0x33, 0x33, 0x3f, 0x00, 0x00, 0x30, 0x08, 0x46, 0x00,
    0x00, 0x00, 0xc0, 0xb8, 0x1e, 0xe5, 0x3f, 0x00, 0x00, 0x28, 0xc1, 0x45,
    0x9a, 0x99, 0xd9, 0x3f, 0x00, 0x00, 0xc0, 0x40, 0x00, 0x00, 0x60, 0x17,
    0x45, 0x66, 0x66, 0xa6, 0xbf, 0xc3, 0xf5, 0x90, 0x40, 0x00, 0x00, 0x40,
    0x39, 0x45, 0x66, 0x66, 0xa6, 0x3f, 0x00, 0x00, 0xc0, 0x40, 0x66, 0x66,
    0x26, 0xc0, 0x01, 0x00, 0x00, 0xd2, 0x42, 0x66, 0x66, 0xa6, 0x3f, 0x33,
    0x33, 0x33, 0x3f, 0x00, 0x00, 0x40, 0x3a, 0x44, 0x00, 0x00, 0x20, 0x40,
    0x66, 0x66, 0x66, 0x3f, 0x00, 0x00, 0x00, 0x23, 0x43, 0x00, 0x00, 0x00,
    0xc0, 0xd7, 0xa3, 0x70, 0x3f, 0x00, 0x00, 0x60, 0xda, 0x44, 0x33, 0x33,
    0xb3, 0xbf, 0x29, 0x5c, 0x4f, 0x3f, 0x00, 0x00, 0x60, 0xd1, 0x45, 0x00,
    0x00, 0x20, 0x40, 0x48, 0xe1, 0xaa, 0x40, 0x02, 0x00, 0x40, 0x1c, 0x46,
    0x00, 0x00, 0x00, 0xbf, 0x33, 0x33, 0x33, 0x3f, 0x00, 0x00, 0x40, 0xa1,
    0x45, 0x33, 0x33, 0xf3, 0xbf, 0x00, 0x00, 0xb8, 0x40, 0x00, 0x00, 0xb0,
    0x65, 0x45, 0x66, 0x66, 0x66, 0x3f, 0x29, 0x5c, 0x2f, 0x40, 0x00, 0x00,
    0x40, 0x20, 0x45, 0x00, 0x00, 0x00, 0xbf, 0xec, 0x51, 0x68, 0x40, 0x00,
    0x00, 0xc8, 0xc2, 0x45, 0x33, 0x33, 0x33, 0x3f, 0x00, 0x00, 0xc0, 0x40,
    0xcd, 0xcc, 0x9c, 0xc0, 0x01, 0x00, 0x00, 0xd2, 0x42, 0xcd, 0xcc, 0xcc,
    0x3d, 0x33, 0x33, 0x33, 0x3f, 0x00, 0x00, 0x08, 0x15, 0x46, 0x66, 0x66,
    0x96, 0x40, 0xa4, 0x70, 0x7d, 0x3f, 0x00, 0x00, 0xa0, 0x01, 0x45, 0x66,
    0x66, 0xa6, 0xbf, 0x66, 0x66, 0x26, 0x3f, 0x00, 0x00, 0x00, 0x44, 0x43,
    0xcd, 0xcc, 0x8c, 0xbf, 0x1f, 0x85, 0xab, 0x3f, 0x00, 0x00, 0x80, 0x2e,
    0x44, 0x9a, 0x99, 0x99, 0x3f, 0x14, 0xae, 0xa7, 0x3f, 0x02, 0x00, 0x40,
    0x1c, 0x46, 0x66, 0x66, 0x06, 0xc0, 0x33, 0x33, 0x33, 0x3f, 0x00, 0x00,
    0x00, 0x90, 0x42, 0xcd, 0xcc, 0x4c, 0x3f, 0x5c, 0x8f, 0xe2, 0x3f, 0x00,
    0x00, 0x00, 0x9c, 0x45, 0x9a, 0x99, 0x99, 0x3e, 0x5c, 0x8f, 0x02, 0x40,
    0x00, 0x00, 0x00, 0xfc, 0x42, 0xcd, 0xcc, 0xcc, 0xbe, 0x8f, 0xc2, 0x15,
    0x40, 0x00, 0x00, 0x1c, 0x07, 0x46, 0x66, 0x66, 0xa6, 0x3f, 0x66, 0x66,
    0xbe, 0x40, 0xcd, 0xcc, 0x4c, 0xc0, 0x01, 0x00, 0x00, 0xd2, 0x42, 0xcd,
    0xcc, 0xcc, 0xbd, 0x33, 0x33, 0x33, 0x3f, 0x00, 0x00, 0x60, 0x97, 0x45,
    0x9a, 0x99, 0x59, 0x40, 0x14, 0xae, 0xe7, 0x3f, 0x00, 0x00, 0x00, 0x47,
    0x43, 0x33, 0x33, 0xf3, 0xbf, 0xb8, 0x1e, 0xc5, 0x3f, 0x00, 0x00, 0x00,
    0x78, 0x42, 0xcd, 0xcc, 0xcc, 0x3f, 0x66, 0x66, 0x86, 0x3f, 0x00, 0x00,
    0x80, 0x45, 0x45, 0x66, 0x66, 0x06, 0xc0, 0x7b, 0x14, 0x6e, 0x40, 0x02,
    0x00, 0x40, 0x1c, 0x46, 0xcd, 0xcc, 0x8c, 0xc0, 0x33, 0x33, 0x33, 0x3f,
    0x00, 0x00, 0xc0, 0x30, 0x44, 0x00, 0x00, 0x80, 0x3f, 0x85, 0xeb, 0xf1,
    0x3f, 0x00, 0x00, 0x70, 0xc5, 0x45, 0xcd, 0xcc, 0xcc, 0x3f, 0xae, 0x47,
    0xb1, 0x40, 0x00, 0x00, 0x80, 0xae, 0x43, 0x00, 0x00, 0x00, 0xbf, 0x7b,
    0x14, 0x0e, 0x40, 0x00, 0x00, 0x10, 0x04, 0x45, 0x9a, 0x99, 0x19, 0x3f,
    0x71, 0x3d, 0x5a, 0x40, 0x9a, 0x99, 0x99, 0xbf, 0x01, 0x00, 0x00, 0xd2,
    0x42, 0x66, 0x66, 0x86, 0xc0, 0x33, 0x33, 0x33, 0x3f, 0x00, 0x00, 0x80,
    0x9c, 0x43, 0xcd, 0xcc, 0xcc, 0x3e, 0x33, 0x33, 0x73, 0x3f, 0x00, 0x00,
    0x00, 0x7c, 0x42, 0x66, 0x66, 0x66, 0x40, 0xcd, 0xcc, 0x4c, 0x3f, 0x00,
    0x00, 0xa0, 0x89, 0x45, 0x9a, 0x99, 0x99, 0xbf, 0x5c, 0x8f, 0x02, 0x3f,
    0x00, 0x00, 0x00, 0x0c, 0x44, 0xcd, 0xcc, 0x8c, 0x3f, 0x9a, 0x99, 0x59,
    0x3f, 0x02, 0x00, 0x40, 0x1c, 0x46, 0x00, 0x00, 0x20, 0xc0, 0x33, 0x33,
    0x33, 0x3f, 0x00, 0x00, 0xb8, 0x12, 0x46, 0x00, 0x00, 0x80, 0x3f, 0xd7,
    0xa3, 0x10, 0x40, 0x00, 0x00, 0xe0, 0x04, 0x45, 0xcd, 0xcc, 0x8c, 0x3f,
    0xc3, 0xf5, 0x48, 0x40, 0x00, 0x00, 0xb0, 0x3a, 0x45, 0x00, 0x00, 0x80,
    0xbf, 0xb8, 0x1e, 0x75, 0x40, 0x00, 0x00, 0x20, 0xa0, 0x44, 0x00, 0x00,
    0x00, 0xbf, 0x9a, 0x99, 0x29, 0x40, 0x9a, 0x99, 0x89, 0xc0, 0x01, 0x00,
    0x00, 0xd2, 0x42, 0x66, 0x66, 0xd6, 0x40, 0x33, 0x33, 0x33, 0x3f, 0x00,
    0x00, 0x00, 0x7e, 0x43, 0x66, 0x66, 0x66, 0x40, 0x5c, 0x8f, 0xc2, 0x3e,
    0x00, 0x00, 0x00, 0x8e, 0x42, 0x9a, 0x99, 0xe9, 0xc0, 0x3d, 0x0a, 0xd7,
    0x3e, 0x00, 0x00, 0x38, 0x9b, 0x45, 0x00, 0x00, 0x20, 0xc0, 0x33, 0x33,
    0x63, 0x40, 0x00, 0x00, 0xe0, 0x20, 0x45, 0x33, 0x33, 0xb3, 0xbf, 0xc3,
    0xf5, 0x88, 0x3f, 0x02, 0x00, 0x40, 0x1c, 0x46, 0x66, 0x66, 0x06, 0xc0,
    0x33, 0x33, 0x33, 0x3f, 0x00, 0x00, 0x00, 0xb0, 0x43, 0x9a, 0x99, 0x19,
    0xbf, 0xae, 0x47, 0x11, 0x40, 0x00, 0x00, 0x80, 0x24, 0x44, 0x9a, 0x99,
    0x19, 0x3f, 0x00, 0x00, 0x10, 0x40, 0x00, 0x00, 0x00, 0x4f, 0x43, 0x9a,
    0x99, 0x19, 0x3f, 0x33, 0x33, 0x43, 0x40, 0x00, 0x00, 0x40, 0x94, 0x44,
    0xcd, 0xcc, 0xcc, 0xbe, 0x7b, 0x14, 0x2e, 0x40, 0x66, 0x66, 0x06, 0xc0,
    0x01, 0x00, 0x00, 0xd2, 0x42, 0x00, 0x00, 0x00, 0xbf, 0x33, 0x33, 0x33,
    0x3f, 0x00, 0x00, 0x98, 0xc0, 0x45, 0xcd, 0xcc, 0x0c, 0x40, 0xf6, 0x28,
    0x1c, 0x40, 0x00, 0x00, 0x80, 0xaa, 0x43, 0x00, 0x00, 0x80, 0xbf, 0x48,
    0xe1, 0xba, 0x3f, 0x00, 0x00, 0x00, 0x8c, 0x42, 0x00, 0x00, 0x80, 0x3f,
    0xf6, 0x28, 0x1c, 0x3f, 0x00, 0x00, 0x80, 0xa0, 0x44, 0x9a, 0x99, 0x19,
    0xbf, 0x5c, 0x8f, 0x02, 0x40, 0x02, 0x00, 0x40, 0x1c, 0x46, 0x66, 0x66,
    0xe6, 0xbf, 0x33, 0x33, 0x33, 0x3f, 0x00, 0x00, 0x00, 0x18, 0x45, 0x33,
    0x33, 0x33, 0x3f, 0x52, 0xb8, 0x3e, 0x40, 0x00, 0x00, 0x40, 0x60, 0x45,
    0x9a, 0x99, 0x19, 0xbf, 0x0a, 0xd7, 0x43, 0x40, 0x00, 0x00, 0x74, 0x05,
    0x46, 0xcd, 0xcc, 0x8c, 0x3f, 0x8f, 0xc2, 0x75, 0x40, 0x00, 0x00, 0x40,
    0x40, 0x44, 0xcd, 0xcc, 0x4c, 0x3e, 0xd7, 0xa3, 0x40, 0x40, 0x66, 0x66,
    0xc6, 0xc0, 0x01, 0x00, 0x00, 0xd2, 0x42, 0x9a, 0x99, 0xc9, 0x40, 0x33,
    0x33, 0x33, 0x3f, 0x00, 0x00, 0x80, 0x81, 0x43, 0x66, 0x66, 0x26, 0xc0,
    0xa4, 0x70, 0xbd, 0x3e, 0x00, 0x00, 0x10, 0x45, 0x45, 0x66, 0x66, 0xd6,
    0x40, 0x3d, 0x0a, 0xb7, 0x3f, 0x00, 0x00, 0x40, 0x1c, 0x46, 0x00, 0x00,
    0x40, 0xc0, 0x0a, 0xd7, 0x23, 0x3f, 0x00, 0x00, 0x00, 0x0c, 0x42, 0x00,
    0x00, 0x00, 0x00, 0x7b, 0x14, 0x5e, 0x40, 0x02, 0x00, 0x40, 0x1c, 0x46,
    0x9a, 0x99, 0x99, 0x40, 0x33, 0x33, 0x33, 0x3f, 0x00, 0x00, 0xf4, 0x17,
    0x46, 0x33, 0x33, 0x33, 0xc0, 0x29, 0x5c, 0x5f, 0x40, 0x00, 0x00, 0x80,
    0xdd, 0x44, 0x9a, 0x99, 0x99, 0xbf, 0x00, 0x00, 0x90, 0x40, 0x00, 0x00,
    0xd0, 0x14, 0x45, 0x33, 0x33, 0x33, 0x3f, 0x5c, 0x8f, 0x62, 0x40, 0x00,
    0x00, 0x40, 0xc0, 0x45, 0xcd, 0xcc, 0x8c, 0xbf, 0x00, 0x00, 0xc0, 0x40,
    0x33, 0x33, 0xb3, 0xc0, 0x01, 0x00, 0x00, 0xd2, 0x42, 0x9a, 0x99, 0x31,
    0x41, 0x33, 0x33, 0x33, 0x3f, 0x00, 0x00, 0x00, 0x84, 0x42, 0x00, 0x00,
    0x28, 0xc1, 0xe1, 0x7a, 0x94, 0x3e, 0x00, 0x00, 0x20, 0xde, 0x44, 0x9a,
    0x99, 0xa9, 0x40, 0x7b, 0x14, 0x2e, 0x3f, 0x00, 0x00, 0x78, 0xb3, 0x45,
    0x00, 0x00, 0x00, 0xc1, 0xf6, 0x28, 0xbc, 0x40, 0x00, 0x00, 0x80, 0x36,
    0x44, 0x33, 0x33, 0xf3, 0x3f, 0x0a, 0xd7, 0xc3, 0x3f, 0x02, 0x00, 0x40,
    0x1c, 0x46, 0x9a, 0x99, 0x39, 0x40, 0x33, 0x33, 0x33, 0x3f, 0x00, 0x00,
    0x70, 0x3b, 0x45, 0x9a, 0x99, 0xd9, 0xbf, 0xec, 0x51, 0x88, 0x40, 0x00,
    0x00, 0x08, 0x80, 0x45, 0xcd, 0xcc, 0x8c, 0x3f, 0xe1, 0x7a, 0x84, 0x40,
    0x00, 0x00, 0x80, 0x0a, 0x45, 0x00, 0x00, 0x80, 0x3f, 0x3d, 0x0a, 0x67,
    0x40, 0x00, 0x00, 0xe0, 0x35, 0x45, 0x9a, 0x99, 0x99, 0xbe, 0xe1, 0x7a,
    0x24, 0x40, 0x9a, 0x99, 0xc9, 0xc0, 0x01, 0x00, 0x00, 0xd2, 0x42, 0xcd,
    0xcc, 0xbc, 0x40, 0x33, 0x33, 0x33, 0x3f, 0x00, 0x00, 0x00, 0x45, 0x43,
    0x66, 0x66, 0x96, 0xc0, 0x9a, 0x99, 0x99, 0x3e, 0x00, 0x00, 0x90, 0x6d,
    0x45, 0x00, 0x00, 0xc0, 0x40, 0x9a, 0x99, 0x59, 0x3f, 0x00, 0x00, 0xb0,
    0x9f, 0x45, 0x33, 0x33, 0xb3, 0x3f, 0xec, 0x51, 0x78, 0x40, 0x00, 0x00,
    0x00, 0xc0, 0x41, 0xcd, 0xcc, 0x8c, 0x3f, 0x9a, 0x99, 0xb9, 0x40, 0x02,
    0x00, 0x40, 0x1c, 0x46, 0x66, 0x66, 0x26, 0x40, 0x33, 0x33, 0x33, 0x3f,
    0x00, 0x00, 0xf8, 0xf3, 0x45, 0x00, 0x00, 0xc0, 0xbf, 0x7b, 0x14, 0xb6,
    0x40, 0x00, 0x00, 0x80, 0x5c, 0x44, 0x9a, 0x99, 0x19, 0x3f, 0x9a, 0x99,
    0x39, 0x40, 0x00, 0x00, 0x00, 0xe1, 0x43, 0x9a, 0x99, 0x99, 0xbe, 0x00,
    0x00, 0xa0, 0x3f, 0x00, 0x00, 0x00, 0x0a, 0x43, 0xcd, 0xcc, 0x4c, 0x3e,
    0x71, 0x3d, 0xaa, 0x3f, 0x33, 0x33, 0x53, 0xc0, 0x01, 0x00, 0x00, 0xd2,
    0x42, 0x33, 0x33, 0x33, 0x40, 0x33, 0x33, 0x33, 0x3f, 0x00, 0x00, 0x00,
    0x4a, 0x43, 0x66, 0x66, 0x66, 0xc0, 0x29, 0x5c, 0x0f, 0x3f, 0x00, 0x00,
    0xe0, 0x17, 0x45, 0xcd, 0xcc, 0x4c, 0x40, 0x1f, 0x85, 0xeb, 0x3f, 0x00,
    0x00, 0xc0, 0xdb, 0x45, 0x66, 0x66, 0x46, 0x40, 0xe1, 0x7a, 0x04, 0x40,
    0x00, 0x00, 0x40, 0x3c, 0x44, 0x33, 0x33, 0xb3, 0x3f, 0x3d, 0x0a, 0xd7,
    0x3f, 0x02, 0x00, 0x40, 0x1c, 0x46, 0x66, 0x66, 0x06, 0xc1, 0x33, 0x33,
    0x33, 0x3f, 0x00, 0x00, 0x4c, 0x15, 0x46, 0x9a, 0x99, 0x59, 0x40, 0xae,
    0x47, 0xc1, 0x3f, 0x00, 0x00, 0x00, 0xcf, 0x44, 0x9a, 0x99, 0x19, 0xbf,
    0x9a, 0x99, 0x29, 0x40, 0x00, 0x00, 0xe0, 0xed, 0x44, 0x66, 0x66, 0x66,
    0x3f, 0x00, 0x00, 0xc0, 0x40, 0x00, 0x00, 0x30, 0x85, 0x45, 0x33, 0x33,
    0x33, 0xbf, 0xcd, 0xcc, 0xb4, 0x40, 0x00, 0x00, 0xb0, 0xc0, 0x01, 0x00,
    0x00, 0xd2, 0x42, 0xcd, 0xcc, 0xcc, 0x3f, 0x33, 0x33, 0x33, 0x3f, 0x00,
    0x00, 0x00, 0x34, 0x43, 0x66, 0x66, 0xa6, 0xc0, 0x1f, 0x85, 0xeb, 0x3e,
    0x00, 0x00, 0xc0, 0x52, 0x44, 0x9a, 0x99, 0x19, 0x40, 0xe1, 0x7a, 0x94,
    0x3f, 0x00, 0x00, 0x40, 0x1c, 0x46, 0x00, 0x00, 0x40, 0x40, 0x00, 0x00,
    0xc0, 0x40, 0x00, 0x00, 0x24, 0x1a, 0x46, 0x9a, 0x99, 0x59, 0x40, 0x5c,
    0x8f, 0x42, 0x3e, 0x02, 0x00, 0x40, 0x1c, 0x46, 0x00, 0x00, 0x20, 0x40,
    0x33, 0x33, 0x33, 0x3f, 0x00, 0x00, 0x08, 0x1c, 0x46, 0x66, 0x66, 0x46,
    0xc0, 0x00, 0x00, 0xc0, 0x40, 0x00, 0x00, 0xc0, 0x78, 0x45, 0xcd, 0xcc,
    0xcc, 0xbe, 0x8f, 0xc2, 0x25, 0x40, 0x00, 0x00, 0x00, 0x18, 0x42, 0xcd,
    0xcc, 0x4c, 0xbe, 0x71, 0x3d, 0xea, 0x3f, 0x00, 0x00, 0x20, 0xf1, 0x44,
    0x00, 0x00, 0x00, 0x3f, 0x1f, 0x85, 0x83, 0x40, 0x66, 0x66, 0x96, 0xc0,
    0x01, 0x00, 0x00, 0xd2, 0x42, 0x9a, 0x99, 0x79, 0x40, 0x33, 0x33, 0x33,
    0x3f, 0x00, 0x00, 0x70, 0x71, 0x45, 0x66, 0x66, 0xa6, 0x40, 0xc3, 0xf5,
    0xe8, 0x3f, 0x00, 0x00, 0xc0, 0xcc, 0x44, 0xcd, 0xcc, 0x0c, 0xc0, 0xa4,
    0x70, 0x7d, 0x3f, 0x00, 0x00, 0x2c, 0x03, 0x46, 0xcd, 0xcc, 0x0c, 0xc0,
    0x1f, 0x85, 0x5b, 0x40, 0x00, 0x00, 0x00, 0x64, 0x42, 0xcd, 0xcc, 0xcc,
    0x3e, 0xc3, 0xf5, 0xc8, 0x3f, 0x02, 0x00, 0x40, 0x1c, 0x46, 0x33, 0x33,
    0xf3, 0x3f, 0x33, 0x33, 0x33, 0x3f, 0x00, 0x00, 0x00, 0x8e, 0x43, 0x66,
    0x66, 0x66, 0xbf, 0x71, 0x3d, 0x1a, 0x40, 0x00, 0x00, 0x00, 0x1f, 0x43,
    0x00, 0x00, 0x00, 0xbf, 0x8f, 0xc2, 0xf5, 0x3f, 0x00, 0x00, 0x90, 0xbb,
    0x45, 0x00, 0x00, 0xc0, 0xbf, 0x00, 0x00, 0xc0, 0x40, 0x00, 0x00, 0x80,
    0x32, 0x44, 0xcd, 0xcc, 0xcc, 0x3e, 0xb8, 0x1e, 0x05, 0x40, 0x9a, 0x99,
    0xc9, 0xc0, 0x01, 0x00, 0x00, 0xd2, 0x42, 0x00, 0x00, 0x60, 0x40, 0x33,
    0x33, 0x33, 0x3f, 0x00, 0x00, 0x00, 0x68, 0x43, 0xcd, 0xcc, 0x9c, 0xc0,
    0xf6, 0x28, 0xdc, 0x3e, 0x00, 0x00, 0xf0, 0x32, 0x45, 0xcd, 0xcc, 0xdc,
    0x40, 0x0a, 0xd7, 0x63, 0x3f, 0x00, 0x00, 0x20, 0xbb, 0x44, 0x00, 0x00,
    0x90, 0xc0, 0x33, 0x33, 0x93, 0x3f, 0x00, 0x00, 0xd8, 0xb6, 0x45, 0x66,
    0x66, 0x86, 0x40, 0x0a, 0xd7, 0xc3, 0x3f, 0x02, 0x00, 0x40, 0x1c, 0x46,
    0x33, 0x33, 0xb3, 0x3f, 0x33, 0x33, 0x33, 0x3f, 0x00, 0x00, 0xb0, 0xfc,
    0x45, 0xcd, 0xcc, 0x8c, 0xbf, 0x48, 0xe1, 0x92, 0x40, 0x00, 0x00, 0xd0,
    0xd3, 0x45, 0x9a, 0x99, 0x19, 0x3f, 0x00, 0x00, 0xc0, 0x40, 0x00, 0x00,
    0x80, 0x8b, 0x43, 0xcd, 0xcc, 0x4c, 0x3e, 0x14, 0xae, 0x17, 0x40, 0x00,
    0x00, 0x00, 0xcf, 0x43, 0xcd, 0xcc, 0x4c, 0xbe, 0xa4, 0x70, 0x1d, 0x40,
    0x66, 0x66, 0xc6, 0xc0, 0x01, 0x00, 0x00, 0xd2, 0x42, 0x33, 0x33, 0x83,
    0x40, 0x33, 0x33, 0x33, 0x3f, 0x00, 0x00, 0x00, 0x6d, 0x43, 0x00, 0x00,
    0x80, 0xc0, 0xec, 0x51, 0x38, 0x3e, 0x00, 0x00, 0x18, 0xbb, 0x45, 0xcd,
    0xcc, 0xbc, 0x40, 0xae, 0x47, 0x21, 0x3f, 0x00, 0x00, 0xd0, 0x1b, 0x45,
    0x9a, 0x99, 0x39, 0x40, 0x3d, 0x0a, 0x07, 0x40, 0x00, 0x00, 0x00, 0x6c,
    0x42, 0x9a, 0x99, 0xd9, 0x3f, 0x85, 0xeb, 0x51, 0x3f, 0x02, 0x00, 0x40,
    0x1c, 0x46, 0x33, 0x33, 0xb3, 0x40, 0x33, 0x33, 0x33, 0x3f, 0x00, 0x00,
    0x58, 0xfe, 0x45, 0x33, 0x33, 0x33, 0xc0, 0xcd, 0xcc, 0x6c, 0x40, 0x00,
    0x00, 0x40, 0x32, 0x44, 0x33, 0x33, 0x33, 0x3f, 0xd7, 0xa3, 0x90, 0x3f,
    0x00, 0x00, 0x20, 0x96, 0x44, 0x00, 0x00, 0x80, 0xbf, 0x71, 0x3d, 0x1a,
    0x40, 0x00, 0x00, 0x00, 0x6d, 0x43, 0xcd, 0xcc, 0xcc, 0xbe, 0xb8, 0x1e,
    0xc5, 0x3f, 0x9a, 0x99, 0xc9, 0xc0, 0x01, 0x00, 0x00, 0xd2, 0x42, 0x66,
    0x66, 0xc6, 0x40, 0x33, 0x33, 0x33, 0x3f, 0x00, 0x00, 0xc0, 0x5a, 0x44,
    0x9a, 0x99, 0xc9, 0xc0, 0xcd, 0xcc, 0x0c, 0x3f, 0x00, 0x00, 0xc8, 0xbd,
    0x45, 0x00, 0x00, 0x00, 0x41, 0x8f, 0xc2, 0xf5, 0x3e, 0x00, 0x00, 0x10,
    0x64, 0x45, 0x00, 0x00, 0x28, 0xc1, 0xe1, 0x7a, 0xf4, 0x3f, 0x00, 0x00,
    0xb0, 0x19, 0x45, 0x66, 0x66, 0xa6, 0x40, 0x29, 0x5c, 0x1f, 0x40, 0x02,
    0x00, 0x40, 0x1c, 0x46, 0x33, 0x33, 0xb3, 0xc0, 0x33, 0x33, 0x33, 0x3f,
    0x00, 0x00, 0x00, 0x22, 0x43, 0xcd, 0xcc, 0xcc, 0x3f, 0xb8, 0x1e, 0x15,
    0x40, 0x00, 0x00, 0xd8, 0x13, 0x46, 0x00, 0x00, 0x40, 0x40, 0x8f, 0xc2,
    0x45, 0x40, 0x00, 0x00, 0x00, 0xab, 0x43, 0xcd, 0xcc, 0x8c, 0xbf, 0x14,
    0xae, 0x07, 0x40, 0x00, 0x00, 0x00, 0x14, 0x44, 0x9a, 0x99, 0x99, 0x3e,
    0x14, 0xae, 0xa7, 0x3f, 0x9a, 0x99, 0x79, 0xc0, 0x01, 0x00, 0x00, 0xd2,
    0x42, 0xcd, 0xcc, 0x4c, 0x40, 0x33, 0x33, 0x33, 0x3f, 0x00, 0x00, 0x9c,
    0x12, 0x46, 0x66, 0x66, 0x96, 0x40, 0xa4, 0x70, 0x3d, 0x3f, 0x00, 0x00,
    0x80, 0x03, 0x44, 0x33, 0x33, 0x53, 0xc0, 0x0a, 0xd7, 0xa3, 0x3f, 0x00,
    0x00, 0x60, 0xf7, 0x44, 0x00, 0x00, 0x00, 0xc0, 0x1f, 0x85, 0x6b, 0x3f,
    0x00, 0x00, 0x28, 0x8c, 0x45, 0x9a, 0x99, 0x39, 0x40, 0x33, 0x33, 0x13,
    0x40, 0x02, 0x00, 0x40, 0x1c, 0x46, 0x00, 0x00, 0x40, 0xc0, 0x33, 0x33,
    0x33, 0x3f, 0x00, 0x00, 0x00, 0x1a, 0x43, 0x66, 0x66, 0x66, 0x3f, 0x33,
    0x33, 0x93, 0x3f, 0x00, 0x00, 0x00, 0x3c, 0x42, 0xcd, 0xcc, 0x4c, 0xbf,
    0x0a, 0xd7, 0xc3, 0x3f, 0x00, 0x00, 0x00, 0x9a, 0x43, 0x9a, 0x99, 0x19,
    0xbf, 0x9a, 0x99, 0xf9, 0x3f, 0x00, 0x00, 0x00, 0xcc, 0x42, 0x9a, 0x99,
    0x99, 0x3e, 0x85, 0xeb, 0x01, 0x40, 0x9a, 0x99, 0xc9, 0xc0, 0x01, 0x00,
    0x00, 0xd2, 0x42, 0x00, 0x00, 0xc0, 0x40, 0x33, 0x33, 0x33, 0x3f, 0x00,
    0x00, 0xe0, 0x95, 0x44, 0x9a, 0x99, 0xf9, 0xc0, 0xd7, 0xa3, 0x50, 0x40,
    0x00, 0x00, 0x00, 0x18, 0x43, 0xcd, 0xcc, 0xac, 0x40, 0x85, 0xeb, 0x91,
    0x3f, 0x00, 0x00, 0x00, 0x01, 0x44, 0x33, 0x33, 0x33, 0xc0, 0x1f, 0x85,
    0x2b, 0x3f, 0x00, 0x00, 0xa0, 0x36, 0x45, 0x00, 0x00, 0xb0, 0xc0, 0xec,
    0x51, 0x78, 0x40, 0x02, 0x00, 0x40, 0x1c, 0x46, 0x00, 0x00, 0xa0, 0x40,
    0x33, 0x33, 0x33, 0x3f, 0x00, 0x00, 0x68, 0x99, 0x45, 0x33, 0x33, 0x93,
    0xc0, 0x3d, 0x0a, 0x47, 0x40, 0x00, 0x00, 0x58, 0xf3, 0x45, 0x66, 0x66,
    0x46, 0x40, 0xae, 0x47, 0x41, 0x40, 0x00, 0x00, 0x80, 0xef, 0x44, 0x66,
    0x66, 0x66, 0x40, 0x0a, 0xd7, 0x83, 0x40, 0x00, 0x00, 0xe0, 0xb4, 0x44,
    0x33, 0x33, 0xb3, 0xbf, 0x9a, 0x99, 0x89, 0x40,
};

static const char* earwareModelNames[] = {
    (const char*) u8"1MORE SonoFlow",
    (const char*) u8"1MORE Triple Driver Over Ear",
    (const char*) u8"AKG K240 MKII",
    (const char*) u8"AKG K240 Sextett",
    (const char*) u8"AKG K240 Sextett (Dekoni Choice Leather DT earpads)",
    (const char*) u8"AKG K240 Studio",
    (const char*) u8"AKG K250",
    (const char*) u8"AKG K267",
    (const char*) u8"AKG K271 MKII",
    (const char*) u8"AKG K280 Parabolic",
    (const char*) u8"AKG K361",
    (const char*) u8"AKG K371",
    (const char*) u8"AKG K371 (Brainwavz oval earpads)",
    (const char*) u8"AKG K52",
    (const char*) u8"AKG K553",
    (const char*) u8"AKG K601",
    (const char*) u8"AKG K601 (Dekoni sheepskin earpads)",
    (const char*) u8"AKG K601 (K701 earpads)",
    (const char*) u8"AKG K612",
    (const char*) u8"AKG K701",
    (const char*) u8"AKG K702",
    (const char*) u8"AKG K702 (Brainwavz XL earpads)",
    (const char*) u8"AKG K702 (Geekria earpads)",
    (const char*) u8"AKG K702 65th Anniversary Edition",
    (const char*) u8"AKG K712",
    (const char*) u8"AKG K712 (Dekoni sheepskin earpads)",
    (const char*) u8"AKG K72",
    (const char*) u8"AKG K7XX",
    (const char*) u8"AKG K812",
    (const char*) u8"AKG K872",
    (const char*) u8"AKG K92",
    (const char*) u8"AKG N60 NC Wireless",
    (const char*) u8"AKG N700NC M2",
    (const char*) u8"AKG Q701",
    (const char*) u8"AKG Y50BT",
    (const char*) u8"AUNE AR5000",
    (const char*) u8"Abyss AB1-266 Phi TC",
    (const char*) u8"Adam SP-5",
    (const char*) u8"Advanced GT-R",
    (const char*) u8"Aiaiai TMA-2 HD Wireless",
    (const char*) u8"Allen & Heath XD-53",
    (const char*) u8"Andover Audio PM-50 (medium squared earpads)",
    (const char*) u8"Andover Audio PM-50 (small rounded earpads)",
    (const char*) u8"Anker Soundcore Life Q30 (ANC off)",
    (const char*) u8"Anker Soundcore Life Q30 (ANC on)",
    (const char*) u8"Anker Soundcore Life Q35 (ANC off)",
    (const char*) u8"Anker Soundcore Life Q35 (ANC on)",
    (const char*) u8"Anker Soundcore Life Q35 (wired, passive)",
    (const char*) u8"Anker Soundcore Space One",
    (const char*) u8"Anker Soundcore Space Q45 (ANC on)",
    (const char*) u8"Anker Soundcore Space Q45 (wired, passive)",
    (const char*) u8"Apple AirPods Max",
    (const char*) u8"Apple AirPods Max (3rd party pleather earpads)",
    (const char*) u8"Audeze CRBN",
    (const char*) u8"Audeze LCD-1",
    (const char*) u8"Audeze LCD-2",
    (const char*) u8"Audeze LCD-2 (Fazor)",
    (const char*) u8"Audeze LCD-2 (pre-2017)",
    (const char*) u8"Audeze LCD-2 Classic",
    (const char*) u8"Audeze LCD-2 Closed Back",
    (const char*) u8"Audeze LCD-24",
    (const char*) u8"Audeze LCD-3",
    (const char*) u8"Audeze LCD-4",
    (const char*) u8"Audeze LCD-4z",
    (const char*) u8"Audeze LCD-5",
    (const char*) u8"Audeze LCD-GX",
    (const char*) u8"Audeze LCD-MX4",
    (const char*) u8"Audeze LCD-R",
    (const char*) u8"Audeze LCD-X (2021)",
    (const char*) u8"Audeze LCD-X (Dekoni sheepskin Earpads)",
    (const char*) u8"Audeze LCD-X (pre-2021)",
    (const char*) u8"Audeze LCD-XC",
    (const char*) u8"Audeze LCD-XC (pre-2021)",
    (const char*) u8"Audeze MM-100",
    (const char*) u8"Audeze MM-500",
    (const char*) u8"Audeze Mobius (default preset)",
    (const char*) u8"Audeze SINE",
    (const char*) u8"Audeze SINE (Cipher cable)",
    (const char*) u8"Audeze SINE (MSR-7 earpads)",
    (const char*) u8"Audio Zenith PMx2 (v1)",
    (const char*) u8"Audio Zenith PMx2 (v2)",
    (const char*) u8"Audio-Technica ATH-A2000Z",
    (const char*) u8"Audio-Technica ATH-AD500X",
    (const char*) u8"Audio-Technica ATH-AD700X",
    (const char*) u8"Audio-Technica ATH-ADX5000",
    (const char*) u8"Audio-Technica ATH-AWKT",
    (const char*) u8"Audio-Technica ATH-M20x",
    (const char*) u8"Audio-Technica ATH-M40x",
    (const char*) u8"Audio-Technica ATH-M50x",
    (const char*) u8"Audio-Technica ATH-M50x (Dekoni sheepskin earpads)",
    (const char*) u8"Audio-Technica ATH-M50x (Massdrop velours earpads)",
    (const char*) u8"Audio-Technica ATH-M60x",
    (const char*) u8"Audio-Technica ATH-M70x",
    (const char*) u8"Audio-Technica ATH-MSR7b",
    (const char*) u8"Audio-Technica ATH-R50x",
    (const char*) u8"Audio-Technica ATH-R70x",
    (const char*) u8"Audio-Technica ATH-R70xa",
    (const char*) u8"AudioQuest NightHawk",
    (const char*) u8"AudioQuest NightOwl",
    (const char*) u8"Aurorus Borealis",
    (const char*) u8"Austrian Audio Hi-X15",
    (const char*) u8"Austrian Audio Hi-X55",
    (const char*) u8"Austrian Audio Hi-X60",
    (const char*) u8"Austrian Audio Hi-X65",
    (const char*) u8"Austrian Audio The Composer (minimal setting)",
    (const char*) u8"Austrian Audio The Composer (standard setting)",
    (const char*) u8"Avantone Planar",
    (const char*) u8"Bang & Olufsen Beoplay H9",
    (const char*) u8"Bang & Olufsen Beoplay H95",
    (const char*) u8"Bang & Olufsen Beoplay H9i",
    (const char*) u8"Beats Pro",
    (const char*) u8"Beats Solo Pro",
    (const char*) u8"Beats Studio3 Wireless",
    (const char*) u8"Beyerdynamic Amiron Home",
    (const char*) u8"Beyerdynamic Amiron Wireless (Bluetooth)",
    (const char*) u8"Beyerdynamic Amiron Wireless (wired)",
    (const char*) u8"Beyerdynamic Aventho Wireless",
    (const char*) u8"Beyerdynamic Custom One Pro Plus (step 3)",
    (const char*) u8"Beyerdynamic DT 1770 (leatherette earpads)",
    (const char*) u8"Beyerdynamic DT 1770 (velour earpads)",
    (const char*) u8"Beyerdynamic DT 177X Go (leather earpads)",
    (const char*) u8"Beyerdynamic DT 177X Go (velour earpads)",
    (const char*) u8"Beyerdynamic DT 1990 (analytic earpads)",
    (const char*) u8"Beyerdynamic DT 1990 (balanced earpads)",
    (const char*) u8"Beyerdynamic DT 240",
    (const char*) u8"Beyerdynamic DT 250 (250 Ohm)",
    (const char*) u8"Beyerdynamic DT 250 (80 Ohm)",
    (const char*) u8"Beyerdynamic DT 700 Pro X",
    (const char*) u8"Beyerdynamic DT 770 (Alpha earpads)",
    (const char*) u8"Beyerdynamic DT 770 M",
    (const char*) u8"Beyerdynamic DT 770 Pro",
    (const char*) u8"Beyerdynamic DT 770 Pro (Dekoni hybrid earpads)",
    (const char*) u8"Beyerdynamic DT 770 Pro (worn earpads)",
    (const char*) u8"Beyerdynamic DT 880",
    (const char*) u8"Beyerdynamic DT 880 (worn earpads)",
    (const char*) u8"Beyerdynamic DT 880 2003 Edition",
    (const char*) u8"Beyerdynamic DT 880 Black Edition",
    (const char*) u8"Beyerdynamic DT 880 Edition (600 Ohm)",
    (const char*) u8"Beyerdynamic DT 900 Pro X",
    (const char*) u8"Beyerdynamic DT 990 (fresh earpads)",
    (const char*) u8"Beyerdynamic DT 990 (worn earpads)",
    (const char*) u8"Beyerdynamic DT 990 Pro",
    (const char*) u8"Beyerdynamic DT1990 (Dekoni Elite velour earpads)",
    (const char*) u8"Beyerdynamic DT770 Pro X Limited Edition",
    (const char*) u8"Beyerdynamic DTX 350p",
    (const char*) u8"Beyerdynamic ET1000",
    (const char*) u8"Beyerdynamic Lagoon",
    (const char*) u8"Beyerdynamic MMX 300",
    (const char*) u8"Beyerdynamic MMX 300 (Dekoni Choice leather earpads)",
    (const char*) u8"Beyerdynamic MMX100",
    (const char*) u8"Beyerdynamic MMX150",
    (const char*) u8"Beyerdynamic T1 (2nd Gen)",
    (const char*) u8"Beyerdynamic T1 (3rd Gen)",
    (const char*) u8"Beyerdynamic T5 (3rd Gen)",
    (const char*) u8"Beyerdynamic T70",
    (const char*) u8"Beyerdynamic TYGR 300",
    (const char*) u8"Bose Noise Cancelling Headphones 700",
    (const char*) u8"Bose QuietComfort 25",
    (const char*) u8"Bose QuietComfort 45",
    (const char*) u8"Bowers & Wilkins P5",
    (const char*) u8"Bowers & Wilkins Px7 S2",
    (const char*) u8"Bowers & Wilkins Px7 S2e",
    (const char*) u8"Bowers & Wilkins Px8",
    (const char*) u8"Cleer Next",
    (const char*) u8"Cooler Master MH752",
    (const char*) u8"Creative Aurvana Live!",
    (const char*) u8"Creative Aurvana Live! 2",
    (const char*) u8"Creative Sound Blasterx H6 (analog input)",
    (const char*) u8"Dali IO-4",
    (const char*) u8"Dali IO-6",
    (const char*) u8"Dan Clark Audio Aeon 2 Closed",
    (const char*) u8"Dan Clark Audio Aeon 2 Closed (perforated earpads)",
    (const char*) u8"Dan Clark Audio Aeon 2 Noire",
    (const char*) u8"Dan Clark Audio Aeon 2 Open",
    (const char*) u8"Dan Clark Audio Aeon Closed RT",
    (const char*) u8"Dan Clark Audio Aeon Flow Closed",
    (const char*) u8"Dan Clark Audio Aeon Open",
    (const char*) u8"Dan Clark Audio Aeon X Closed",
    (const char*) u8"Dan Clark Audio Aeon X Open",
    (const char*) u8"Dan Clark Audio E3",
    (const char*) u8"Dan Clark Audio EXPANSE",
    (const char*) u8"Dan Clark Audio Ether 2",
    (const char*) u8"Dan Clark Audio Ether C",
    (const char*) u8"Dan Clark Audio Ether C Flow",
    (const char*) u8"Dan Clark Audio Ether C Flow 1.1",
    (const char*) u8"Dan Clark Audio Ether CX",
    (const char*) u8"Dan Clark Audio Ether Flow",
    (const char*) u8"Dan Clark Audio Ether Flow 1.1",
    (const char*) u8"Dan Clark Audio Noire X",
    (const char*) u8"Dan Clark Audio Stealth",
    (const char*) u8"Denon AH-D5200",
    (const char*) u8"Denon AH-D7200",
    (const char*) u8"Denon AH-D9200",
    (const char*) u8"Dyson Zone",
    (const char*) u8"E-Mu Teak",
    (const char*) u8"ETA Mini Closed",
    (const char*) u8"ETA Mini Semi-Closed",
    (const char*) u8"ETA Mini Semi-Closed (with ring dampeners installed)",
    (const char*) u8"EarFun Wave",
    (const char*) u8"Emotiva Airmotiv GR1",
    (const char*) u8"Fairphone Fairbuds XL",
    (const char*) u8"FiiO FT1",
    (const char*) u8"FiiO FT1 Pro",
    (const char*) u8"FiiO FT3 (pleather earpads)",
    (const char*) u8"FiiO FT3 (suede earpads)",
    (const char*) u8"FiiO FT5 (pleather earpads)",
    (const char*) u8"FiiO FT5 (suede earpads)",
    (const char*) u8"Final Audio D8000 Pro Edition",
    (const char*) u8"Final Audio Sonorous IV (A-type earpads)",
    (const char*) u8"Final Audio UX3000 (Bluetooth, ANC on)",
    (const char*) u8"Focal Azurys",
    (const char*) u8"Focal Bathys",
    (const char*) u8"Focal Celestee",
    (const char*) u8"Focal Clear",
    (const char*) u8"Focal Clear Mg",
    (const char*) u8"Focal Elear",
    (const char*) u8"Focal Elegia",
    (const char*) u8"Focal Elex",
    (const char*) u8"Focal Hadenys",
    (const char*) u8"Focal Radiance",
    (const char*) u8"Focal Spirit Classic",
    (const char*) u8"Focal Stellia",
    (const char*) u8"Focal Utopia",
    (const char*) u8"Focal Utopia (Dekoni fenestrated Sheepskin Earpads)",
    (const char*) u8"Focal Utopia (Dekoni sheepskin Earpads)",
    (const char*) u8"Focal Utopia 2022",
    (const char*) u8"Focusrite HP60 (Scarlett Studio)",
    (const char*) u8"Fostex T-X0",
    (const char*) u8"Fostex T40RP Mk3",
    (const char*) u8"Fostex TH-X00 (ebony)",
    (const char*) u8"Fostex TH-X00 (mahogany)",
    (const char*) u8"Fostex TH-X00 (purpleheart)",
    (const char*) u8"Fostex TH500RP",
    (const char*) u8"Fostex TH610 (Dekoni fenestrated Sheepskin Earpads)",
    (const char*) u8"Fostex TH900mk2",
    (const char*) u8"Fostex TH900mk2 (anniversary tuning)",
    (const char*) u8"Fostex TH909",
    (const char*) u8"Gold Planar GL2000",
    (const char*) u8"Grado GW100",
    (const char*) u8"Grado Hemp",
    (const char*) u8"Grado SR325x",
    (const char*) u8"Grado SR60e",
    (const char*) u8"Grado SR60x",
    (const char*) u8"HEDD HEDDphone",
    (const char*) u8"HEDD Heddphone 2",
    (const char*) u8"HIFIMAN Ananda",
    (const char*) u8"HIFIMAN Ananda Nano",
    (const char*) u8"HIFIMAN Ananda Stealth",
    (const char*) u8"HIFIMAN Arya",
    (const char*) u8"HIFIMAN Arya Organic",
    (const char*) u8"HIFIMAN Arya Stealth Magnet Version",
    (const char*) u8"HIFIMAN Audivina",
    (const char*) u8"HIFIMAN Deva (wired)",
    (const char*) u8"HIFIMAN Deva (wireless)",
    (const char*) u8"HIFIMAN Deva Pro",
    (const char*) u8"HIFIMAN Edition S (closed back)",
    (const char*) u8"HIFIMAN Edition S (open back)",
    (const char*) u8"HIFIMAN Edition X",
    (const char*) u8"HIFIMAN Edition X V2",
    (const char*) u8"HIFIMAN Edition XS",
    (const char*) u8"HIFIMAN Edition XX",
    (const char*) u8"HIFIMAN HE-R9",
    (const char*) u8"HIFIMAN HE-X4",
    (const char*) u8"HIFIMAN HE1000 Stealth",
    (const char*) u8"HIFIMAN HE1000 V2",
    (const char*) u8"HIFIMAN HE1000se",
    (const char*) u8"HIFIMAN HE350",
    (const char*) u8"HIFIMAN HE35X",
    (const char*) u8"HIFIMAN HE400i (2016)",
    (const char*) u8"HIFIMAN HE400i (2020)",
    (const char*) u8"HIFIMAN HE400se",
    (const char*) u8"HIFIMAN HE4XX",
    (const char*) u8"HIFIMAN HE560",
    (const char*) u8"HIFIMAN HE5XX",
    (const char*) u8"HIFIMAN HE6",
    (const char*) u8"HIFIMAN HE6se",
    (const char*) u8"HIFIMAN HE6se V2",
    (const char*) u8"HIFIMAN Jade II",
    (const char*) u8"HIFIMAN Shangri-La",
    (const char*) u8"HIFIMAN Shangri-La Jr",
    (const char*) u8"HIFIMAN Sundara (Dekoni sheepskin Earpads)",
    (const char*) u8"HIFIMAN Sundara (post-2020 earpads)",
    (const char*) u8"HIFIMAN Sundara (pre-2020 earpads)",
    (const char*) u8"HIFIMAN Sundara Closed-Back",
    (const char*) u8"HarmonicDyne G200 (velour earpads)",
    (const char*) u8"HarmonicDyne Zeus",
    (const char*) u8"House of Marley Positive Vibration 2",
    (const char*) u8"HyperX Cloud Alpha",
    (const char*) u8"HyperX Cloud II",
    (const char*) u8"JBL Duet NC (ANC Off)",
    (const char*) u8"JBL Duet NC (ANC On)",
    (const char*) u8"JBL T450BT",
    (const char*) u8"Jabra Evolve 40",
    (const char*) u8"KLH Ultimate One",
    (const char*) u8"Kennerton Magister",
    (const char*) u8"Kingsound KS-H04",
    (const char*) u8"Koss ESP95X",
    (const char*) u8"Koss KPH30i",
    (const char*) u8"Koss KPH30i (Grado GS1000 earpads)",
    (const char*) u8"Koss KPH40",
    (const char*) u8"Koss KSC75",
    (const char*) u8"Koss KSC75X (Yaxi earpads)",
    (const char*) u8"Koss Porta Pro",
    (const char*) u8"Koss Porta Pro (Yaxi earpads)",
    (const char*) u8"Lindy HF-100",
    (const char*) u8"Lioncast X55",
    (const char*) u8"Logitech G433",
    (const char*) u8"Logitech G930",
    (const char*) u8"Mackie MC-250",
    (const char*) u8"Mark Levinson No 5909",
    (const char*) u8"Massdrop Panda",
    (const char*) u8"Master & Dynamic MH40",
    (const char*) u8"Meze 105 Aer",
    (const char*) u8"Meze 109 Pro",
    (const char*) u8"Meze 99 Classics",
    (const char*) u8"Meze 99 Classics (Brainwavz memory foam hybrid earpads)",
    (const char*) u8"Meze 99 Neo",
    (const char*) u8"Meze 99 Noir",
    (const char*) u8"Meze Elite (alcantara earpads)",
    (const char*) u8"Meze Elite (hybrid earpads)",
    (const char*) u8"Meze Empyrean (alcantara earpads)",
    (const char*) u8"Meze Empyrean (leather earpads)",
    (const char*) u8"Meze Empyrean 2 (Duo earpads)",
    (const char*) u8"Meze Liric",
    (const char*) u8"Meze Liric 2",
    (const char*) u8"Microsoft Surface Headphones",
    (const char*) u8"Modhouse Audio Tungsten (hybrid earpads)",
    (const char*) u8"Modhouse Audio Tungsten (perforated earpads)",
    (const char*) u8"Monoprice M1060",
    (const char*) u8"Monoprice M1570 (leather earpads)",
    (const char*) u8"Monoprice M1570 (velour earpads)",
    (const char*) u8"Monoprice M1570C (leather earpads)",
    (const char*) u8"Monoprice M1570C (velours earpads)",
    (const char*) u8"Monoprice M650",
    (const char*) u8"Monoprice Modern Retro",
    (const char*) u8"Monoprice Modern Retro (Dekoni elite hybrid earpads)",
    (const char*) u8"Moondrop Para",
    (const char*) u8"Moondrop Venus",
    (const char*) u8"NAD VISO HP50",
    (const char*) u8"Nectar Hive",
    (const char*) u8"Neumann NDH20",
    (const char*) u8"Neumann NDH30",
    (const char*) u8"OLLO S4R",
    (const char*) u8"OLLO S4R 1.1",
    (const char*) u8"ORA GrapheneQ",
    (const char*) u8"Onkyo A800",
    (const char*) u8"Oppo PM2",
    (const char*) u8"Oppo PM3",
    (const char*) u8"Oppo PM3 (Aliexpress earpads)",
    (const char*) u8"Oppo PM3 (Aliexpress leather earpads)",
    (const char*) u8"PSB M4U 8",
    (const char*) u8"Peerless MB PMB 85 Double Action",
    (const char*) u8"Philips Fidelio L2",
    (const char*) u8"Philips Fidelio M1",
    (const char*) u8"Philips Fidelio M2L",
    (const char*) u8"Philips Fidelio NC1",
    (const char*) u8"Philips Fidelio X2HR",
    (const char*) u8"Philips Fidelio X3",
    (const char*) u8"Philips SHP9500",
    (const char*) u8"Plantronics 325T",
    (const char*) u8"Ploopy Ploopy Headphones",
    (const char*) u8"QUAD Era-1",
    (const char*) u8"RAAL CA1a (open earpads)",
    (const char*) u8"RAAL SR1a",
    (const char*) u8"Ritmix RH-508",
    (const char*) u8"Rosson Audio Design RAD-0",
    (const char*) u8"RØDE NTH-100",
    (const char*) u8"Sash Tres 45 (closed back, leather earpads)",
    (const char*) u8"Sash Tres 45 (open back, leather earpads)",
    (const char*) u8"Sash Tres 45 (perforated leather earpads)",
    (const char*) u8"Sash Tres 45 (velour earpads)",
    (const char*) u8"Sendy Aiva",
    (const char*) u8"Sendy Peacock",
    (const char*) u8"Sennheiser ACCENTUM",
    (const char*) u8"Sennheiser ACCENTUM Plus",
    (const char*) u8"Sennheiser GAME ONE",
    (const char*) u8"Sennheiser HD 280 Pro",
    (const char*) u8"Sennheiser HD 4.50 BTNC",
    (const char*) u8"Sennheiser HD 450BT",
    (const char*) u8"Sennheiser HD 505",
    (const char*) u8"Sennheiser HD 515",
    (const char*) u8"Sennheiser HD 518",
    (const char*) u8"Sennheiser HD 540 reference-II",
    (const char*) u8"Sennheiser HD 550",
    (const char*) u8"Sennheiser HD 555",
    (const char*) u8"Sennheiser HD 559",
    (const char*) u8"Sennheiser HD 560S",
    (const char*) u8"Sennheiser HD 569",
    (const char*) u8"Sennheiser HD 580 precision",
    (const char*) u8"Sennheiser HD 58X",
    (const char*) u8"Sennheiser HD 58X (Brainwavz microsuede oval earpads)",
    (const char*) u8"Sennheiser HD 598",
    (const char*) u8"Sennheiser HD 598 CS",
    (const char*) u8"Sennheiser HD 599",
    (const char*) u8"Sennheiser HD 600",
    (const char*) u8"Sennheiser HD 620S",
    (const char*) u8"Sennheiser HD 630VB",
    (const char*) u8"Sennheiser HD 650",
    (const char*) u8"Sennheiser HD 660 S",
    (const char*) u8"Sennheiser HD 660S (Dekoni Fenestrated Sheepskin Earpads)",
    (const char*) u8"Sennheiser HD 660S2",
    (const char*) u8"Sennheiser HD 6XX",
    (const char*) u8"Sennheiser HD 700",
    (const char*) u8"Sennheiser HD 700 (Dekoni elite velours earpads)",
    (const char*) u8"Sennheiser HD 800",
    (const char*) u8"Sennheiser HD 800 (SDR mod)",
    (const char*) u8"Sennheiser HD 800 (SDR mod, Dekoni fenestrated sheepskin earpads)",
    (const char*) u8"Sennheiser HD 800 S",
    (const char*) u8"Sennheiser HD 800 S (Dekoni fenestrated sheepskin earpads)",
    (const char*) u8"Sennheiser HD 800 S (ZMF sheepskin earpads)",
    (const char*) u8"Sennheiser HD 820",
    (const char*) u8"Sennheiser HD 8XX",
    (const char*) u8"Sennheiser HD25-1 II",
    (const char*) u8"Sennheiser HD25-1 II (bad seal)",
    (const char*) u8"Sennheiser HD490 Pro (mixing earpads)",
    (const char*) u8"Sennheiser HD490 Pro (producing earpads)",
    (const char*) u8"Sennheiser HE 1 Orpheus 2",
    (const char*) u8"Sennheiser HE 90 Orpheus",
    (const char*) u8"Sennheiser Momentum 2.0 (wireless)",
    (const char*) u8"Sennheiser Momentum 3 Wireless",
    (const char*) u8"Sennheiser Momentum 4 Wireless",
    (const char*) u8"Sennheiser PC 373D",
    (const char*) u8"Sennheiser PC37X",
    (const char*) u8"Sennheiser PC38X",
    (const char*) u8"Sennheiser PC38X (velour earpads)",
    (const char*) u8"Sennheiser PX 100 II",
    (const char*) u8"Sennheiser PXC 550-II Wireless",
    (const char*) u8"Shure AONIC 50",
    (const char*) u8"Shure SRH1540",
    (const char*) u8"Shure SRH1840",
    (const char*) u8"Shure SRH440",
    (const char*) u8"Shure SRH440A",
    (const char*) u8"Shure SRH840",
    (const char*) u8"Shure SRH840A",
    (const char*) u8"Sivga Audio Phoenix",
    (const char*) u8"Sivga Audio Robin",
    (const char*) u8"Sivga Luan",
    (const char*) u8"Sivga Oriole",
    (const char*) u8"Skullcandy Grind Wireless",
    (const char*) u8"Sony MDR-1000X",
    (const char*) u8"Sony MDR-7506",
    (const char*) u8"Sony MDR-CD900ST",
    (const char*) u8"Sony MDR-F1",
    (const char*) u8"Sony MDR-MA900",
    (const char*) u8"Sony MDR-MV1",
    (const char*) u8"Sony MDR-R10",
    (const char*) u8"Sony MDR-Z1R",
    (const char*) u8"Sony MDR-Z7",
    (const char*) u8"Sony MDR-Z7M2",
    (const char*) u8"Sony MDR-ZX310",
    (const char*) u8"Sony PULSE 3D",
    (const char*) u8"Sony Pulse Elite",
    (const char*) u8"Sony WH-1000XM2",
    (const char*) u8"Sony WH-1000XM3",
    (const char*) u8"Sony WH-1000XM4",
    (const char*) u8"Sony WH-1000XM5",
    (const char*) u8"Sony WH-CH510",
    (const char*) u8"Sony WH-H900N",
    (const char*) u8"Status Audio BT One (wired)",
    (const char*) u8"Status Audio BT One (wireless)",
    (const char*) u8"Stax Lambda Nova Basic",
    (const char*) u8"Stax SR Lambda Pro Classic (bad seal)",
    (const char*) u8"Stax SR-007",
    (const char*) u8"Stax SR-007A v2.9",
    (const char*) u8"Stax SR-007A v2.9 (blu-tac mod)",
    (const char*) u8"Stax SR-009",
    (const char*) u8"Stax SR-009S",
    (const char*) u8"Stax SR-404",
    (const char*) u8"Stax SR-404 (with perfect seal)",
    (const char*) u8"Stax SR-404LE",
    (const char*) u8"Stax SR-404LE (with perfect seal)",
    (const char*) u8"Stax SR-5 Gold",
    (const char*) u8"Stax SR-L300 LTD",
    (const char*) u8"Stax SR-L300 LTD (L700 earpads)",
    (const char*) u8"Stax SR-L500",
    (const char*) u8"Stax SR-L500 (Vesper earpads)",
    (const char*) u8"Stax SR-L500 (blu-tac mod)",
    (const char*) u8"Stax SR-L700",
    (const char*) u8"Stax SR-L700 (blu-tac mod)",
    (const char*) u8"Stax SR-Lambda Pro",
    (const char*) u8"Stax SR-Lambda Pro Classic",
    (const char*) u8"Stax SR-X1",
    (const char*) u8"Stax SR-X9000",
    (const char*) u8"SteelSeries Arctis Nova Pro Wireless (Bluetooth, ANC off)",
    (const char*) u8"SteelSeries Arctis Nova Pro Wireless (Bluetooth, ANC on)",
    (const char*) u8"SteelSeries Arctis Nova Pro Wireless (wired)",
    (const char*) u8"Steven Slate Audio VSX (passive plugin inactive))",
    (const char*) u8"Superlux HD 651",
    (const char*) u8"Superlux HD 660",
    (const char*) u8"Superlux HD 660 Pro 150 Ohm",
    (const char*) u8"Superlux HD 662F",
    (const char*) u8"Superlux HD 662F (Brainwavz round XL pleather earpads)",
    (const char*) u8"Superlux HD 668B",
    (const char*) u8"Superlux HD 668B (velour earpads)",
    (const char*) u8"Superlux HD 681",
    (const char*) u8"Superlux HD 681 (velour earpads)",
    (const char*) u8"Superlux HD 681B (pleather earpads)",
    (const char*) u8"Superlux HD 681B (velour earpads)",
    (const char*) u8"Superlux Hd 681B (Brainwavz round hybrid earpads)",
    (const char*) u8"T+A Solitaire P",
    (const char*) u8"T+A Solitaire PSE",
    (const char*) u8"Takstar Pro 82",
    (const char*) u8"Teufel Real Z",
    (const char*) u8"ThieAudio ghost",
    (const char*) u8"Thinksound ov21",
    (const char*) u8"Ultrasone Tribute 7",
    (const char*) u8"V-MODA Crossfade LP2",
    (const char*) u8"V-MODA M-200",
    (const char*) u8"Valco VMK20",
    (const char*) u8"Verum One",
    (const char*) u8"Verum One (ZMF Ori earpads)",
    (const char*) u8"Verum One (leather earpads)",
    (const char*) u8"Warwick Acoustics Aperio",
    (const char*) u8"Warwick Acoustics Bravura",
    (const char*) u8"Warwick Acoustics Sonoma Model One",
    (const char*) u8"Yamaha HPH-200",
    (const char*) u8"Yamaha RH5Ma",
    (const char*) u8"Yamaha YH-5000SE",
    (const char*) u8"Yamaha YH-E700A (ANC on)",
    (const char*) u8"ZMF Atticus",
    (const char*) u8"ZMF Eikon (Protein earpads)",
    (const char*) u8"ZMF Verite",
    (const char*) u8"1MORE Quad Driver",
    (const char*) u8"1MORE Single Driver",
    (const char*) u8"1MORE Triple Driver LTNG",
    (const char*) u8"64 Audio A12t (m15 Apex module)",
    (const char*) u8"64 Audio A12t (m20 Apex module)",
    (const char*) u8"7Hz Salnotes Dioko",
    (const char*) u8"7Hz Salnotes Zero",
    (const char*) u8"7Hz Timeless",
    (const char*) u8"AKG K3003",
    (const char*) u8"AKG N20",
    (const char*) u8"AKG N400",
    (const char*) u8"AKG N5005",
    (const char*) u8"Akoustyx R-220",
    (const char*) u8"Amazon Echo Buds",
    (const char*) u8"Anker Soundcore Liberty 2 Pro",
    (const char*) u8"Anker Soundcore Liberty Air 2",
    (const char*) u8"Apple ME186 In-Ear Headphones",
    (const char*) u8"Audeze Euclid",
    (const char*) u8"Audeze iSINE 10",
    (const char*) u8"Audeze iSINE 20",
    (const char*) u8"Audio-Technica ATH-CKN50",
    (const char*) u8"AudioQuest NightHawk (Brainwavz HM5 hybrid earpads)",
    (const char*) u8"AudioQuest NightHawk (Shure SRH1540 alcantara earpads)",
    (const char*) u8"BGVP DMG",
    (const char*) u8"BGVP DMG (foam eartips)",
    (const char*) u8"BLON BL-01",
    (const char*) u8"BLON BL-03",
    (const char*) u8"Beats Powerbeats Pro",
    (const char*) u8"Beats Studio Buds",
    (const char*) u8"Beyerdynamic Blue Byrd",
    (const char*) u8"Beyerdynamic Xelento",
    (const char*) u8"Bose Q25 (ANC off)",
    (const char*) u8"Bose QuietComfort 20",
    (const char*) u8"Bose QuietComfort 20 (passive)",
    (const char*) u8"Bose SoundSport Free",
    (const char*) u8"Bose SoundSport Wireless",
    (const char*) u8"Bowers & Wilkins C5 Series 2",
    (const char*) u8"Brainwavz M5",
    (const char*) u8"Campfire Audio Andromeda",
    (const char*) u8"Campfire Audio Comet",
    (const char*) u8"Campfire Audio Dorado 2020",
    (const char*) u8"Campfire Audio Holocene",
    (const char*) u8"Campfire Audio Honeydew",
    (const char*) u8"Campfire Audio Polaris",
    (const char*) u8"Campfire Audio Vega (foam eartips)",
    (const char*) u8"Cosmic Ears CE6B",
    (const char*) u8"Creative Aurvana Ace",
    (const char*) u8"EarFun Free Pro (Oluv Edition)",
    (const char*) u8"Etymotic ER2SE",
    (const char*) u8"Etymotic ER2XR",
    (const char*) u8"Etymotic ER3SE",
    (const char*) u8"Etymotic ER3XR",
    (const char*) u8"Etymotic ER4SR",
    (const char*) u8"Etymotic ER4XR",
    (const char*) u8"Etymotic EVO",
    (const char*) u8"Etymotic hf5",
    (const char*) u8"FiiO F3",
    (const char*) u8"FiiO FA7",
    (const char*) u8"FiiO FA9",
    (const char*) u8"FiiO FH5",
    (const char*) u8"FiiO FH7S",
    (const char*) u8"Final Audio A8000",
    (const char*) u8"Final Audio Adagio III",
    (const char*) u8"Final Audio E1000",
    (const char*) u8"Final Audio E3000",
    (const char*) u8"Final Audio E4000",
    (const char*) u8"Final Audio E500",
    (const char*) u8"Final Audio E5000",
    (const char*) u8"Final Audio F3100",
    (const char*) u8"Final Audio Heaven IV",
    (const char*) u8"Final Audio Heaven V",
    (const char*) u8"Grado GT220",
    (const char*) u8"HIFIMAN RE600S",
    (const char*) u8"Hidition Viento (bass)",
    (const char*) u8"Huawei Freebuds 4i",
    (const char*) u8"Huawei Freebuds Pro 2",
    (const char*) u8"IKKO OH1",
    (const char*) u8"IKKO OH10",
    (const char*) u8"InEar ProPhile-8",
    (const char*) u8"JBL Free X",
    (const char*) u8"JBL T200A",
    (const char*) u8"JVC HA-FW01",
    (const char*) u8"JVC HA-FW10000",
    (const char*) u8"JVC HA-FW1800",
    (const char*) u8"JVC HA-FX7",
    (const char*) u8"Jabra Elite 7 Pro",
    (const char*) u8"Jabra Elite 75t",
    (const char*) u8"Jabra Evolve 75e",
    (const char*) u8"KZ ATE",
    (const char*) u8"KZ EDSE",
    (const char*) u8"KZ ES4",
    (const char*) u8"KZ ZS10",
    (const char*) u8"KZ ZSN Pro X",
    (const char*) u8"KZ ZST",
    (const char*) u8"Kiwi Ears Orchestra Lite",
    (const char*) u8"LZ Hi-Fi Audio Z05A",
    (const char*) u8"Light Harmonic Mera",
    (const char*) u8"Mackie MP-360",
    (const char*) u8"Massdrop Plus Universal IEM",
    (const char*) u8"Meze Rai Penta",
    (const char*) u8"Meze Rai Solo",
    (const char*) u8"Monoprice M350",
    (const char*) u8"Moondrop Aria",
    (const char*) u8"Moondrop Blessing",
    (const char*) u8"Moondrop Blessing 2",
    (const char*) u8"Moondrop Chu",
    (const char*) u8"Moondrop Crescent",
    (const char*) u8"Moondrop Quarks",
    (const char*) u8"Moondrop Quarks DSP",
    (const char*) u8"Moondrop Starfield",
    (const char*) u8"Moondrop Variations",
    (const char*) u8"Moondrop x Crinacle Blessing2 Dusk",
    (const char*) u8"NS Audio NS3",
    (const char*) u8"Noble Audio K10 CIEM",
    (const char*) u8"Noble Audio XM-1",
    (const char*) u8"NuForce EDC3",
    (const char*) u8"NuForce Stride",
    (const char*) u8"Oppo Enco X",
    (const char*) u8"Oppo Enco X2",
    (const char*) u8"Panasonic RP-HJE120",
    (const char*) u8"Periodic Audio Be",
    (const char*) u8"Periodic Audio Carbon",
    (const char*) u8"Philips SHE3855",
    (const char*) u8"Philips SHS8000",
    (const char*) u8"QKZ VK4",
    (const char*) u8"Qudelix Qx-over",
    (const char*) u8"Raptgo Hook-X",
    (const char*) u8"Rock Zircon",
    (const char*) u8"Samsung AKG EO-IG955",
    (const char*) u8"Samsung EO-IC500 ANC Type-C",
    (const char*) u8"Samsung Galaxy Buds",
    (const char*) u8"Samsung Galaxy Buds Pro",
    (const char*) u8"Samsung Galaxy Buds2",
    (const char*) u8"Samsung Galaxy Buds2 Pro",
    (const char*) u8"Sennheiser CX 2.00",
    (const char*) u8"Sennheiser CX 3.00",
    (const char*) u8"Sennheiser CX 400BT",
    (const char*) u8"Sennheiser IE 200",
    (const char*) u8"Sennheiser IE 4",
    (const char*) u8"Sennheiser IE 40 Pro",
    (const char*) u8"Sennheiser IE 400 Pro",
    (const char*) u8"Sennheiser IE 600",
    (const char*) u8"Sennheiser IE 80 S",
    (const char*) u8"Sennheiser IE 800",
    (const char*) u8"Sennheiser IE 800 S",
    (const char*) u8"Sennheiser IE 900",
    (const char*) u8"Sennheiser MOMENTUM True Wireless 4",
    (const char*) u8"Sennheiser Momentum In-Ear",
    (const char*) u8"Sennheiser Momentum True Wireless",
    (const char*) u8"Sennheiser Momentum True Wireless 2",
    (const char*) u8"Sennheiser Momentum True Wireless 3",
    (const char*) u8"Sennheiser OCX 685",
    (const char*) u8"Shuoer S12",
    (const char*) u8"Shuoer S12 Pro",
    (const char*) u8"Shuoer Tape",
    (const char*) u8"Shure KSE1200",
    (const char*) u8"Shure KSE1500",
    (const char*) u8"Shure SE112",
    (const char*) u8"Shure SE215",
    (const char*) u8"Shure SE535",
    (const char*) u8"Shure SE846",
    (const char*) u8"Shure SE846 (white)",
    (const char*) u8"Simgot Audio EW100P",
    (const char*) u8"Sony IER-M7",
    (const char*) u8"Sony IER-M9",
    (const char*) u8"Sony IER-Z1R",
    (const char*) u8"Sony MDR-7550",
    (const char*) u8"Sony MDR-EX10",
    (const char*) u8"Sony MDR-EX15LP",
    (const char*) u8"Sony MDR-XB50",
    (const char*) u8"Sony MDR-XB80BS",
    (const char*) u8"Sony MH1",
    (const char*) u8"Sony MH750",
    (const char*) u8"Sony MH755",
    (const char*) u8"Sony PULSE Explore",
    (const char*) u8"Sony WF-1000X",
    (const char*) u8"Sony WF-1000XM3",
    (const char*) u8"Sony WF-1000XM4",
    (const char*) u8"Sony WF-1000XM5",
    (const char*) u8"Sony WF-C500",
    (const char*) u8"Sony WF-XB700",
    (const char*) u8"Sony WI-1000X",
    (const char*) u8"Sony XBA-H3",
    (const char*) u8"Sony XBA-N1",
    (const char*) u8"Sony XBA-N3",
    (const char*) u8"SoundMAGIC E50C",
    (const char*) u8"Spiral Ear SE 5-Way Ultimate",
    (const char*) u8"Stax SR-003MK2",
    (const char*) u8"Stax SR-003MK2 (CES-A1)",
    (const char*) u8"TFZ T2 Galaxy",
    (const char*) u8"ThieAudio Monarch",
    (const char*) u8"Tin HiFi P1",
    (const char*) u8"Tin HiFi T2",
    (const char*) u8"Tin HiFi T2 (foam eartips)",
    (const char*) u8"Tin HiFi T2 (front vent mod)",
    (const char*) u8"Tin HiFi T2 Plus",
    (const char*) u8"Tin HiFi T3",
    (const char*) u8"Tripowin Olina",
    (const char*) u8"Truthear Gate",
    (const char*) u8"Truthear Hexa",
    (const char*) u8"Truthear Nova",
    (const char*) u8"Truthear x Crinacle Zero",
    (const char*) u8"Truthear x Crinacle Zero RED",
    (const char*) u8"Ultimate Ears Reference Monitor",
    (const char*) u8"V-MODA Zn",
    (const char*) u8"VSonic VS7",
    (const char*) u8"Vision Ears Elysium",
    (const char*) u8"Vision Ears Erlkönig",
    (const char*) u8"Vivo XE800",
    (const char*) u8"Westone UM3X",
    (const char*) u8"Westone W10",
    (const char*) u8"Xiaomi Mi ANC",
    (const char*) u8"Apple AirPods (1st generation)",
    (const char*) u8"Sony XEA20 Xperia Ear Duo",
};

// Category start indices
const int earwareOverEarStart = 0;
const int earwareInEarStart = 522;
const int earwareEarbudStart = 734;
const int earwareNumModels = 736;


const EarwareEqPreset* earwareGetPreset(int index)
{
    if (index < 0 || index >= earwareNumModels)
        return nullptr;

    const unsigned char* p = earwarePresetsBlob + index * 134;
    static EarwareEqPreset preset;

    float preamp;
    std::memcpy(&preamp, p, 4);
    preset.preampGain = preamp;
    p += 4;

    for (int i = 0; i < 10; ++i)
    {
        preset.filters[i].type = static_cast<EarwareFilterType>(p[0]); p += 1;
        std::memcpy(&preset.filters[i].freq, p, 4); p += 4;
        std::memcpy(&preset.filters[i].gain, p, 4); p += 4;
        std::memcpy(&preset.filters[i].q, p, 4); p += 4;
    }

    return &preset;
}

const char* earwareGetModelName(int index)
{
    if (index < 0 || index >= earwareNumModels)
        return nullptr;
    return earwareModelNames[index];
}

int earwareFindModel(const char* name)
{
    for (int i = 0; i < earwareNumModels; ++i)
    {
        if (std::strcmp(earwareModelNames[i], name) == 0)
            return i;
    }
    return -1;
}

static float biquadMagnitude(float freq, float sr, float b0, float b1, float b2, float a1, float a2)
{
    float w = 2.0f * 3.14159265358979323846f * freq / sr;
    float c = std::cos(w);
    float s = std::sin(w);

    float realNum = b0 + b1 * c + b2 * std::cos(2.0f * w);
    float imagNum = b1 * s + b2 * std::sin(2.0f * w);
    float realDen = 1.0f + a1 * c + a2 * std::cos(2.0f * w);
    float imagDen = a1 * s + a2 * std::sin(2.0f * w);

    float magSqNum = realNum * realNum + imagNum * imagNum;
    float magSqDen = realDen * realDen + imagDen * imagDen;

    if (magSqDen < 1e-12f) return 0.0f;
    return 10.0f * std::log10(magSqNum / magSqDen);
}

static void calcCoeffs(float sr, EarwareFilterType type, float freq, float gain, float q,
                       float& b0, float& b1, float& b2, float& a1, float& a2)
{
    float w0 = 2.0f * 3.14159265358979323846f * freq / sr;
    float alpha = std::sin(w0) / (2.0f * q);
    float A = std::pow(10.0f, gain / 40.0f);
    float cosW0 = std::cos(w0);

    switch (type)
    {
        case EarwareFilterPK:
        {
            b0 = 1.0f + alpha * A;
            b1 = -2.0f * cosW0;
            b2 = 1.0f - alpha * A;
            a1 = -2.0f * cosW0;
            a2 = 1.0f - alpha / A;
            float norm = 1.0f + alpha / A;
            b0 /= norm; b1 /= norm; b2 /= norm;
            a1 /= norm; a2 /= norm;
            break;
        }
        case EarwareFilterLSC:
        {
            float sqrtA = std::sqrt(A);
            b0 = A * ((A + 1.0f) - (A - 1.0f) * cosW0 + 2.0f * sqrtA * alpha);
            b1 = 2.0f * A * ((A - 1.0f) - (A + 1.0f) * cosW0);
            b2 = A * ((A + 1.0f) - (A - 1.0f) * cosW0 - 2.0f * sqrtA * alpha);
            a1 = -2.0f * ((A - 1.0f) + (A + 1.0f) * cosW0);
            a2 = (A + 1.0f) + (A - 1.0f) * cosW0 - 2.0f * sqrtA * alpha;
            float norm = (A + 1.0f) + (A - 1.0f) * cosW0 + 2.0f * sqrtA * alpha;
            b0 /= norm; b1 /= norm; b2 /= norm;
            a1 /= norm; a2 /= norm;
            break;
        }
        case EarwareFilterHSC:
        {
            float sqrtA = std::sqrt(A);
            b0 = A * ((A + 1.0f) + (A - 1.0f) * cosW0 + 2.0f * sqrtA * alpha);
            b1 = -2.0f * A * ((A - 1.0f) + (A + 1.0f) * cosW0);
            b2 = A * ((A + 1.0f) + (A - 1.0f) * cosW0 - 2.0f * sqrtA * alpha);
            a1 = 2.0f * ((A - 1.0f) - (A + 1.0f) * cosW0);
            a2 = (A + 1.0f) - (A - 1.0f) * cosW0 - 2.0f * sqrtA * alpha;
            float norm = (A + 1.0f) - (A - 1.0f) * cosW0 + 2.0f * sqrtA * alpha;
            b0 /= norm; b1 /= norm; b2 /= norm;
            a1 /= norm; a2 /= norm;
            break;
        }
    }
}

void earwareComputeCurve(int index, float* freqsOut, float* eqOut, int numPoints)
{
    const float sr = 48000.0f;
    const float minFreq = 20.0f;
    const float maxFreq = 20000.0f;

    auto* preset = earwareGetPreset(index);
    if (!preset)
    {
        for (int i = 0; i < numPoints; ++i)
            eqOut[i] = 0.0f;
        return;
    }

    for (int i = 0; i < numPoints; ++i)
    {
        float t = (float)i / (float)(numPoints - 1);
        float freq = minFreq * std::pow(maxFreq / minFreq, t);
        freqsOut[i] = freq;

        float sumDb = preset->preampGain;

        for (int f = 0; f < 10; ++f)
        {
            float b0, b1, b2, a1, a2;
            calcCoeffs(sr, preset->filters[f].type, preset->filters[f].freq,
                       preset->filters[f].gain, preset->filters[f].q,
                       b0, b1, b2, a1, a2);
            sumDb += biquadMagnitude(freq, sr, b0, b1, b2, a1, a2);
        }

        eqOut[i] = sumDb;
    }
}
